overall_time,state,accel_time,accel_x,accel_y,accel_z,orien_time,real,i,j,k,temp,new_accel,orien_cali_status
12866,0,13168,0.07657032459974289,-0.10887342691421509,9.856036186218262,0,0.0,0.0,0.0,0.0,19,1,-1
13168,0,13176,0.07657032459974289,-0.10887342691421509,9.856036186218262,13176,0.62451171875,-0.009033203125,-0.002685546875,0.78094482421875,19,1,0
13176,0,13177,0.07657032459974289,-0.10887342691421509,9.856036186218262,13176,0.62451171875,-0.009033203125,-0.002685546875,0.78094482421875,19,1,-1
13177,0,13178,0.07657032459974289,-0.10887342691421509,9.857233047485352,13178,0.62451171875,-0.009033203125,-0.002685546875,0.78094482421875,19,1,0
13178,0,13178,0.07657032459974289,-0.10887342691421509,9.857233047485352,13178,0.62451171875,-0.009033203125,-0.002685546875,0.78094482421875,19,0,-1
13179,0,13178,0.07657032459974289,-0.10887342691421509,9.857233047485352,13178,0.62451171875,-0.009033203125,-0.002685546875,0.78094482421875,19,0,-1
13179,0,13180,0.07657032459974289,-0.10887342691421509,9.857233047485352,13178,0.62451171875,-0.009033203125,-0.002685546875,0.78094482421875,19,1,-1
13180,0,13181,0.07657032459974289,-0.10767702013254166,9.857233047485352,13180,0.62451171875,-0.009033203125,-0.002685546875,0.78094482421875,19,1,0
13181,0,13181,0.07657032459974289,-0.10767702013254166,9.857233047485352,13180,0.62451171875,-0.009033203125,-0.002685546875,0.78094482421875,19,0,-1
13181,0,13182,0.07657032459974289,-0.10887342691421509,9.857233047485352,13180,0.62451171875,-0.009033203125,-0.002685546875,0.78094482421875,19,1,-1
13182,0,13182,0.07657032459974289,-0.10887342691421509,9.857233047485352,13180,0.62451171875,-0.009033203125,-0.002685546875,0.78094482421875,19,0,-1
13182,0,13182,0.07657032459974289,-0.10887342691421509,9.857233047485352,13180,0.62451171875,-0.009033203125,-0.002685546875,0.78094482421875,19,0,-1
13182,0,13183,0.07657032459974289,-0.10887342691421509,9.857233047485352,13180,0.62451171875,-0.009033203125,-0.002685546875,0.78094482421875,19,1,-1
13183,0,13185,0.07657032459974289,-0.10767702013254166,9.856036186218262,13184,0.62451171875,-0.009033203125,-0.002685546875,0.78094482421875,19,1,0
13185,0,13185,0.07657032459974289,-0.10767702013254166,9.857233047485352,13184,0.62451171875,-0.009033203125,-0.002685546875,0.78094482421875,19,1,-1
13185,0,13187,0.07657032459974289,-0.10767702013254166,9.856036186218262,13186,0.62451171875,-0.009033203125,-0.002685546875,0.78094482421875,19,1,0
13187,0,13187,0.07657032459974289,-0.10767702013254166,9.856036186218262,13186,0.62451171875,-0.009033203125,-0.002685546875,0.78094482421875,19,0,-1
13187,0,13188,0.07657032459974289,-0.10767702013254166,9.856036186218262,13186,0.62451171875,-0.009033203125,-0.002685546875,0.78094482421875,19,1,-1
13188,0,13190,0.07657032459974289,-0.10767702013254166,9.856036186218262,13189,0.62451171875,-0.00909423828125,-0.002685546875,0.78094482421875,19,1,0
13190,0,13190,0.07657032459974289,-0.10767702013254166,9.856036186218262,13189,0.62451171875,-0.00909423828125,-0.002685546875,0.78094482421875,19,1,-1
13190,0,13192,0.07657032459974289,-0.10767702013254166,9.856036186218262,13191,0.62451171875,-0.00909423828125,-0.002685546875,0.78094482421875,19,1,0
13192,0,13192,0.07657032459974289,-0.10767702013254166,9.856036186218262,13191,0.62451171875,-0.00909423828125,-0.002685546875,0.78094482421875,19,1,-1
13192,0,13192,0.07657032459974289,-0.10767702013254166,9.856036186218262,13191,0.62451171875,-0.00909423828125,-0.002685546875,0.78094482421875,19,0,-1
13193,0,13192,0.07657032459974289,-0.10767702013254166,9.856036186218262,13191,0.62451171875,-0.00909423828125,-0.002685546875,0.78094482421875,19,0,-1
13193,0,13193,0.07657032459974289,-0.10767702013254166,9.856036186218262,13191,0.62451171875,-0.00909423828125,-0.002685546875,0.78094482421875,19,1,-1
13193,0,13193,0.07657032459974289,-0.10767702013254166,9.856036186218262,13191,0.62451171875,-0.00909423828125,-0.002685546875,0.78094482421875,19,0,-1
13194,0,13193,0.07657032459974289,-0.10767702013254166,9.856036186218262,13191,0.62451171875,-0.00909423828125,-0.002685546875,0.78094482421875,19,0,-1
13194,0,13195,0.07776673883199692,-0.10767702013254166,9.856036186218262,13191,0.62451171875,-0.00909423828125,-0.002685546875,0.78094482421875,19,1,-1
13195,0,13195,0.07776673883199692,-0.10767702013254166,9.856036186218262,13191,0.62451171875,-0.00909423828125,-0.002685546875,0.78094482421875,19,0,-1
13195,0,13196,0.07776673883199692,-0.10767702013254166,9.856036186218262,13196,0.62451171875,-0.00909423828125,-0.002685546875,0.78094482421875,19,1,0
13196,0,13197,0.07657032459974289,-0.10767702013254166,9.856036186218262,13196,0.62451171875,-0.00909423828125,-0.002685546875,0.78094482421875,19,1,-1
13197,0,13198,0.07657032459974289,-0.10767702013254166,9.856036186218262,13198,0.62445068359375,-0.009033203125,-0.002685546875,0.781005859375,19,1,0
13198,0,13198,0.07657032459974289,-0.10767702013254166,9.856036186218262,13198,0.62445068359375,-0.009033203125,-0.002685546875,0.781005859375,19,0,-1
13199,0,13199,0.07657032459974289,-0.10767702013254166,9.854840278625488,13198,0.62445068359375,-0.009033203125,-0.002685546875,0.781005859375,19,1,-1
13199,0,13199,0.07657032459974289,-0.10767702013254166,9.854840278625488,13198,0.62445068359375,-0.009033203125,-0.002685546875,0.781005859375,19,0,-1
13200,0,13199,0.07657032459974289,-0.10767702013254166,9.854840278625488,13198,0.62445068359375,-0.009033203125,-0.002685546875,0.781005859375,19,0,-1
13200,0,13201,0.07657032459974289,-0.10767702013254166,9.854840278625488,13198,0.62445068359375,-0.009033203125,-0.002685546875,0.781005859375,19,1,-1
13201,0,13202,0.07657032459974289,-0.10767702013254166,9.854840278625488,13202,0.62445068359375,-0.009033203125,-0.00274658203125,0.781005859375,19,1,0
13202,0,13202,0.07657032459974289,-0.10767702013254166,9.854840278625488,13202,0.62445068359375,-0.009033203125,-0.00274658203125,0.781005859375,19,0,-1
13202,0,13203,0.07657032459974289,-0.10767702013254166,9.854840278625488,13202,0.62445068359375,-0.009033203125,-0.00274658203125,0.781005859375,19,1,-1
13203,0,13205,0.07657032459974289,-0.10767702013254166,9.856036186218262,13204,0.62445068359375,-0.00909423828125,-0.00274658203125,0.781005859375,19,1,0
13205,0,13205,0.07657032459974289,-0.10767702013254166,9.854840278625488,13204,0.62445068359375,-0.00909423828125,-0.00274658203125,0.781005859375,19,1,-1
13205,0,13207,0.07776673883199692,-0.10767702013254166,9.854840278625488,13206,0.62445068359375,-0.009033203125,-0.00274658203125,0.781005859375,19,1,0
13207,0,13207,0.07776673883199692,-0.10767702013254166,9.854840278625488,13206,0.62445068359375,-0.009033203125,-0.00274658203125,0.781005859375,19,1,-1
13207,0,13207,0.07776673883199692,-0.10767702013254166,9.854840278625488,13206,0.62445068359375,-0.009033203125,-0.00274658203125,0.781005859375,19,0,-1
13208,0,13209,0.07776673883199692,-0.10767702013254166,9.854840278625488,13209,0.62445068359375,-0.009033203125,-0.00274658203125,0.781005859375,19,1,0
13209,0,13209,0.07776673883199692,-0.10767702013254166,9.854840278625488,13209,0.62445068359375,-0.009033203125,-0.00274658203125,0.781005859375,19,0,-1
13209,0,13210,0.07776673883199692,-0.10887342691421509,9.854840278625488,13209,0.62445068359375,-0.009033203125,-0.00274658203125,0.781005859375,19,1,-1
13210,0,13211,0.07776673883199692,-0.10767702013254166,9.853643417358398,13211,0.62445068359375,-0.00909423828125,-0.00274658203125,0.781005859375,19,1,0
13211,0,13211,0.07776673883199692,-0.10767702013254166,9.853643417358398,13211,0.62445068359375,-0.00909423828125,-0.00274658203125,0.781005859375,19,0,-1
13212,0,13212,0.07776673883199692,-0.10767702013254166,9.854840278625488,13211,0.62445068359375,-0.00909423828125,-0.00274658203125,0.781005859375,19,1,-1
13212,0,13212,0.07776673883199692,-0.10767702013254166,9.854840278625488,13211,0.62445068359375,-0.00909423828125,-0.00274658203125,0.781005859375,19,0,-1
13213,0,13214,0.07776673883199692,-0.10887342691421509,9.854840278625488,13213,0.62445068359375,-0.009033203125,-0.00274658203125,0.781005859375,19,1,0
13214,0,13215,0.07776673883199692,-0.10887342691421509,9.854840278625488,13213,0.62445068359375,-0.009033203125,-0.00274658203125,0.781005859375,19,1,-1
13215,0,13215,0.07776673883199692,-0.10887342691421509,9.854840278625488,13213,0.62445068359375,-0.009033203125,-0.00274658203125,0.781005859375,19,0,-1
13215,0,13216,0.07776673883199692,-0.10767702013254166,9.854840278625488,13216,0.62445068359375,-0.009033203125,-0.00274658203125,0.781005859375,19,1,0
13216,0,13217,0.07776673883199692,-0.10767702013254166,9.854840278625488,13216,0.62445068359375,-0.009033203125,-0.00274658203125,0.781005859375,19,1,-1
13217,0,13217,0.07776673883199692,-0.10767702013254166,9.854840278625488,13216,0.62445068359375,-0.009033203125,-0.00274658203125,0.781005859375,19,0,-1
13217,0,13219,0.07776673883199692,-0.10767702013254166,9.854840278625488,13218,0.62445068359375,-0.00909423828125,-0.00274658203125,0.781005859375,19,1,0
13219,0,13219,0.07776673883199692,-0.10767702013254166,9.853643417358398,13218,0.62445068359375,-0.00909423828125,-0.00274658203125,0.781005859375,19,1,-1
13219,0,13219,0.07776673883199692,-0.10767702013254166,9.853643417358398,13218,0.62445068359375,-0.00909423828125,-0.00274658203125,0.781005859375,19,0,-1
13220,0,13219,0.07776673883199692,-0.10767702013254166,9.853643417358398,13218,0.62445068359375,-0.00909423828125,-0.00274658203125,0.781005859375,19,0,-1
13220,0,13220,0.07896314561367035,-0.10767702013254166,9.854840278625488,13218,0.62445068359375,-0.00909423828125,-0.00274658203125,0.781005859375,19,1,-1
13220,0,13222,0.07896314561367035,-0.10767702013254166,9.853643417358398,13221,0.62445068359375,-0.00909423828125,-0.00274658203125,0.781005859375,19,1,0
13222,0,13223,0.07776673883199692,-0.10767702013254166,9.853643417358398,13221,0.62445068359375,-0.00909423828125,-0.00274658203125,0.781005859375,19,1,-1
13223,0,13224,0.07776673883199692,-0.10767702013254166,9.853643417358398,13224,0.62445068359375,-0.00909423828125,-0.00274658203125,0.781005859375,19,1,0
13224,0,13224,0.07776673883199692,-0.10767702013254166,9.853643417358398,13224,0.62445068359375,-0.00909423828125,-0.00274658203125,0.781005859375,19,0,-1
13224,0,13225,0.07776673883199692,-0.10767702013254166,9.853643417358398,13224,0.62445068359375,-0.00909423828125,-0.00274658203125,0.781005859375,19,1,-1
13225,0,13226,0.07776673883199692,-0.10767702013254166,9.854840278625488,13226,0.62445068359375,-0.00909423828125,-0.00274658203125,0.781005859375,19,1,0
13226,0,13226,0.07776673883199692,-0.10767702013254166,9.854840278625488,13226,0.62445068359375,-0.00909423828125,-0.00274658203125,0.781005859375,19,0,-1
13227,0,13227,0.07776673883199692,-0.10767702013254166,9.853643417358398,13226,0.62445068359375,-0.00909423828125,-0.00274658203125,0.781005859375,19,1,-1
13227,0,13227,0.07776673883199692,-0.10767702013254166,9.853643417358398,13226,0.62445068359375,-0.00909423828125,-0.00274658203125,0.781005859375,19,0,-1
13228,0,13229,0.07657032459974289,-0.10767702013254166,9.853643417358398,13229,0.62445068359375,-0.00909423828125,-0.0028076171875,0.781005859375,19,1,0
13229,0,13230,0.07776673883199692,-0.10767702013254166,9.853643417358398,13229,0.62445068359375,-0.00909423828125,-0.0028076171875,0.781005859375,19,1,-1
13230,0,13230,0.07776673883199692,-0.10767702013254166,9.853643417358398,13229,0.62445068359375,-0.00909423828125,-0.0028076171875,0.781005859375,19,0,-1
13230,0,13231,0.07776673883199692,-0.10767702013254166,9.853643417358398,13231,0.62445068359375,-0.00909423828125,-0.0028076171875,0.781005859375,19,1,0
13231,0,13232,0.07776673883199692,-0.10767702013254166,9.853643417358398,13231,0.62445068359375,-0.00909423828125,-0.0028076171875,0.781005859375,19,1,-1
13232,0,13232,0.07776673883199692,-0.10767702013254166,9.853643417358398,13231,0.62445068359375,-0.00909423828125,-0.0028076171875,0.781005859375,19,0,-1
13232,0,13232,0.07776673883199692,-0.10767702013254166,9.853643417358398,13231,0.62445068359375,-0.00909423828125,-0.0028076171875,0.781005859375,19,0,-1
13233,0,13234,0.07776673883199692,-0.10767702013254166,9.853643417358398,13233,0.62445068359375,-0.00909423828125,-0.0028076171875,0.781005859375,19,1,0
13234,0,13234,0.07776673883199692,-0.10767702013254166,9.853643417358398,13233,0.62445068359375,-0.00909423828125,-0.0028076171875,0.781005859375,19,0,-1
13234,0,13234,0.07776673883199692,-0.10767702013254166,9.853643417358398,13233,0.62445068359375,-0.00909423828125,-0.0028076171875,0.781005859375,19,0,-1
13234,0,13234,0.07776673883199692,-0.10767702013254166,9.853643417358398,13233,0.62445068359375,-0.00909423828125,-0.0028076171875,0.781005859375,19,0,-1
13235,0,13235,0.07776673883199692,-0.10767702013254166,9.853643417358398,13233,0.62445068359375,-0.00909423828125,-0.0028076171875,0.781005859375,19,1,-1
13235,0,13235,0.07776673883199692,-0.10767702013254166,9.853643417358398,13233,0.62445068359375,-0.00909423828125,-0.0028076171875,0.781005859375,19,0,-1
13236,0,13235,0.07776673883199692,-0.10767702013254166,9.853643417358398,13233,0.62445068359375,-0.00909423828125,-0.0028076171875,0.781005859375,19,0,-1
13236,0,13237,0.07657032459974289,-0.10767702013254166,9.853643417358398,13233,0.62445068359375,-0.00909423828125,-0.0028076171875,0.781005859375,19,1,-1
13237,0,13238,0.07657032459974289,-0.10767702013254166,9.853643417358398,13237,0.62445068359375,-0.00909423828125,-0.0028076171875,0.781005859375,19,1,0
13238,0,13238,0.07657032459974289,-0.10767702013254166,9.853643417358398,13237,0.62445068359375,-0.00909423828125,-0.0028076171875,0.781005859375,19,0,-1
13238,0,13239,0.07776673883199692,-0.10767702013254166,9.853643417358398,13237,0.62445068359375,-0.00909423828125,-0.0028076171875,0.781005859375,19,1,-1
13239,0,13240,0.07657032459974289,-0.10767702013254166,9.853643417358398,13240,0.62445068359375,-0.00909423828125,-0.0028076171875,0.781005859375,19,1,0
13240,0,13242,0.07657032459974289,-0.10767702013254166,9.853643417358398,13241,0.62445068359375,-0.00909423828125,-0.0028076171875,0.781005859375,19,1,0
13242,0,13242,0.07657032459974289,-0.10767702013254166,9.853643417358398,13241,0.62445068359375,-0.00909423828125,-0.0028076171875,0.781005859375,19,0,-1
13242,0,13243,0.07657032459974289,-0.10648060590028763,9.853643417358398,13243,0.62445068359375,-0.00909423828125,-0.0028076171875,0.781005859375,19,1,0
13243,0,13243,0.07657032459974289,-0.10648060590028763,9.853643417358398,13243,0.62445068359375,-0.00909423828125,-0.0028076171875,0.781005859375,19,0,-1
13244,0,13243,0.07657032459974289,-0.10648060590028763,9.853643417358398,13243,0.62445068359375,-0.00909423828125,-0.0028076171875,0.781005859375,19,0,-1
13244,0,13243,0.07657032459974289,-0.10648060590028763,9.853643417358398,13243,0.62445068359375,-0.00909423828125,-0.0028076171875,0.781005859375,19,0,-1
13244,0,13245,0.07657032459974289,-0.10648060590028763,9.853643417358398,13243,0.62445068359375,-0.00909423828125,-0.0028076171875,0.781005859375,19,1,-1
13245,0,13245,0.07657032459974289,-0.10648060590028763,9.853643417358398,13243,0.62445068359375,-0.00909423828125,-0.0028076171875,0.781005859375,19,0,-1
13245,0,13247,0.07657032459974289,-0.1052841916680336,9.853643417358398,13246,0.62445068359375,-0.00909423828125,-0.0028076171875,0.781005859375,19,1,0
13247,0,13247,0.07657032459974289,-0.10648060590028763,9.853643417358398,13246,0.62445068359375,-0.00909423828125,-0.0028076171875,0.781005859375,19,1,-1
13247,0,13247,0.07657032459974289,-0.10648060590028763,9.853643417358398,13246,0.62445068359375,-0.00909423828125,-0.0028076171875,0.781005859375,19,0,-1
13247,0,13247,0.07657032459974289,-0.10648060590028763,9.853643417358398,13246,0.62445068359375,-0.00909423828125,-0.0028076171875,0.781005859375,19,0,-1
13248,0,13249,0.07657032459974289,-0.10648060590028763,9.853643417358398,13249,0.62445068359375,-0.00909423828125,-0.0028076171875,0.781005859375,19,1,0
13249,0,13249,0.07657032459974289,-0.10648060590028763,9.853643417358398,13249,0.62445068359375,-0.00909423828125,-0.0028076171875,0.781005859375,19,0,-1
13249,0,13249,0.07657032459974289,-0.10648060590028763,9.853643417358398,13249,0.62445068359375,-0.00909423828125,-0.0028076171875,0.781005859375,19,0,-1
13250,0,13251,0.07776673883199692,-0.1052841916680336,9.853643417358398,13251,0.62445068359375,-0.00909423828125,-0.0028076171875,0.781005859375,19,1,0
13251,0,13252,0.07776673883199692,-0.1052841916680336,9.853643417358398,13251,0.62445068359375,-0.00909423828125,-0.0028076171875,0.781005859375,19,1,-1
13252,0,13252,0.07776673883199692,-0.1052841916680336,9.853643417358398,13251,0.62445068359375,-0.00909423828125,-0.0028076171875,0.781005859375,19,0,-1
13252,0,13252,0.07776673883199692,-0.1052841916680336,9.853643417358398,13251,0.62445068359375,-0.00909423828125,-0.0028076171875,0.781005859375,19,0,-1
13252,0,13253,0.07776673883199692,-0.1052841916680336,9.853643417358398,13251,0.62445068359375,-0.00909423828125,-0.0028076171875,0.781005859375,19,1,-1
13253,0,13254,0.07776673883199692,-0.1052841916680336,9.853643417358398,13254,0.62445068359375,-0.0091552734375,-0.00286865234375,0.781005859375,19,1,0
13254,0,13254,0.07776673883199692,-0.1052841916680336,9.853643417358398,13254,0.62445068359375,-0.0091552734375,-0.00286865234375,0.781005859375,19,0,-1
13255,0,13255,0.07776673883199692,-0.1052841916680336,9.853643417358398,13254,0.62445068359375,-0.0091552734375,-0.00286865234375,0.781005859375,19,1,-1
13255,0,13255,0.07776673883199692,-0.1052841916680336,9.853643417358398,13254,0.62445068359375,-0.0091552734375,-0.00286865234375,0.781005859375,19,0,-1
13256,0,13255,0.07776673883199692,-0.1052841916680336,9.853643417358398,13254,0.62445068359375,-0.0091552734375,-0.00286865234375,0.781005859375,19,0,-1
13256,0,13257,0.07776673883199692,-0.1052841916680336,9.853643417358398,13254,0.62445068359375,-0.0091552734375,-0.00286865234375,0.781005859375,19,1,-1
13257,0,13257,0.07776673883199692,-0.1052841916680336,9.853643417358398,13254,0.62445068359375,-0.0091552734375,-0.00286865234375,0.781005859375,19,0,-1
13257,0,13257,0.07776673883199692,-0.1052841916680336,9.853643417358398,13254,0.62445068359375,-0.0091552734375,-0.00286865234375,0.781005859375,19,0,-1
13257,0,13258,0.07776673883199692,-0.1052841916680336,9.853643417358398,13258,0.62445068359375,-0.0091552734375,-0.00286865234375,0.781005859375,19,1,0
13258,0,13258,0.07776673883199692,-0.1052841916680336,9.853643417358398,13258,0.62445068359375,-0.0091552734375,-0.00286865234375,0.781005859375,19,0,-1
13259,0,13260,0.07776673883199692,-0.1052841916680336,9.853643417358398,13260,0.62445068359375,-0.00909423828125,-0.00286865234375,0.781005859375,19,1,0
13260,0,13260,0.07776673883199692,-0.1052841916680336,9.853643417358398,13260,0.62445068359375,-0.00909423828125,-0.00286865234375,0.781005859375,19,0,-1
13260,0,13261,0.07776673883199692,-0.10648060590028763,9.853643417358398,13260,0.62445068359375,-0.00909423828125,-0.00286865234375,0.781005859375,19,1,-1
13261,0,13261,0.07776673883199692,-0.10648060590028763,9.853643417358398,13260,0.62445068359375,-0.00909423828125,-0.00286865234375,0.781005859375,19,0,-1
13261,0,13261,0.07776673883199692,-0.10648060590028763,9.853643417358398,13260,0.62445068359375,-0.00909423828125,-0.00286865234375,0.781005859375,19,0,-1
13262,0,13263,0.07776673883199692,-0.10648060590028763,9.853643417358398,13262,0.62445068359375,-0.00909423828125,-0.00286865234375,0.781005859375,19,1,0
13263,0,13264,0.07657032459974289,-0.10648060590028763,9.853643417358398,13262,0.62445068359375,-0.00909423828125,-0.00286865234375,0.781005859375,19,1,-1
13264,0,13264,0.07657032459974289,-0.10648060590028763,9.853643417358398,13262,0.62445068359375,-0.00909423828125,-0.00286865234375,0.781005859375,19,0,-1
13264,0,13265,0.07657032459974289,-0.10648060590028763,9.853643417358398,13262,0.62445068359375,-0.00909423828125,-0.00286865234375,0.781005859375,19,1,-1
13265,0,13265,0.07657032459974289,-0.10648060590028763,9.853643417358398,13262,0.62445068359375,-0.00909423828125,-0.00286865234375,0.781005859375,19,0,-1
13265,0,13266,0.07657032459974289,-0.10648060590028763,9.853643417358398,13266,0.62445068359375,-0.00909423828125,-0.00286865234375,0.781005859375,19,1,0
13266,0,13268,0.07657032459974289,-0.10648060590028763,9.853643417358398,13267,0.62445068359375,-0.00909423828125,-0.00286865234375,0.781005859375,19,1,0
13268,0,13268,0.07657032459974289,-0.10648060590028763,9.853643417358398,13267,0.62445068359375,-0.00909423828125,-0.00286865234375,0.781005859375,19,1,-1
13268,0,13268,0.07657032459974289,-0.10648060590028763,9.853643417358398,13267,0.62445068359375,-0.00909423828125,-0.00286865234375,0.781005859375,19,0,-1
13269,0,13269,0.07657032459974289,-0.10648060590028763,9.853643417358398,13267,0.62445068359375,-0.00909423828125,-0.00286865234375,0.781005859375,19,1,-1
13269,0,13269,0.07657032459974289,-0.10648060590028763,9.853643417358398,13267,0.62445068359375,-0.00909423828125,-0.00286865234375,0.781005859375,19,0,-1
13269,0,13271,0.07657032459974289,-0.10648060590028763,9.853643417358398,13270,0.62445068359375,-0.00909423828125,-0.00286865234375,0.781005859375,19,1,0
13271,0,13271,0.07657032459974289,-0.10648060590028763,9.853643417358398,13270,0.62445068359375,-0.00909423828125,-0.00286865234375,0.781005859375,19,0,-1
13271,0,13272,0.07657032459974289,-0.10648060590028763,9.853643417358398,13270,0.62445068359375,-0.00909423828125,-0.00286865234375,0.781005859375,19,1,-1
13272,0,13272,0.07657032459974289,-0.10648060590028763,9.853643417358398,13270,0.62445068359375,-0.00909423828125,-0.00286865234375,0.781005859375,19,0,-1
13272,0,13273,0.07657032459974289,-0.10767702013254166,9.853643417358398,13270,0.62445068359375,-0.00909423828125,-0.00286865234375,0.781005859375,19,1,-1
13273,0,13274,0.07657032459974289,-0.10767702013254166,9.853643417358398,13274,0.62445068359375,-0.0091552734375,-0.00286865234375,0.781005859375,19,1,0
13274,0,13274,0.07657032459974289,-0.10767702013254166,9.853643417358398,13274,0.62445068359375,-0.0091552734375,-0.00286865234375,0.781005859375,19,0,-1
13274,0,13275,0.07657032459974289,-0.10767702013254166,9.853643417358398,13274,0.62445068359375,-0.0091552734375,-0.00286865234375,0.781005859375,19,1,-1
13275,0,13275,0.07657032459974289,-0.10767702013254166,9.853643417358398,13274,0.62445068359375,-0.0091552734375,-0.00286865234375,0.781005859375,19,0,-1
13275,0,13275,0.07657032459974289,-0.10767702013254166,9.853643417358398,13274,0.62445068359375,-0.0091552734375,-0.00286865234375,0.781005859375,19,0,-1
13276,0,13276,0.07657032459974289,-0.10767702013254166,9.853643417358398,13274,0.62445068359375,-0.0091552734375,-0.00286865234375,0.781005859375,19,1,-1
13276,0,13276,0.07657032459974289,-0.10767702013254166,9.853643417358398,13274,0.62445068359375,-0.0091552734375,-0.00286865234375,0.781005859375,19,0,-1
13277,0,13276,0.07657032459974289,-0.10767702013254166,9.853643417358398,13274,0.62445068359375,-0.0091552734375,-0.00286865234375,0.781005859375,19,0,-1
13277,0,13277,0.07657032459974289,-0.10767702013254166,9.853643417358398,13274,0.62445068359375,-0.0091552734375,-0.00286865234375,0.781005859375,19,1,-1
13277,0,13279,0.07657032459974289,-0.10767702013254166,9.853643417358398,13278,0.62445068359375,-0.0091552734375,-0.0029296875,0.781005859375,19,1,0
13279,0,13279,0.07657032459974289,-0.10767702013254166,9.853643417358398,13278,0.62445068359375,-0.0091552734375,-0.0029296875,0.781005859375,19,0,-1
13279,0,13280,0.07657032459974289,-0.10767702013254166,9.853643417358398,13278,0.62445068359375,-0.0091552734375,-0.0029296875,0.781005859375,19,1,-1
13280,0,13280,0.07657032459974289,-0.10767702013254166,9.853643417358398,13278,0.62445068359375,-0.0091552734375,-0.0029296875,0.781005859375,19,0,-1
13280,0,13280,0.07657032459974289,-0.10767702013254166,9.853643417358398,13278,0.62445068359375,-0.0091552734375,-0.0029296875,0.781005859375,19,0,-1
13280,0,13281,0.07657032459974289,-0.10648060590028763,9.853643417358398,13278,0.62445068359375,-0.0091552734375,-0.0029296875,0.781005859375,19,1,-1
13281,0,13282,0.07657032459974289,-0.10648060590028763,9.853643417358398,13282,0.62445068359375,-0.0091552734375,-0.0029296875,0.781005859375,19,1,0
13282,0,13282,0.07657032459974289,-0.10648060590028763,9.853643417358398,13282,0.62445068359375,-0.0091552734375,-0.0029296875,0.781005859375,19,0,-1
13283,0,13283,0.07657032459974289,-0.10648060590028763,9.853643417358398,13282,0.62445068359375,-0.0091552734375,-0.0029296875,0.781005859375,19,1,-1
13283,0,13283,0.07657032459974289,-0.10648060590028763,9.853643417358398,13282,0.62445068359375,-0.0091552734375,-0.0029296875,0.781005859375,19,0,-1
13284,0,13283,0.07657032459974289,-0.10648060590028763,9.853643417358398,13282,0.62445068359375,-0.0091552734375,-0.0029296875,0.781005859375,19,0,-1
13284,0,13284,0.07657032459974289,-0.10648060590028763,9.853643417358398,13282,0.62445068359375,-0.0091552734375,-0.0029296875,0.781005859375,19,1,-1
13284,0,13286,0.07657032459974289,-0.10648060590028763,9.853643417358398,13285,0.62445068359375,-0.0091552734375,-0.0029296875,0.781005859375,19,1,0
13286,0,13287,0.07657032459974289,-0.10648060590028763,9.853643417358398,13287,0.62445068359375,-0.0091552734375,-0.0029296875,0.781005859375,19,1,0
13287,0,13288,0.07657032459974289,-0.10648060590028763,9.853643417358398,13287,0.62445068359375,-0.0091552734375,-0.0029296875,0.781005859375,19,1,-1
13288,0,13288,0.07657032459974289,-0.10648060590028763,9.853643417358398,13287,0.62445068359375,-0.0091552734375,-0.0029296875,0.781005859375,19,0,-1
13288,0,13288,0.07657032459974289,-0.10648060590028763,9.853643417358398,13287,0.62445068359375,-0.0091552734375,-0.0029296875,0.781005859375,19,0,-1
13288,0,13289,0.07657032459974289,-0.10767702013254166,9.853643417358398,13287,0.62445068359375,-0.0091552734375,-0.0029296875,0.781005859375,19,1,-1
13289,0,13290,0.07657032459974289,-0.10767702013254166,9.852446556091309,13290,0.62445068359375,-0.0091552734375,-0.0029296875,0.781005859375,19,1,0
13290,0,13290,0.07657032459974289,-0.10767702013254166,9.852446556091309,13290,0.62445068359375,-0.0091552734375,-0.0029296875,0.781005859375,19,0,-1
13291,0,13291,0.07657032459974289,-0.10767702013254166,9.853643417358398,13290,0.62445068359375,-0.0091552734375,-0.0029296875,0.781005859375,19,1,-1
13291,0,13293,0.07657032459974289,-0.10767702013254166,9.852446556091309,13292,0.62445068359375,-0.00921630859375,-0.0029296875,0.781005859375,19,1,0
13293,0,13293,0.07657032459974289,-0.10767702013254166,9.852446556091309,13292,0.62445068359375,-0.00921630859375,-0.0029296875,0.781005859375,19,0,-1
13293,0,13293,0.07657032459974289,-0.10767702013254166,9.852446556091309,13292,0.62445068359375,-0.00921630859375,-0.0029296875,0.781005859375,19,0,-1
13293,0,13294,0.07657032459974289,-0.10648060590028763,9.852446556091309,13292,0.62445068359375,-0.00921630859375,-0.0029296875,0.781005859375,19,1,-1
13294,0,13295,0.07657032459974289,-0.10648060590028763,9.852446556091309,13295,0.62445068359375,-0.00921630859375,-0.0029296875,0.781005859375,19,1,0
13295,0,13295,0.07657032459974289,-0.10648060590028763,9.852446556091309,13295,0.62445068359375,-0.00921630859375,-0.0029296875,0.781005859375,19,0,-1
13296,0,13296,0.07657032459974289,-0.10648060590028763,9.852446556091309,13295,0.62445068359375,-0.00921630859375,-0.0029296875,0.781005859375,19,1,-1
13296,0,13296,0.07657032459974289,-0.10648060590028763,9.852446556091309,13295,0.62445068359375,-0.00921630859375,-0.0029296875,0.781005859375,19,0,-1
13296,0,13296,0.07657032459974289,-0.10648060590028763,9.852446556091309,13295,0.62445068359375,-0.00921630859375,-0.0029296875,0.781005859375,19,0,-1
13297,0,13297,0.07657032459974289,-0.10648060590028763,9.852446556091309,13295,0.62445068359375,-0.00921630859375,-0.0029296875,0.781005859375,19,1,-1
13297,0,13299,0.07657032459974289,-0.10648060590028763,9.852446556091309,13299,0.62445068359375,-0.00921630859375,-0.0029296875,0.781005859375,19,1,0
13299,0,13299,0.07657032459974289,-0.10648060590028763,9.852446556091309,13299,0.62445068359375,-0.00921630859375,-0.0029296875,0.781005859375,19,0,-1
13300,0,13299,0.07657032459974289,-0.10648060590028763,9.852446556091309,13299,0.62445068359375,-0.00921630859375,-0.0029296875,0.781005859375,19,0,-1
13300,0,13299,0.07657032459974289,-0.10648060590028763,9.852446556091309,13299,0.62445068359375,-0.00921630859375,-0.0029296875,0.781005859375,19,0,-1
13300,0,13302,0.07657032459974289,-0.10648060590028763,9.852446556091309,13301,0.62445068359375,-0.00921630859375,-0.0029296875,0.781005859375,19,1,0
13302,0,13302,0.07657032459974289,-0.1052841916680336,9.852446556091309,13301,0.62445068359375,-0.00921630859375,-0.0029296875,0.781005859375,19,1,-1
13302,0,13302,0.07657032459974289,-0.1052841916680336,9.852446556091309,13301,0.62445068359375,-0.00921630859375,-0.0029296875,0.781005859375,19,0,-1
13302,0,13303,0.07537391036748886,-0.10648060590028763,9.853643417358398,13301,0.62445068359375,-0.00921630859375,-0.0029296875,0.781005859375,19,1,-1
13303,0,13303,0.07537391036748886,-0.10648060590028763,9.853643417358398,13301,0.62445068359375,-0.00921630859375,-0.0029296875,0.781005859375,19,0,-1
13303,0,13303,0.07537391036748886,-0.10648060590028763,9.853643417358398,13301,0.62445068359375,-0.00921630859375,-0.0029296875,0.781005859375,19,0,-1
13304,0,13305,0.07657032459974289,-0.10648060590028763,9.852446556091309,13305,0.62445068359375,-0.00921630859375,-0.0029296875,0.781005859375,19,1,0
13305,0,13306,0.07657032459974289,-0.10648060590028763,9.853643417358398,13306,0.62445068359375,-0.00921630859375,-0.0029296875,0.781005859375,19,1,0
13306,0,13306,0.07657032459974289,-0.10648060590028763,9.853643417358398,13306,0.62445068359375,-0.00921630859375,-0.0029296875,0.781005859375,19,0,-1
13307,0,13306,0.07657032459974289,-0.10648060590028763,9.853643417358398,13306,0.62445068359375,-0.00921630859375,-0.0029296875,0.781005859375,19,0,-1
13307,0,13306,0.07657032459974289,-0.10648060590028763,9.853643417358398,13306,0.62445068359375,-0.00921630859375,-0.0029296875,0.781005859375,19,0,-1
13307,0,13308,0.07657032459974289,-0.10648060590028763,9.853643417358398,13306,0.62445068359375,-0.00921630859375,-0.0029296875,0.781005859375,19,1,-1
13308,0,13309,0.07657032459974289,-0.10648060590028763,9.853643417358398,13309,0.62445068359375,-0.00921630859375,-0.00299072265625,0.781005859375,19,1,0
13309,0,13310,0.07657032459974289,-0.10648060590028763,9.853643417358398,13309,0.62445068359375,-0.00921630859375,-0.00299072265625,0.781005859375,19,1,-1
13310,0,13310,0.07657032459974289,-0.10648060590028763,9.853643417358398,13309,0.62445068359375,-0.00921630859375,-0.00299072265625,0.781005859375,19,0,-1
13310,0,13310,0.07657032459974289,-0.10648060590028763,9.853643417358398,13309,0.62445068359375,-0.00921630859375,-0.00299072265625,0.781005859375,19,0,-1
13311,0,13311,0.07657032459974289,-0.10648060590028763,9.853643417358398,13309,0.62445068359375,-0.00921630859375,-0.00299072265625,0.781005859375,19,1,-1
13311,0,13313,0.07657032459974289,-0.10648060590028763,9.853643417358398,13312,0.62445068359375,-0.00921630859375,-0.00299072265625,0.781005859375,19,1,0
13313,0,13314,0.07657032459974289,-0.10648060590028763,9.853643417358398,13314,0.62445068359375,-0.00921630859375,-0.00299072265625,0.781005859375,19,1,0
13314,0,13315,0.07657032459974289,-0.10648060590028763,9.853643417358398,13314,0.62445068359375,-0.00921630859375,-0.00299072265625,0.781005859375,19,1,-1
13315,0,13315,0.07657032459974289,-0.10648060590028763,9.853643417358398,13314,0.62445068359375,-0.00921630859375,-0.00299072265625,0.781005859375,19,0,-1
13315,0,13315,0.07657032459974289,-0.10648060590028763,9.853643417358398,13314,0.62445068359375,-0.00921630859375,-0.00299072265625,0.781005859375,19,0,-1
13315,0,13316,0.07657032459974289,-0.10648060590028763,9.853643417358398,13314,0.62445068359375,-0.00921630859375,-0.00299072265625,0.781005859375,19,1,-1
13316,0,13316,0.07657032459974289,-0.10648060590028763,9.853643417358398,13314,0.62445068359375,-0.00921630859375,-0.00299072265625,0.781005859375,19,0,-1
13316,0,13316,0.07657032459974289,-0.10648060590028763,9.853643417358398,13314,0.62445068359375,-0.00921630859375,-0.00299072265625,0.781005859375,19,0,-1
13316,0,13317,0.07657032459974289,-0.10648060590028763,9.852446556091309,13314,0.62445068359375,-0.00921630859375,-0.00299072265625,0.781005859375,19,1,-1
13317,0,13318,0.07657032459974289,-0.10648060590028763,9.853643417358398,13318,0.62445068359375,-0.00921630859375,-0.00299072265625,0.781005859375,19,1,0
13318,0,13318,0.07657032459974289,-0.10648060590028763,9.853643417358398,13318,0.62445068359375,-0.00921630859375,-0.00299072265625,0.781005859375,19,0,-1
13319,0,13319,0.07776673883199692,-0.10648060590028763,9.853643417358398,13318,0.62445068359375,-0.00921630859375,-0.00299072265625,0.781005859375,19,1,-1
13319,0,13321,0.07896314561367035,-0.1052841916680336,9.853643417358398,13320,0.62445068359375,-0.00921630859375,-0.00299072265625,0.781005859375,19,1,0
13321,0,13322,0.07896314561367035,-0.1052841916680336,9.853643417358398,13322,0.62445068359375,-0.00921630859375,-0.00299072265625,0.781005859375,19,1,0
13322,0,13322,0.07896314561367035,-0.1052841916680336,9.853643417358398,13322,0.62445068359375,-0.00921630859375,-0.00299072265625,0.781005859375,19,0,-1
13322,0,13323,0.07776673883199692,-0.10648060590028763,9.853643417358398,13322,0.62445068359375,-0.00921630859375,-0.00299072265625,0.781005859375,19,1,-1
13323,0,13323,0.07776673883199692,-0.10648060590028763,9.853643417358398,13322,0.62445068359375,-0.00921630859375,-0.00299072265625,0.781005859375,19,0,-1
13323,0,13324,0.07776673883199692,-0.10648060590028763,9.852446556091309,13322,0.62445068359375,-0.00921630859375,-0.00299072265625,0.781005859375,19,1,-1
13324,0,13324,0.07776673883199692,-0.10648060590028763,9.852446556091309,13322,0.62445068359375,-0.00921630859375,-0.00299072265625,0.781005859375,19,0,-1
13324,0,13324,0.07776673883199692,-0.10648060590028763,9.852446556091309,13322,0.62445068359375,-0.00921630859375,-0.00299072265625,0.781005859375,19,0,-1
13325,0,13326,0.07776673883199692,-0.10648060590028763,9.852446556091309,13325,0.62445068359375,-0.00921630859375,-0.0030517578125,0.781005859375,19,1,0
13326,0,13327,0.07896314561367035,-0.1052841916680336,9.853643417358398,13325,0.62445068359375,-0.00921630859375,-0.0030517578125,0.781005859375,19,1,-1
13327,0,13327,0.07896314561367035,-0.1052841916680336,9.853643417358398,13325,0.62445068359375,-0.00921630859375,-0.0030517578125,0.781005859375,19,0,-1
13327,0,13328,0.07896314561367035,-0.1052841916680336,9.853643417358398,13325,0.62445068359375,-0.00921630859375,-0.0030517578125,0.781005859375,19,1,-1
13328,0,13329,0.07896314561367035,-0.1052841916680336,9.853643417358398,13328,0.62445068359375,-0.00921630859375,-0.0030517578125,0.781005859375,19,1,0
13329,0,13329,0.07896314561367035,-0.1052841916680336,9.853643417358398,13328,0.62445068359375,-0.00921630859375,-0.0030517578125,0.781005859375,19,0,-1
13329,0,13330,0.07776673883199692,-0.1052841916680336,9.853643417358398,13328,0.62445068359375,-0.00921630859375,-0.0030517578125,0.781005859375,19,1,-1
13330,0,13330,0.07776673883199692,-0.1052841916680336,9.853643417358398,13328,0.62445068359375,-0.00921630859375,-0.0030517578125,0.781005859375,19,0,-1
13330,0,13330,0.07776673883199692,-0.1052841916680336,9.853643417358398,13328,0.62445068359375,-0.00921630859375,-0.0030517578125,0.781005859375,19,0,-1
13330,0,13331,0.07896314561367035,-0.1052841916680336,9.853643417358398,13328,0.62445068359375,-0.00921630859375,-0.0030517578125,0.781005859375,19,1,-1
13331,0,13332,0.07896314561367035,-0.10648060590028763,9.853643417358398,13332,0.62445068359375,-0.00921630859375,-0.0030517578125,0.781005859375,19,1,0
13332,0,13334,0.07776673883199692,-0.10648060590028763,9.852446556091309,13333,0.62445068359375,-0.00921630859375,-0.0030517578125,0.781005859375,19,1,0
13334,0,13335,0.07896314561367035,-0.10648060590028763,9.853643417358398,13333,0.62445068359375,-0.00921630859375,-0.0030517578125,0.781005859375,19,1,-1
13335,0,13335,0.07896314561367035,-0.10648060590028763,9.853643417358398,13333,0.62445068359375,-0.00921630859375,-0.0030517578125,0.781005859375,19,0,-1
13335,0,13335,0.07896314561367035,-0.10648060590028763,9.853643417358398,13333,0.62445068359375,-0.00921630859375,-0.0030517578125,0.781005859375,19,0,-1
13335,0,13336,0.07896314561367035,-0.10648060590028763,9.853643417358398,13333,0.62445068359375,-0.00921630859375,-0.0030517578125,0.781005859375,19,1,-1
13336,0,13336,0.07896314561367035,-0.10648060590028763,9.853643417358398,13333,0.62445068359375,-0.00921630859375,-0.0030517578125,0.781005859375,19,0,-1
13336,0,13337,0.07896314561367035,-0.10648060590028763,9.853643417358398,13337,0.62445068359375,-0.00921630859375,-0.0030517578125,0.781005859375,19,1,0
13337,0,13338,0.07896314561367035,-0.1052841916680336,9.853643417358398,13337,0.62445068359375,-0.00921630859375,-0.0030517578125,0.781005859375,19,1,-1
13338,0,13338,0.07896314561367035,-0.1052841916680336,9.853643417358398,13337,0.62445068359375,-0.00921630859375,-0.0030517578125,0.781005859375,19,0,-1
13338,0,13338,0.07896314561367035,-0.1052841916680336,9.853643417358398,13337,0.62445068359375,-0.00921630859375,-0.0030517578125,0.781005859375,19,0,-1
13339,0,13339,0.07896314561367035,-0.1052841916680336,9.852446556091309,13337,0.62445068359375,-0.00921630859375,-0.0030517578125,0.781005859375,19,1,-1
13339,0,13341,0.07896314561367035,-0.1052841916680336,9.852446556091309,13340,0.62445068359375,-0.00921630859375,-0.0030517578125,0.781005859375,19,1,0
13341,0,13341,0.07896314561367035,-0.1052841916680336,9.852446556091309,13340,0.62445068359375,-0.00921630859375,-0.0030517578125,0.781005859375,19,0,-1
13341,0,13342,0.07896314561367035,-0.10648060590028763,9.852446556091309,13342,0.62445068359375,-0.00921630859375,-0.0030517578125,0.781005859375,19,1,0
13342,0,13343,0.07896314561367035,-0.1052841916680336,9.852446556091309,13342,0.62445068359375,-0.00921630859375,-0.0030517578125,0.781005859375,19,1,-1
13343,0,13343,0.07896314561367035,-0.1052841916680336,9.852446556091309,13342,0.62445068359375,-0.00921630859375,-0.0030517578125,0.781005859375,19,0,-1
13343,0,13344,0.07896314561367035,-0.10648060590028763,9.852446556091309,13342,0.62445068359375,-0.00921630859375,-0.0030517578125,0.781005859375,19,1,-1
13344,0,13345,0.07896314561367035,-0.10648060590028763,9.852446556091309,13345,0.62445068359375,-0.00921630859375,-0.0030517578125,0.781005859375,19,1,0
13345,0,13345,0.07896314561367035,-0.10648060590028763,9.852446556091309,13345,0.62445068359375,-0.00921630859375,-0.0030517578125,0.781005859375,19,0,-1
13346,0,13345,0.07896314561367035,-0.10648060590028763,9.852446556091309,13345,0.62445068359375,-0.00921630859375,-0.0030517578125,0.781005859375,19,0,-1
13346,0,13346,0.07896314561367035,-0.10648060590028763,9.853643417358398,13345,0.62445068359375,-0.00921630859375,-0.0030517578125,0.781005859375,19,1,-1
13346,0,13346,0.07896314561367035,-0.10648060590028763,9.853643417358398,13345,0.62445068359375,-0.00921630859375,-0.0030517578125,0.781005859375,19,0,-1
13347,0,13346,0.07896314561367035,-0.10648060590028763,9.853643417358398,13345,0.62445068359375,-0.00921630859375,-0.0030517578125,0.781005859375,19,0,-1
13347,0,13348,0.07896314561367035,-0.10648060590028763,9.852446556091309,13348,0.62445068359375,-0.00921630859375,-0.0030517578125,0.781005859375,19,1,0
13348,0,13350,0.07896314561367035,-0.10648060590028763,9.852446556091309,13349,0.62445068359375,-0.00927734375,-0.0030517578125,0.781005859375,19,1,0
13350,0,13350,0.07896314561367035,-0.10648060590028763,9.852446556091309,13349,0.62445068359375,-0.00927734375,-0.0030517578125,0.781005859375,19,0,-1
13350,0,13350,0.07896314561367035,-0.10648060590028763,9.852446556091309,13349,0.62445068359375,-0.00927734375,-0.0030517578125,0.781005859375,19,0,-1
13350,0,13351,0.07896314561367035,-0.10767702013254166,9.852446556091309,13349,0.62445068359375,-0.00927734375,-0.0030517578125,0.781005859375,19,1,-1
13351,0,13351,0.07896314561367035,-0.10767702013254166,9.852446556091309,13349,0.62445068359375,-0.00927734375,-0.0030517578125,0.781005859375,19,0,-1
13351,0,13353,0.08015955239534378,-0.10767702013254166,9.852446556091309,13352,0.62445068359375,-0.00927734375,-0.0030517578125,0.781005859375,19,1,0
13353,0,13353,0.08015955239534378,-0.10767702013254166,9.852446556091309,13352,0.62445068359375,-0.00927734375,-0.0030517578125,0.781005859375,19,1,-1
13353,0,13355,0.08015955239534378,-0.10648060590028763,9.852446556091309,13354,0.62445068359375,-0.00927734375,-0.0030517578125,0.781005859375,19,1,0
13355,0,13355,0.08015955239534378,-0.10648060590028763,9.852446556091309,13354,0.62445068359375,-0.00927734375,-0.0030517578125,0.781005859375,19,0,-1
13355,0,13356,0.08015955239534378,-0.10648060590028763,9.852446556091309,13354,0.62445068359375,-0.00927734375,-0.0030517578125,0.781005859375,19,1,-1
13356,0,13356,0.08015955239534378,-0.10648060590028763,9.852446556091309,13354,0.62445068359375,-0.00927734375,-0.0030517578125,0.781005859375,19,0,-1
13356,0,13356,0.08015955239534378,-0.10648060590028763,9.852446556091309,13354,0.62445068359375,-0.00927734375,-0.0030517578125,0.781005859375,19,0,-1
13356,0,13358,0.08015955239534378,-0.10648060590028763,9.852446556091309,13357,0.62445068359375,-0.00927734375,-0.0030517578125,0.781005859375,19,1,0
13358,0,13358,0.08015955239534378,-0.10648060590028763,9.852446556091309,13357,0.62445068359375,-0.00927734375,-0.0030517578125,0.781005859375,19,1,-1
13358,0,13358,0.08015955239534378,-0.10648060590028763,9.852446556091309,13357,0.62445068359375,-0.00927734375,-0.0030517578125,0.781005859375,19,0,-1
13358,0,13359,0.08015955239534378,-0.10648060590028763,9.852446556091309,13357,0.62445068359375,-0.00927734375,-0.0030517578125,0.781005859375,19,1,-1
13359,0,13360,0.08015955239534378,-0.10648060590028763,9.852446556091309,13360,0.62445068359375,-0.00927734375,-0.0030517578125,0.781005859375,19,1,0
13360,0,13362,0.08015955239534378,-0.10648060590028763,9.852446556091309,13361,0.62445068359375,-0.00927734375,-0.0030517578125,0.781005859375,19,1,0
13362,0,13362,0.08015955239534378,-0.10648060590028763,9.852446556091309,13361,0.62445068359375,-0.00927734375,-0.0030517578125,0.781005859375,19,0,-1
13362,0,13363,0.08015955239534378,-0.10767702013254166,9.853643417358398,13361,0.62445068359375,-0.00927734375,-0.0030517578125,0.781005859375,19,1,-1
13363,0,13364,0.08015955239534378,-0.10767702013254166,9.852446556091309,13364,0.62445068359375,-0.00927734375,-0.00311279296875,0.781005859375,19,1,0
13364,0,13365,0.08015955239534378,-0.10767702013254166,9.852446556091309,13364,0.62445068359375,-0.00927734375,-0.00311279296875,0.781005859375,19,1,-1
13365,0,13365,0.08015955239534378,-0.10767702013254166,9.852446556091309,13364,0.62445068359375,-0.00927734375,-0.00311279296875,0.781005859375,19,0,-1
13365,0,13365,0.08015955239534378,-0.10767702013254166,9.852446556091309,13364,0.62445068359375,-0.00927734375,-0.00311279296875,0.781005859375,19,0,-1
13365,0,13366,0.0813559740781784,-0.10767702013254166,9.853643417358398,13364,0.62445068359375,-0.00927734375,-0.00311279296875,0.781005859375,19,1,-1
13366,0,13368,0.08015955239534378,-0.10648060590028763,9.853643417358398,13367,0.62445068359375,-0.00927734375,-0.00311279296875,0.781005859375,19,1,0
13368,0,13369,0.08015955239534378,-0.10767702013254166,9.853643417358398,13368,0.62445068359375,-0.00927734375,-0.00311279296875,0.781005859375,19,1,0
13369,0,13370,0.0813559740781784,-0.10767702013254166,9.853643417358398,13368,0.62445068359375,-0.00927734375,-0.00311279296875,0.781005859375,19,1,-1
13370,0,13370,0.0813559740781784,-0.10767702013254166,9.853643417358398,13368,0.62445068359375,-0.00927734375,-0.00311279296875,0.781005859375,19,0,-1
13370,0,13371,0.0813559740781784,-0.10648060590028763,9.853643417358398,13371,0.62445068359375,-0.00927734375,-0.00311279296875,0.781005859375,19,1,0
13371,0,13372,0.0813559740781784,-0.10767702013254166,9.853643417358398,13371,0.62445068359375,-0.00927734375,-0.00311279296875,0.781005859375,19,1,-1
13372,0,13372,0.0813559740781784,-0.10767702013254166,9.853643417358398,13371,0.62445068359375,-0.00927734375,-0.00311279296875,0.781005859375,19,0,-1
13372,0,13372,0.0813559740781784,-0.10767702013254166,9.853643417358398,13371,0.62445068359375,-0.00927734375,-0.00311279296875,0.781005859375,19,0,-1
13372,0,13373,0.0813559740781784,-0.10767702013254166,9.853643417358398,13371,0.62445068359375,-0.00927734375,-0.00311279296875,0.781005859375,19,1,-1
13373,0,13373,0.0813559740781784,-0.10767702013254166,9.853643417358398,13371,0.62445068359375,-0.00927734375,-0.00311279296875,0.781005859375,19,0,-1
13373,0,13373,0.0813559740781784,-0.10767702013254166,9.853643417358398,13371,0.62445068359375,-0.00927734375,-0.00311279296875,0.781005859375,19,0,-1
13374,0,13375,0.0813559740781784,-0.10767702013254166,9.853643417358398,13375,0.62445068359375,-0.00927734375,-0.00311279296875,0.781005859375,19,1,0
13375,0,13376,0.08015955239534378,-0.10767702013254166,9.853643417358398,13375,0.62445068359375,-0.00927734375,-0.00311279296875,0.781005859375,19,1,-1
13376,0,13376,0.08015955239534378,-0.10767702013254166,9.853643417358398,13375,0.62445068359375,-0.00927734375,-0.00311279296875,0.781005859375,19,0,-1
13376,0,13377,0.0813559740781784,-0.10767702013254166,9.853643417358398,13377,0.62445068359375,-0.00927734375,-0.00311279296875,0.781005859375,19,1,0
13377,0,13378,0.08015955239534378,-0.10767702013254166,9.852446556091309,13377,0.62445068359375,-0.00927734375,-0.00311279296875,0.781005859375,19,1,-1
13378,0,13378,0.08015955239534378,-0.10767702013254166,9.852446556091309,13377,0.62445068359375,-0.00927734375,-0.00311279296875,0.781005859375,19,0,-1
13378,0,13379,0.0813559740781784,-0.10767702013254166,9.852446556091309,13377,0.62445068359375,-0.00927734375,-0.00311279296875,0.781005859375,19,1,-1
13379,0,13379,0.0813559740781784,-0.10767702013254166,9.852446556091309,13377,0.62445068359375,-0.00927734375,-0.00311279296875,0.781005859375,19,0,-1
13379,0,13381,0.0813559740781784,-0.10767702013254166,9.852446556091309,13380,0.62445068359375,-0.00927734375,-0.00311279296875,0.781005859375,19,1,0
13381,0,13381,0.08015955239534378,-0.10767702013254166,9.853643417358398,13380,0.62445068359375,-0.00927734375,-0.00311279296875,0.781005859375,19,1,-1
13381,0,13381,0.08015955239534378,-0.10767702013254166,9.853643417358398,13380,0.62445068359375,-0.00927734375,-0.00311279296875,0.781005859375,19,0,-1
13382,0,13381,0.08015955239534378,-0.10767702013254166,9.853643417358398,13380,0.62445068359375,-0.00927734375,-0.00311279296875,0.781005859375,19,0,-1
13382,0,13382,0.0813559740781784,-0.10767702013254166,9.853643417358398,13380,0.62445068359375,-0.00927734375,-0.00311279296875,0.781005859375,19,1,-1
13382,0,13384,0.0813559740781784,-0.10767702013254166,9.853643417358398,13383,0.62445068359375,-0.00927734375,-0.00311279296875,0.781005859375,19,1,0
13384,0,13384,0.0813559740781784,-0.10767702013254166,9.853643417358398,13383,0.62445068359375,-0.00927734375,-0.00311279296875,0.781005859375,19,0,-1
13384,0,13385,0.0813559740781784,-0.10767702013254166,9.853643417358398,13383,0.62445068359375,-0.00927734375,-0.00311279296875,0.781005859375,19,1,-1
13385,0,13385,0.0813559740781784,-0.10767702013254166,9.853643417358398,13383,0.62445068359375,-0.00927734375,-0.00311279296875,0.781005859375,19,0,-1
13385,0,13385,0.0813559740781784,-0.10767702013254166,9.853643417358398,13383,0.62445068359375,-0.00927734375,-0.00311279296875,0.781005859375,19,0,-1
13385,0,13386,0.0813559740781784,-0.10767702013254166,9.853643417358398,13383,0.62445068359375,-0.00927734375,-0.00311279296875,0.781005859375,19,1,-1
13386,0,13387,0.0813559740781784,-0.10767702013254166,9.853643417358398,13387,0.62445068359375,-0.00927734375,-0.00311279296875,0.781005859375,19,1,0
13387,0,13389,0.0813559740781784,-0.10887342691421509,9.853643417358398,13388,0.62445068359375,-0.00927734375,-0.00311279296875,0.781005859375,19,1,0
13389,0,13389,0.0813559740781784,-0.10887342691421509,9.852446556091309,13388,0.62445068359375,-0.00927734375,-0.00311279296875,0.781005859375,19,1,-1
13389,0,13389,0.0813559740781784,-0.10887342691421509,9.852446556091309,13388,0.62445068359375,-0.00927734375,-0.00311279296875,0.781005859375,19,0,-1
13390,0,13389,0.0813559740781784,-0.10887342691421509,9.852446556091309,13388,0.62445068359375,-0.00927734375,-0.00311279296875,0.781005859375,19,0,-1
13390,0,13391,0.0813559740781784,-0.10767702013254166,9.852446556091309,13391,0.62445068359375,-0.00927734375,-0.00311279296875,0.781005859375,19,1,0
13391,0,13392,0.0813559740781784,-0.10887342691421509,9.853643417358398,13391,0.62445068359375,-0.00927734375,-0.00311279296875,0.781005859375,19,1,-1
13392,0,13392,0.0813559740781784,-0.10887342691421509,9.853643417358398,13391,0.62445068359375,-0.00927734375,-0.00311279296875,0.781005859375,19,0,-1
13392,0,13393,0.0813559740781784,-0.10767702013254166,9.853643417358398,13391,0.62445068359375,-0.00927734375,-0.00311279296875,0.781005859375,19,1,-1
13393,0,13394,0.0813559740781784,-0.10887342691421509,9.853643417358398,13394,0.62445068359375,-0.00927734375,-0.00311279296875,0.781005859375,19,1,0
13394,0,13396,0.0813559740781784,-0.10767702013254166,9.853643417358398,13395,0.62445068359375,-0.00927734375,-0.00311279296875,0.781005859375,19,1,0
13396,0,13396,0.0813559740781784,-0.10767702013254166,9.853643417358398,13395,0.62445068359375,-0.00927734375,-0.00311279296875,0.781005859375,19,1,-1
13396,0,13396,0.0813559740781784,-0.10767702013254166,9.853643417358398,13395,0.62445068359375,-0.00927734375,-0.00311279296875,0.781005859375,19,0,-1
13397,0,13396,0.0813559740781784,-0.10767702013254166,9.853643417358398,13395,0.62445068359375,-0.00927734375,-0.00311279296875,0.781005859375,19,0,-1
13397,0,13398,0.0813559740781784,-0.10767702013254166,9.853643417358398,13395,0.62445068359375,-0.00927734375,-0.00311279296875,0.781005859375,19,1,-1
13398,0,13398,0.0813559740781784,-0.10767702013254166,9.853643417358398,13395,0.62445068359375,-0.00927734375,-0.00311279296875,0.781005859375,19,0,-1
13398,0,13398,0.0813559740781784,-0.10767702013254166,9.853643417358398,13395,0.62445068359375,-0.00927734375,-0.00311279296875,0.781005859375,19,0,-1
13398,0,13399,0.08015955239534378,-0.10767702013254166,9.853643417358398,13395,0.62445068359375,-0.00927734375,-0.00311279296875,0.781005859375,19,1,-1
13399,0,13399,0.08015955239534378,-0.10767702013254166,9.853643417358398,13395,0.62445068359375,-0.00927734375,-0.00311279296875,0.781005859375,19,0,-1
13399,0,13400,0.08015955239534378,-0.10767702013254166,9.853643417358398,13400,0.62445068359375,-0.00927734375,-0.00311279296875,0.781005859375,19,1,0
13400,0,13401,0.0813559740781784,-0.10767702013254166,9.853643417358398,13400,0.62445068359375,-0.00927734375,-0.00311279296875,0.781005859375,19,1,-1
13401,0,13401,0.0813559740781784,-0.10767702013254166,9.853643417358398,13400,0.62445068359375,-0.00927734375,-0.00311279296875,0.781005859375,19,0,-1
13401,0,13403,0.0813559740781784,-0.10767702013254166,9.853643417358398,13402,0.62445068359375,-0.00927734375,-0.00311279296875,0.781005859375,19,1,0
13403,0,13404,0.0813559740781784,-0.10767702013254166,9.853643417358398,13404,0.62445068359375,-0.00927734375,-0.00311279296875,0.781005859375,19,1,0
13404,0,13405,0.08015955239534378,-0.10767702013254166,9.853643417358398,13404,0.62445068359375,-0.00927734375,-0.00311279296875,0.781005859375,19,1,-1
13405,0,13405,0.08015955239534378,-0.10767702013254166,9.853643417358398,13404,0.62445068359375,-0.00927734375,-0.00311279296875,0.781005859375,19,0,-1
13405,0,13406,0.08015955239534378,-0.10767702013254166,9.853643417358398,13404,0.62445068359375,-0.00927734375,-0.00311279296875,0.781005859375,19,1,-1
13406,0,13406,0.08015955239534378,-0.10767702013254166,9.853643417358398,13404,0.62445068359375,-0.00927734375,-0.00311279296875,0.781005859375,19,0,-1
13406,0,13406,0.08015955239534378,-0.10767702013254166,9.853643417358398,13404,0.62445068359375,-0.00927734375,-0.00311279296875,0.781005859375,19,0,-1
13406,0,13407,0.08015955239534378,-0.10767702013254166,9.853643417358398,13404,0.62445068359375,-0.00927734375,-0.00311279296875,0.781005859375,19,1,-1
13407,0,13408,0.08015955239534378,-0.10767702013254166,9.853643417358398,13408,0.62445068359375,-0.00927734375,-0.003173828125,0.781005859375,19,1,0
13408,0,13408,0.08015955239534378,-0.10767702013254166,9.853643417358398,13408,0.62445068359375,-0.00927734375,-0.003173828125,0.781005859375,19,0,-1
13409,0,13409,0.08015955239534378,-0.10767702013254166,9.853643417358398,13408,0.62445068359375,-0.00927734375,-0.003173828125,0.781005859375,19,1,-1
13409,0,13409,0.08015955239534378,-0.10767702013254166,9.853643417358398,13408,0.62445068359375,-0.00927734375,-0.003173828125,0.781005859375,19,0,-1
13410,0,13409,0.08015955239534378,-0.10767702013254166,9.853643417358398,13408,0.62445068359375,-0.00927734375,-0.003173828125,0.781005859375,19,0,-1
13410,0,13411,0.08015955239534378,-0.10767702013254166,9.853643417358398,13411,0.6243896484375,-0.00927734375,-0.003173828125,0.781005859375,19,1,0
13411,0,13412,0.0813559740781784,-0.10767702013254166,9.853643417358398,13411,0.6243896484375,-0.00927734375,-0.003173828125,0.781005859375,19,1,-1
13412,0,13412,0.0813559740781784,-0.10767702013254166,9.853643417358398,13411,0.6243896484375,-0.00927734375,-0.003173828125,0.781005859375,19,0,-1
13412,0,13413,0.08015955239534378,-0.10767702013254166,9.853643417358398,13411,0.6243896484375,-0.00927734375,-0.003173828125,0.781005859375,19,1,-1
13413,0,13414,0.08015955239534378,-0.10767702013254166,9.853643417358398,13414,0.6243896484375,-0.00927734375,-0.003173828125,0.781005859375,19,1,0
13414,0,13416,0.0813559740781784,-0.10767702013254166,9.853643417358398,13415,0.62445068359375,-0.00927734375,-0.003173828125,0.781005859375,19,1,0
13416,0,13416,0.0813559740781784,-0.10767702013254166,9.853643417358398,13415,0.62445068359375,-0.00927734375,-0.003173828125,0.781005859375,19,1,-1
13416,0,13416,0.0813559740781784,-0.10767702013254166,9.853643417358398,13415,0.62445068359375,-0.00927734375,-0.003173828125,0.781005859375,19,0,-1
13417,0,13416,0.0813559740781784,-0.10767702013254166,9.853643417358398,13415,0.62445068359375,-0.00927734375,-0.003173828125,0.781005859375,19,0,-1
13417,0,13417,0.08015955239534378,-0.10767702013254166,9.853643417358398,13415,0.62445068359375,-0.00927734375,-0.003173828125,0.781005859375,19,1,-1
13417,0,13417,0.08015955239534378,-0.10767702013254166,9.853643417358398,13415,0.62445068359375,-0.00927734375,-0.003173828125,0.781005859375,19,0,-1
13418,0,13417,0.08015955239534378,-0.10767702013254166,9.853643417358398,13415,0.62445068359375,-0.00927734375,-0.003173828125,0.781005859375,19,0,-1
13418,0,13419,0.0813559740781784,-0.10767702013254166,9.853643417358398,13415,0.62445068359375,-0.00927734375,-0.003173828125,0.781005859375,19,1,-1
13419,0,13420,0.0813559740781784,-0.10767702013254166,9.852446556091309,13420,0.62445068359375,-0.00927734375,-0.003173828125,0.781005859375,19,1,0
13420,0,13422,0.0813559740781784,-0.10767702013254166,9.852446556091309,13421,0.62445068359375,-0.00933837890625,-0.003173828125,0.781005859375,19,1,0
13422,0,13422,0.0813559740781784,-0.10767702013254166,9.852446556091309,13421,0.62445068359375,-0.00933837890625,-0.003173828125,0.781005859375,19,1,-1
13422,0,13424,0.0813559740781784,-0.10767702013254166,9.852446556091309,13423,0.62445068359375,-0.00933837890625,-0.003173828125,0.781005859375,19,1,0
13424,0,13424,0.0813559740781784,-0.10767702013254166,9.852446556091309,13423,0.62445068359375,-0.00933837890625,-0.003173828125,0.781005859375,19,0,-1
13424,0,13425,0.0813559740781784,-0.10767702013254166,9.852446556091309,13423,0.62445068359375,-0.00933837890625,-0.003173828125,0.781005859375,19,1,-1
13425,0,13426,0.0813559740781784,-0.10767702013254166,9.852446556091309,13426,0.62445068359375,-0.00933837890625,-0.003173828125,0.781005859375,19,1,0
13426,0,13427,0.0813559740781784,-0.10767702013254166,9.852446556091309,13426,0.62445068359375,-0.00933837890625,-0.003173828125,0.781005859375,19,1,-1
13427,0,13427,0.0813559740781784,-0.10767702013254166,9.852446556091309,13426,0.62445068359375,-0.00933837890625,-0.003173828125,0.781005859375,19,0,-1
13427,0,13427,0.0813559740781784,-0.10767702013254166,9.852446556091309,13426,0.62445068359375,-0.00933837890625,-0.003173828125,0.781005859375,19,0,-1
13427,0,13429,0.0813559740781784,-0.10767702013254166,9.853643417358398,13428,0.62445068359375,-0.00933837890625,-0.00323486328125,0.781005859375,19,1,0
13429,0,13429,0.0813559740781784,-0.10767702013254166,9.852446556091309,13428,0.62445068359375,-0.00933837890625,-0.00323486328125,0.781005859375,19,1,-1
13429,0,13429,0.0813559740781784,-0.10767702013254166,9.852446556091309,13428,0.62445068359375,-0.00933837890625,-0.00323486328125,0.781005859375,19,0,-1
13430,0,13431,0.0813559740781784,-0.10767702013254166,9.852446556091309,13431,0.62445068359375,-0.00933837890625,-0.00323486328125,0.781005859375,19,1,0
13431,0,13432,0.08015955239534378,-0.10767702013254166,9.852446556091309,13431,0.62445068359375,-0.00933837890625,-0.00323486328125,0.781005859375,19,1,-1
13432,0,13432,0.08015955239534378,-0.10767702013254166,9.852446556091309,13431,0.62445068359375,-0.00933837890625,-0.00323486328125,0.781005859375,19,0,-1
13432,0,13433,0.08015955239534378,-0.10767702013254166,9.852446556091309,13431,0.62445068359375,-0.00933837890625,-0.00323486328125,0.781005859375,19,1,-1
13433,0,13434,0.08015955239534378,-0.10767702013254166,9.852446556091309,13434,0.62445068359375,-0.00933837890625,-0.00323486328125,0.781005859375,19,1,0
13434,0,13434,0.08015955239534378,-0.10767702013254166,9.852446556091309,13434,0.62445068359375,-0.00933837890625,-0.00323486328125,0.781005859375,19,0,-1
13434,0,13435,0.0813559740781784,-0.10767702013254166,9.851250648498535,13434,0.62445068359375,-0.00933837890625,-0.00323486328125,0.781005859375,19,1,-1
13435,0,13436,0.08015955239534378,-0.10767702013254166,9.852446556091309,13436,0.62445068359375,-0.00933837890625,-0.00323486328125,0.781005859375,19,1,0
13436,0,13436,0.08015955239534378,-0.10767702013254166,9.852446556091309,13436,0.62445068359375,-0.00933837890625,-0.00323486328125,0.781005859375,19,0,-1
13437,0,13437,0.08015955239534378,-0.10767702013254166,9.852446556091309,13436,0.62445068359375,-0.00933837890625,-0.00323486328125,0.781005859375,19,1,-1
13437,0,13439,0.08015955239534378,-0.10767702013254166,9.852446556091309,13438,0.62445068359375,-0.00933837890625,-0.00323486328125,0.781005859375,19,1,0
13439,0,13440,0.08015955239534378,-0.10767702013254166,9.852446556091309,13438,0.62445068359375,-0.00933837890625,-0.00323486328125,0.781005859375,19,1,-1
13440,0,13441,0.08015955239534378,-0.10767702013254166,9.853643417358398,13441,0.62445068359375,-0.0093994140625,-0.00323486328125,0.781005859375,19,1,0
13441,0,13441,0.08015955239534378,-0.10767702013254166,9.853643417358398,13441,0.62445068359375,-0.0093994140625,-0.00323486328125,0.781005859375,19,0,-1
13441,0,13442,0.08015955239534378,-0.10767702013254166,9.852446556091309,13441,0.62445068359375,-0.0093994140625,-0.00323486328125,0.781005859375,19,1,-1
13442,0,13442,0.08015955239534378,-0.10767702013254166,9.852446556091309,13441,0.62445068359375,-0.0093994140625,-0.00323486328125,0.781005859375,19,0,-1
13442,0,13444,0.08015955239534378,-0.10767702013254166,9.853643417358398,13443,0.62445068359375,-0.0093994140625,-0.00323486328125,0.781005859375,19,1,0
13444,0,13444,0.08015955239534378,-0.10767702013254166,9.853643417358398,13443,0.62445068359375,-0.0093994140625,-0.00323486328125,0.781005859375,19,1,-1
13444,0,13446,0.08015955239534378,-0.10767702013254166,9.853643417358398,13445,0.62445068359375,-0.0093994140625,-0.00323486328125,0.781005859375,19,1,0
13446,0,13446,0.08015955239534378,-0.10767702013254166,9.853643417358398,13445,0.62445068359375,-0.0093994140625,-0.00323486328125,0.781005859375,19,0,-1
13446,0,13447,0.08015955239534378,-0.10887342691421509,9.853643417358398,13445,0.62445068359375,-0.0093994140625,-0.00323486328125,0.781005859375,19,1,-1
13447,0,13447,0.08015955239534378,-0.10887342691421509,9.853643417358398,13445,0.62445068359375,-0.0093994140625,-0.00323486328125,0.781005859375,19,0,-1
13447,0,13447,0.08015955239534378,-0.10887342691421509,9.853643417358398,13445,0.62445068359375,-0.0093994140625,-0.00323486328125,0.781005859375,19,0,-1
13447,0,13449,0.0813559740781784,-0.10767702013254166,9.853643417358398,13448,0.62445068359375,-0.0093994140625,-0.0032958984375,0.781005859375,19,1,0
13449,0,13449,0.0813559740781784,-0.10767702013254166,9.853643417358398,13448,0.62445068359375,-0.0093994140625,-0.0032958984375,0.781005859375,19,0,-1
13449,0,13449,0.0813559740781784,-0.10767702013254166,9.853643417358398,13448,0.62445068359375,-0.0093994140625,-0.0032958984375,0.781005859375,19,0,-1
13449,0,13449,0.0813559740781784,-0.10767702013254166,9.853643417358398,13448,0.62445068359375,-0.0093994140625,-0.0032958984375,0.781005859375,19,0,-1
13449,0,13450,0.08015955239534378,-0.10887342691421509,9.852446556091309,13448,0.62445068359375,-0.0093994140625,-0.0032958984375,0.781005859375,19,1,-1
13450,0,13451,0.08015955239534378,-0.10887342691421509,9.853643417358398,13451,0.62445068359375,-0.0093994140625,-0.0032958984375,0.781005859375,19,1,0
13451,0,13451,0.08015955239534378,-0.10887342691421509,9.853643417358398,13451,0.62445068359375,-0.0093994140625,-0.0032958984375,0.781005859375,19,0,-1
13452,0,13452,0.08015955239534378,-0.10887342691421509,9.853643417358398,13451,0.62445068359375,-0.0093994140625,-0.0032958984375,0.781005859375,19,1,-1
13452,0,13452,0.08015955239534378,-0.10887342691421509,9.853643417358398,13451,0.62445068359375,-0.0093994140625,-0.0032958984375,0.781005859375,19,0,-1
13453,0,13452,0.08015955239534378,-0.10887342691421509,9.853643417358398,13451,0.62445068359375,-0.0093994140625,-0.0032958984375,0.781005859375,19,0,-1
13453,0,13454,0.08015955239534378,-0.10887342691421509,9.853643417358398,13451,0.62445068359375,-0.0093994140625,-0.0032958984375,0.781005859375,19,1,-1
13454,0,13455,0.08015955239534378,-0.10887342691421509,9.853643417358398,13455,0.62445068359375,-0.0093994140625,-0.0032958984375,0.781005859375,19,1,0
13455,0,13455,0.08015955239534378,-0.10887342691421509,9.853643417358398,13455,0.62445068359375,-0.0093994140625,-0.0032958984375,0.781005859375,19,0,-1
13455,0,13456,0.08015955239534378,-0.10887342691421509,9.853643417358398,13455,0.62445068359375,-0.0093994140625,-0.0032958984375,0.781005859375,19,1,-1
13456,0,13456,0.08015955239534378,-0.10887342691421509,9.853643417358398,13455,0.62445068359375,-0.0093994140625,-0.0032958984375,0.781005859375,19,0,-1
13456,0,13456,0.08015955239534378,-0.10887342691421509,9.853643417358398,13455,0.62445068359375,-0.0093994140625,-0.0032958984375,0.781005859375,19,0,-1
13456,0,13457,0.08015955239534378,-0.10767702013254166,9.852446556091309,13455,0.62445068359375,-0.0093994140625,-0.0032958984375,0.781005859375,19,1,-1
13457,0,13459,0.08015955239534378,-0.10887342691421509,9.853643417358398,13458,0.62445068359375,-0.0093994140625,-0.0032958984375,0.781005859375,19,1,0
13459,0,13460,0.08015955239534378,-0.10887342691421509,9.852446556091309,13459,0.62445068359375,-0.0093994140625,-0.0032958984375,0.781005859375,19,1,0
13460,0,13462,0.07896314561367035,-0.10767702013254166,9.853643417358398,13461,0.62445068359375,-0.0093994140625,-0.0032958984375,0.781005859375,19,1,0
13462,0,13463,0.07896314561367035,-0.10887342691421509,9.853643417358398,13462,0.62445068359375,-0.0093994140625,-0.0032958984375,0.781005859375,19,1,0
13463,0,13463,0.07896314561367035,-0.10887342691421509,9.853643417358398,13462,0.62445068359375,-0.0093994140625,-0.0032958984375,0.781005859375,19,0,-1
13463,0,13463,0.07896314561367035,-0.10887342691421509,9.853643417358398,13462,0.62445068359375,-0.0093994140625,-0.0032958984375,0.781005859375,19,0,-1
13463,0,13464,0.07896314561367035,-0.10767702013254166,9.853643417358398,13462,0.62445068359375,-0.0093994140625,-0.0032958984375,0.781005859375,19,1,-1
13464,0,13464,0.07896314561367035,-0.10767702013254166,9.853643417358398,13462,0.62445068359375,-0.0093994140625,-0.0032958984375,0.781005859375,19,0,-1
13464,0,13464,0.07896314561367035,-0.10767702013254166,9.853643417358398,13462,0.62445068359375,-0.0093994140625,-0.0032958984375,0.781005859375,19,0,-1
13465,0,13466,0.07896314561367035,-0.10887342691421509,9.853643417358398,13466,0.62445068359375,-0.0093994140625,-0.0032958984375,0.781005859375,19,1,0
13466,0,13467,0.08015955239534378,-0.10887342691421509,9.853643417358398,13466,0.62445068359375,-0.0093994140625,-0.0032958984375,0.781005859375,19,1,-1
13467,0,13467,0.08015955239534378,-0.10887342691421509,9.853643417358398,13466,0.62445068359375,-0.0093994140625,-0.0032958984375,0.781005859375,19,0,-1
13467,0,13468,0.08015955239534378,-0.10887342691421509,9.852446556091309,13466,0.62445068359375,-0.0093994140625,-0.0032958984375,0.781005859375,19,1,-1
13468,0,13469,0.08015955239534378,-0.10887342691421509,9.853643417358398,13469,0.62445068359375,-0.0093994140625,-0.0032958984375,0.781005859375,19,1,0
13469,0,13469,0.08015955239534378,-0.10887342691421509,9.853643417358398,13469,0.62445068359375,-0.0093994140625,-0.0032958984375,0.781005859375,19,0,-1
13469,0,13470,0.08015955239534378,-0.10887342691421509,9.853643417358398,13469,0.62445068359375,-0.0093994140625,-0.0032958984375,0.781005859375,19,1,-1
13470,0,13471,0.08015955239534378,-0.10887342691421509,9.853643417358398,13471,0.62445068359375,-0.0093994140625,-0.0032958984375,0.781005859375,19,1,0
13471,0,13471,0.08015955239534378,-0.10887342691421509,9.853643417358398,13471,0.62445068359375,-0.0093994140625,-0.0032958984375,0.781005859375,19,0,-1
13472,0,13472,0.08015955239534378,-0.10887342691421509,9.853643417358398,13471,0.62445068359375,-0.0093994140625,-0.0032958984375,0.781005859375,19,1,-1
13472,0,13474,0.08015955239534378,-0.10767702013254166,9.853643417358398,13473,0.62445068359375,-0.0093994140625,-0.0032958984375,0.781005859375,19,1,0
13474,0,13474,0.08015955239534378,-0.10767702013254166,9.853643417358398,13473,0.62445068359375,-0.0093994140625,-0.0032958984375,0.781005859375,19,0,-1
13474,0,13475,0.08015955239534378,-0.10887342691421509,9.853643417358398,13473,0.62445068359375,-0.0093994140625,-0.0032958984375,0.781005859375,19,1,-1
13475,0,13475,0.08015955239534378,-0.10887342691421509,9.853643417358398,13473,0.62445068359375,-0.0093994140625,-0.0032958984375,0.781005859375,19,0,-1
13475,0,13475,0.08015955239534378,-0.10887342691421509,9.853643417358398,13473,0.62445068359375,-0.0093994140625,-0.0032958984375,0.781005859375,19,0,-1
13475,0,13476,0.08015955239534378,-0.10887342691421509,9.853643417358398,13473,0.62445068359375,-0.0093994140625,-0.0032958984375,0.781005859375,19,1,-1
13476,0,13476,0.08015955239534378,-0.10887342691421509,9.853643417358398,13473,0.62445068359375,-0.0093994140625,-0.0032958984375,0.781005859375,19,0,-1
13476,0,13476,0.08015955239534378,-0.10887342691421509,9.853643417358398,13473,0.62445068359375,-0.0093994140625,-0.0032958984375,0.781005859375,19,0,-1
13476,0,13477,0.07896314561367035,-0.10767702013254166,9.853643417358398,13473,0.62445068359375,-0.0093994140625,-0.0032958984375,0.781005859375,19,1,-1
13477,0,13478,0.07896314561367035,-0.10887342691421509,9.852446556091309,13478,0.62445068359375,-0.0093994140625,-0.00335693359375,0.781005859375,19,1,0
13478,0,13478,0.07896314561367035,-0.10887342691421509,9.852446556091309,13478,0.62445068359375,-0.0093994140625,-0.00335693359375,0.781005859375,19,0,-1
13479,0,13479,0.07896314561367035,-0.10887342691421509,9.852446556091309,13478,0.62445068359375,-0.0093994140625,-0.00335693359375,0.781005859375,19,1,-1
13479,0,13479,0.07896314561367035,-0.10887342691421509,9.852446556091309,13478,0.62445068359375,-0.0093994140625,-0.00335693359375,0.781005859375,19,0,-1
13480,0,13479,0.07896314561367035,-0.10887342691421509,9.852446556091309,13478,0.62445068359375,-0.0093994140625,-0.00335693359375,0.781005859375,19,0,-1
13480,0,13481,0.07896314561367035,-0.10887342691421509,9.852446556091309,13478,0.62445068359375,-0.0093994140625,-0.00335693359375,0.781005859375,19,1,-1
13481,0,13482,0.07896314561367035,-0.10887342691421509,9.852446556091309,13481,0.62445068359375,-0.00946044921875,-0.00335693359375,0.781005859375,19,1,0
13482,0,13482,0.07896314561367035,-0.10887342691421509,9.852446556091309,13481,0.62445068359375,-0.00946044921875,-0.00335693359375,0.781005859375,19,0,-1
13482,0,13483,0.07896314561367035,-0.10887342691421509,9.853643417358398,13481,0.62445068359375,-0.00946044921875,-0.00335693359375,0.781005859375,19,1,-1
13483,0,13483,0.07896314561367035,-0.10887342691421509,9.853643417358398,13481,0.62445068359375,-0.00946044921875,-0.00335693359375,0.781005859375,19,0,-1
13483,0,13483,0.07896314561367035,-0.10887342691421509,9.853643417358398,13481,0.62445068359375,-0.00946044921875,-0.00335693359375,0.781005859375,19,0,-1
13483,0,13484,0.07896314561367035,-0.10887342691421509,9.852446556091309,13481,0.62445068359375,-0.00946044921875,-0.00335693359375,0.781005859375,19,1,-1
13484,0,13485,0.07896314561367035,-0.10887342691421509,9.852446556091309,13485,0.62445068359375,-0.00946044921875,-0.00335693359375,0.781005859375,19,1,0
13485,0,13487,0.07896314561367035,-0.10887342691421509,9.853643417358398,13486,0.62445068359375,-0.00946044921875,-0.00335693359375,0.781005859375,19,1,0
13487,0,13487,0.07896314561367035,-0.10887342691421509,9.853643417358398,13486,0.62445068359375,-0.00946044921875,-0.00335693359375,0.781005859375,19,1,-1
13487,0,13489,0.07896314561367035,-0.11006984114646912,9.853643417358398,13489,0.62445068359375,-0.00946044921875,-0.00335693359375,0.781005859375,19,1,0
13489,0,13490,0.07896314561367035,-0.11006984114646912,9.853643417358398,13490,0.62445068359375,-0.00946044921875,-0.00335693359375,0.781005859375,19,1,0
13490,0,13491,0.07896314561367035,-0.10887342691421509,9.853643417358398,13490,0.62445068359375,-0.00946044921875,-0.00335693359375,0.781005859375,19,1,-1
13491,0,13491,0.07896314561367035,-0.10887342691421509,9.853643417358398,13490,0.62445068359375,-0.00946044921875,-0.00335693359375,0.781005859375,19,0,-1
13491,0,13491,0.07896314561367035,-0.10887342691421509,9.853643417358398,13490,0.62445068359375,-0.00946044921875,-0.00335693359375,0.781005859375,19,0,-1
13492,0,13492,0.07896314561367035,-0.10887342691421509,9.852446556091309,13490,0.62445068359375,-0.00946044921875,-0.00335693359375,0.781005859375,19,1,-1
13492,0,13494,0.07896314561367035,-0.10887342691421509,9.852446556091309,13493,0.62445068359375,-0.00946044921875,-0.00335693359375,0.781005859375,19,1,0
13494,0,13494,0.07896314561367035,-0.10887342691421509,9.852446556091309,13493,0.62445068359375,-0.00946044921875,-0.00335693359375,0.781005859375,19,0,-1
13494,0,13495,0.07896314561367035,-0.10887342691421509,9.852446556091309,13493,0.62445068359375,-0.00946044921875,-0.00335693359375,0.781005859375,19,1,-1
13495,0,13495,0.07896314561367035,-0.10887342691421509,9.852446556091309,13493,0.62445068359375,-0.00946044921875,-0.00335693359375,0.781005859375,19,0,-1
13495,0,13495,0.07896314561367035,-0.10887342691421509,9.852446556091309,13493,0.62445068359375,-0.00946044921875,-0.00335693359375,0.781005859375,19,0,-1
13495,0,13496,0.07896314561367035,-0.10887342691421509,9.852446556091309,13493,0.62445068359375,-0.00946044921875,-0.00335693359375,0.781005859375,19,1,-1
13496,0,13496,0.07896314561367035,-0.10887342691421509,9.852446556091309,13493,0.62445068359375,-0.00946044921875,-0.00335693359375,0.781005859375,19,0,-1
13496,0,13496,0.07896314561367035,-0.10887342691421509,9.852446556091309,13493,0.62445068359375,-0.00946044921875,-0.00335693359375,0.781005859375,19,0,-1
13496,0,13497,0.07896314561367035,-0.10767702013254166,9.852446556091309,13493,0.62445068359375,-0.00946044921875,-0.00335693359375,0.781005859375,19,1,-1
13497,0,13498,0.07896314561367035,-0.10887342691421509,9.852446556091309,13498,0.62445068359375,-0.00946044921875,-0.00335693359375,0.781005859375,19,1,0
13498,0,13498,0.07896314561367035,-0.10887342691421509,9.852446556091309,13498,0.62445068359375,-0.00946044921875,-0.00335693359375,0.781005859375,19,0,-1
13499,0,13499,0.07896314561367035,-0.10767702013254166,9.852446556091309,13498,0.62445068359375,-0.00946044921875,-0.00335693359375,0.781005859375,19,1,-1
13499,0,13499,0.07896314561367035,-0.10767702013254166,9.852446556091309,13498,0.62445068359375,-0.00946044921875,-0.00335693359375,0.781005859375,19,0,-1
13500,0,13499,0.07896314561367035,-0.10767702013254166,9.852446556091309,13498,0.62445068359375,-0.00946044921875,-0.00335693359375,0.781005859375,19,0,-1
13500,0,13501,0.07896314561367035,-0.10887342691421509,9.851250648498535,13501,0.62445068359375,-0.00946044921875,-0.00335693359375,0.781005859375,19,1,0
13501,0,13501,0.07896314561367035,-0.10887342691421509,9.851250648498535,13501,0.62445068359375,-0.00946044921875,-0.00335693359375,0.781005859375,19,0,-1
13501,0,13501,0.07896314561367035,-0.10887342691421509,9.851250648498535,13501,0.62445068359375,-0.00946044921875,-0.00335693359375,0.781005859375,19,0,-1
13502,0,13501,0.07896314561367035,-0.10887342691421509,9.851250648498535,13501,0.62445068359375,-0.00946044921875,-0.00335693359375,0.781005859375,19,0,-1
13502,0,13503,0.07776673883199692,-0.10887342691421509,9.851250648498535,13501,0.62445068359375,-0.00946044921875,-0.00335693359375,0.781005859375,19,1,-1
13503,0,13503,0.07776673883199692,-0.10887342691421509,9.851250648498535,13501,0.62445068359375,-0.00946044921875,-0.00335693359375,0.781005859375,19,0,-1
13503,0,13503,0.07776673883199692,-0.10887342691421509,9.851250648498535,13501,0.62445068359375,-0.00946044921875,-0.00335693359375,0.781005859375,19,0,-1
13503,0,13504,0.07776673883199692,-0.10887342691421509,9.851250648498535,13501,0.62445068359375,-0.00946044921875,-0.00335693359375,0.781005859375,19,1,-1
13504,0,13505,0.07896314561367035,-0.10887342691421509,9.851250648498535,13505,0.62445068359375,-0.00946044921875,-0.00335693359375,0.781005859375,19,1,0
13505,0,13507,0.07896314561367035,-0.10767702013254166,9.851250648498535,13506,0.62445068359375,-0.00946044921875,-0.00341796875,0.781005859375,19,1,0
13507,0,13507,0.07896314561367035,-0.10887342691421509,9.851250648498535,13506,0.62445068359375,-0.00946044921875,-0.00341796875,0.781005859375,19,1,-1
13507,0,13507,0.07896314561367035,-0.10887342691421509,9.851250648498535,13506,0.62445068359375,-0.00946044921875,-0.00341796875,0.781005859375,19,0,-1
13508,0,13507,0.07896314561367035,-0.10887342691421509,9.851250648498535,13506,0.62445068359375,-0.00946044921875,-0.00341796875,0.781005859375,19,0,-1
13508,0,13508,0.07896314561367035,-0.10767702013254166,9.851250648498535,13506,0.62445068359375,-0.00946044921875,-0.00341796875,0.781005859375,19,1,-1
13508,0,13510,0.07896314561367035,-0.10887342691421509,9.851250648498535,13509,0.62445068359375,-0.00946044921875,-0.00341796875,0.781005859375,19,1,0
13510,0,13510,0.07896314561367035,-0.10887342691421509,9.851250648498535,13509,0.62445068359375,-0.00946044921875,-0.00341796875,0.781005859375,19,0,-1
13510,0,13511,0.07776673883199692,-0.10767702013254166,9.851250648498535,13509,0.62445068359375,-0.00946044921875,-0.00341796875,0.781005859375,19,1,-1
13511,0,13512,0.07776673883199692,-0.10887342691421509,9.851250648498535,13512,0.62445068359375,-0.00946044921875,-0.00341796875,0.781005859375,19,1,0
13512,0,13512,0.07776673883199692,-0.10887342691421509,9.851250648498535,13512,0.62445068359375,-0.00946044921875,-0.00341796875,0.781005859375,19,0,-1
13512,0,13513,0.07896314561367035,-0.10767702013254166,9.851250648498535,13512,0.62445068359375,-0.00946044921875,-0.00341796875,0.781005859375,19,1,-1
13513,0,13515,0.07896314561367035,-0.10887342691421509,9.850054740905762,13514,0.62445068359375,-0.00946044921875,-0.00341796875,0.781005859375,19,1,0
13515,0,13515,0.07896314561367035,-0.10887342691421509,9.850054740905762,13514,0.62445068359375,-0.00946044921875,-0.00341796875,0.781005859375,19,0,-1
13515,0,13515,0.07776673883199692,-0.10767702013254166,9.851250648498535,13514,0.62445068359375,-0.00946044921875,-0.00341796875,0.781005859375,19,1,-1
13515,0,13515,0.07776673883199692,-0.10767702013254166,9.851250648498535,13514,0.62445068359375,-0.00946044921875,-0.00341796875,0.781005859375,19,0,-1
13516,0,13515,0.07776673883199692,-0.10767702013254166,9.851250648498535,13514,0.62445068359375,-0.00946044921875,-0.00341796875,0.781005859375,19,0,-1
13516,0,13517,0.07896314561367035,-0.10767702013254166,9.851250648498535,13514,0.62445068359375,-0.00946044921875,-0.00341796875,0.781005859375,19,1,-1
13517,0,13517,0.07896314561367035,-0.10767702013254166,9.851250648498535,13514,0.62445068359375,-0.00946044921875,-0.00341796875,0.781005859375,19,0,-1
13517,0,13518,0.07896314561367035,-0.10767702013254166,9.851250648498535,13518,0.62445068359375,-0.00946044921875,-0.00341796875,0.781005859375,19,1,0
13518,0,13519,0.07896314561367035,-0.10767702013254166,9.851250648498535,13518,0.62445068359375,-0.00946044921875,-0.00341796875,0.781005859375,19,1,-1
13519,0,13519,0.07896314561367035,-0.10767702013254166,9.851250648498535,13518,0.62445068359375,-0.00946044921875,-0.00341796875,0.781005859375,19,0,-1
13519,0,13519,0.07896314561367035,-0.10767702013254166,9.851250648498535,13518,0.62445068359375,-0.00946044921875,-0.00341796875,0.781005859375,19,0,-1
13519,0,13520,0.07896314561367035,-0.10767702013254166,9.851250648498535,13518,0.62445068359375,-0.00946044921875,-0.00341796875,0.781005859375,19,1,-1
13520,0,13520,0.07896314561367035,-0.10767702013254166,9.851250648498535,13518,0.62445068359375,-0.00946044921875,-0.00341796875,0.781005859375,19,0,-1
13520,0,13520,0.07896314561367035,-0.10767702013254166,9.851250648498535,13518,0.62445068359375,-0.00946044921875,-0.00341796875,0.781005859375,19,0,-1
13521,0,13522,0.07896314561367035,-0.10767702013254166,9.851250648498535,13522,0.62445068359375,-0.00946044921875,-0.00341796875,0.781005859375,19,1,0
13522,0,13523,0.07896314561367035,-0.10767702013254166,9.851250648498535,13522,0.62445068359375,-0.00946044921875,-0.00341796875,0.781005859375,19,1,-1
13523,0,13523,0.07896314561367035,-0.10767702013254166,9.851250648498535,13522,0.62445068359375,-0.00946044921875,-0.00341796875,0.781005859375,19,0,-1
13523,0,13524,0.07896314561367035,-0.10767702013254166,9.852446556091309,13522,0.62445068359375,-0.00946044921875,-0.00341796875,0.781005859375,19,1,-1
13524,0,13524,0.07896314561367035,-0.10767702013254166,9.852446556091309,13522,0.62445068359375,-0.00946044921875,-0.00341796875,0.781005859375,19,0,-1
13524,0,13524,0.07896314561367035,-0.10767702013254166,9.852446556091309,13522,0.62445068359375,-0.00946044921875,-0.00341796875,0.781005859375,19,0,-1
13524,0,13526,0.08015955239534378,-0.10767702013254166,9.852446556091309,13525,0.62445068359375,-0.00946044921875,-0.00341796875,0.781005859375,19,1,0
13526,0,13526,0.0813559740781784,-0.10887342691421509,9.853643417358398,13525,0.62445068359375,-0.00946044921875,-0.00341796875,0.781005859375,19,1,-1
13526,0,13526,0.0813559740781784,-0.10887342691421509,9.853643417358398,13525,0.62445068359375,-0.00946044921875,-0.00341796875,0.781005859375,19,0,-1
13526,0,13527,0.08015955239534378,-0.10887342691421509,9.852446556091309,13525,0.62445068359375,-0.00946044921875,-0.00341796875,0.781005859375,19,1,-1
13527,0,13529,0.0813559740781784,-0.10887342691421509,9.853643417358398,13528,0.62445068359375,-0.00946044921875,-0.00341796875,0.781005859375,19,1,0
13529,0,13529,0.0813559740781784,-0.10887342691421509,9.853643417358398,13528,0.62445068359375,-0.00946044921875,-0.00341796875,0.781005859375,19,0,-1
13529,0,13529,0.0813559740781784,-0.10767702013254166,9.852446556091309,13528,0.62445068359375,-0.00946044921875,-0.00341796875,0.781005859375,19,1,-1
13529,0,13529,0.0813559740781784,-0.10767702013254166,9.852446556091309,13528,0.62445068359375,-0.00946044921875,-0.00341796875,0.781005859375,19,0,-1
13530,0,13529,0.0813559740781784,-0.10767702013254166,9.852446556091309,13528,0.62445068359375,-0.00946044921875,-0.00341796875,0.781005859375,19,0,-1
13530,0,13531,0.0813559740781784,-0.10767702013254166,9.852446556091309,13528,0.62445068359375,-0.00946044921875,-0.00341796875,0.781005859375,19,1,-1
13531,0,13532,0.08015955239534378,-0.10767702013254166,9.852446556091309,13532,0.62445068359375,-0.00946044921875,-0.00341796875,0.781005859375,19,1,0
13532,0,13533,0.08015955239534378,-0.10887342691421509,9.852446556091309,13533,0.62445068359375,-0.00946044921875,-0.00341796875,0.781005859375,19,1,0
13533,0,13534,0.0813559740781784,-0.10767702013254166,9.852446556091309,13533,0.62445068359375,-0.00946044921875,-0.00341796875,0.781005859375,19,1,-1
13534,0,13534,0.0813559740781784,-0.10767702013254166,9.852446556091309,13533,0.62445068359375,-0.00946044921875,-0.00341796875,0.781005859375,19,0,-1
13534,0,13534,0.0813559740781784,-0.10767702013254166,9.852446556091309,13533,0.62445068359375,-0.00946044921875,-0.00341796875,0.781005859375,19,0,-1
13535,0,13535,0.0813559740781784,-0.10767702013254166,9.853643417358398,13533,0.62445068359375,-0.00946044921875,-0.00341796875,0.781005859375,19,1,-1
13535,0,13535,0.0813559740781784,-0.10767702013254166,9.853643417358398,13533,0.62445068359375,-0.00946044921875,-0.00341796875,0.781005859375,19,0,-1
13536,0,13535,0.0813559740781784,-0.10767702013254166,9.853643417358398,13533,0.62445068359375,-0.00946044921875,-0.00341796875,0.781005859375,19,0,-1
13536,0,13536,0.0813559740781784,-0.10887342691421509,9.852446556091309,13533,0.62445068359375,-0.00946044921875,-0.00341796875,0.781005859375,19,1,-1
13536,0,13538,0.0813559740781784,-0.10887342691421509,9.852446556091309,13537,0.62445068359375,-0.009521484375,-0.00347900390625,0.781005859375,19,1,0
13538,0,13538,0.0813559740781784,-0.10887342691421509,9.852446556091309,13537,0.62445068359375,-0.009521484375,-0.00347900390625,0.781005859375,19,0,-1
13538,0,13539,0.0813559740781784,-0.10767702013254166,9.852446556091309,13537,0.62445068359375,-0.009521484375,-0.00347900390625,0.781005859375,19,1,-1
13539,0,13539,0.0813559740781784,-0.10767702013254166,9.852446556091309,13537,0.62445068359375,-0.009521484375,-0.00347900390625,0.781005859375,19,0,-1
13539,0,13541,0.0813559740781784,-0.10767702013254166,9.852446556091309,13540,0.62445068359375,-0.009521484375,-0.00341796875,0.781005859375,19,1,0
13541,0,13541,0.0813559740781784,-0.10887342691421509,9.852446556091309,13540,0.62445068359375,-0.009521484375,-0.00341796875,0.781005859375,19,1,-1
13541,0,13541,0.0813559740781784,-0.10887342691421509,9.852446556091309,13540,0.62445068359375,-0.009521484375,-0.00341796875,0.781005859375,19,0,-1
13541,0,13543,0.08015955239534378,-0.10887342691421509,9.852446556091309,13542,0.62445068359375,-0.00946044921875,-0.00341796875,0.781005859375,19,1,0
13543,0,13544,0.08015955239534378,-0.10767702013254166,9.853643417358398,13542,0.62445068359375,-0.00946044921875,-0.00341796875,0.781005859375,19,1,-1
13544,0,13544,0.08015955239534378,-0.10767702013254166,9.853643417358398,13542,0.62445068359375,-0.00946044921875,-0.00341796875,0.781005859375,19,0,-1
13544,0,13545,0.08015955239534378,-0.10887342691421509,9.852446556091309,13545,0.62445068359375,-0.00946044921875,-0.00341796875,0.781005859375,19,1,0
13545,0,13546,0.08015955239534378,-0.10887342691421509,9.852446556091309,13545,0.62445068359375,-0.00946044921875,-0.00341796875,0.781005859375,19,1,-1
13546,0,13546,0.08015955239534378,-0.10887342691421509,9.852446556091309,13545,0.62445068359375,-0.00946044921875,-0.00341796875,0.781005859375,19,0,-1
13546,0,13546,0.08015955239534378,-0.10887342691421509,9.852446556091309,13545,0.62445068359375,-0.00946044921875,-0.00341796875,0.781005859375,19,0,-1
13546,0,13547,0.08015955239534378,-0.10887342691421509,9.852446556091309,13545,0.62445068359375,-0.00946044921875,-0.00341796875,0.781005859375,19,1,-1
13547,0,13548,0.08015955239534378,-0.10887342691421509,9.851250648498535,13548,0.62445068359375,-0.00946044921875,-0.00341796875,0.781005859375,19,1,0
13548,0,13548,0.08015955239534378,-0.10887342691421509,9.851250648498535,13548,0.62445068359375,-0.00946044921875,-0.00341796875,0.781005859375,19,0,-1
13549,0,13549,0.08015955239534378,-0.10887342691421509,9.851250648498535,13548,0.62445068359375,-0.00946044921875,-0.00341796875,0.781005859375,19,1,-1
13549,0,13551,0.08015955239534378,-0.10767702013254166,9.851250648498535,13550,0.62445068359375,-0.00946044921875,-0.00347900390625,0.781005859375,19,1,0
13551,0,13551,0.08015955239534378,-0.10767702013254166,9.851250648498535,13550,0.62445068359375,-0.00946044921875,-0.00347900390625,0.781005859375,19,0,-1
13551,0,13552,0.08015955239534378,-0.10767702013254166,9.851250648498535,13550,0.62445068359375,-0.00946044921875,-0.00347900390625,0.781005859375,19,1,-1
13552,0,13552,0.08015955239534378,-0.10767702013254166,9.851250648498535,13550,0.62445068359375,-0.00946044921875,-0.00347900390625,0.781005859375,19,0,-1
13552,0,13552,0.08015955239534378,-0.10767702013254166,9.851250648498535,13550,0.62445068359375,-0.00946044921875,-0.00347900390625,0.781005859375,19,0,-1
13552,0,13554,0.08015955239534378,-0.10887342691421509,9.852446556091309,13553,0.62445068359375,-0.009521484375,-0.00347900390625,0.781005859375,19,1,0
13554,0,13554,0.08015955239534378,-0.10887342691421509,9.852446556091309,13553,0.62445068359375,-0.009521484375,-0.00347900390625,0.781005859375,19,0,-1
13554,0,13554,0.08015955239534378,-0.10887342691421509,9.852446556091309,13553,0.62445068359375,-0.009521484375,-0.00347900390625,0.781005859375,19,0,-1
13554,0,13555,0.08015955239534378,-0.10887342691421509,9.851250648498535,13553,0.62445068359375,-0.009521484375,-0.00347900390625,0.781005859375,19,1,-1
13555,0,13555,0.08015955239534378,-0.10887342691421509,9.851250648498535,13553,0.62445068359375,-0.009521484375,-0.00347900390625,0.781005859375,19,0,-1
13555,0,13555,0.08015955239534378,-0.10887342691421509,9.851250648498535,13553,0.62445068359375,-0.009521484375,-0.00347900390625,0.781005859375,19,0,-1
13556,0,13557,0.08015955239534378,-0.10887342691421509,9.851250648498535,13556,0.62445068359375,-0.00946044921875,-0.00347900390625,0.781005859375,19,1,0
13557,0,13558,0.08015955239534378,-0.10887342691421509,9.851250648498535,13556,0.62445068359375,-0.00946044921875,-0.00347900390625,0.781005859375,19,1,-1
13558,0,13558,0.08015955239534378,-0.10887342691421509,9.851250648498535,13556,0.62445068359375,-0.00946044921875,-0.00347900390625,0.781005859375,19,0,-1
13558,0,13559,0.08015955239534378,-0.10887342691421509,9.851250648498535,13556,0.62445068359375,-0.00946044921875,-0.00347900390625,0.781005859375,19,1,-1
13559,0,13560,0.08015955239534378,-0.10887342691421509,9.851250648498535,13559,0.62445068359375,-0.009521484375,-0.00347900390625,0.781005859375,19,1,0
13560,0,13561,0.07896314561367035,-0.10887342691421509,9.851250648498535,13561,0.62445068359375,-0.009521484375,-0.00347900390625,0.781005859375,19,1,0
13561,0,13561,0.07896314561367035,-0.10887342691421509,9.851250648498535,13561,0.62445068359375,-0.009521484375,-0.00347900390625,0.781005859375,19,0,-1
13562,0,13562,0.07896314561367035,-0.10767702013254166,9.851250648498535,13561,0.62445068359375,-0.009521484375,-0.00347900390625,0.781005859375,19,1,-1
13562,0,13562,0.07896314561367035,-0.10767702013254166,9.851250648498535,13561,0.62445068359375,-0.009521484375,-0.00347900390625,0.781005859375,19,0,-1
13563,0,13562,0.07896314561367035,-0.10767702013254166,9.851250648498535,13561,0.62445068359375,-0.009521484375,-0.00347900390625,0.781005859375,19,0,-1
13563,0,13563,0.07896314561367035,-0.10887342691421509,9.851250648498535,13561,0.62445068359375,-0.009521484375,-0.00347900390625,0.781005859375,19,1,-1
13563,0,13565,0.07896314561367035,-0.10767702013254166,9.851250648498535,13564,0.62445068359375,-0.00946044921875,-0.00347900390625,0.781005859375,19,1,0
13565,0,13565,0.07896314561367035,-0.10767702013254166,9.851250648498535,13564,0.62445068359375,-0.00946044921875,-0.00347900390625,0.781005859375,19,0,-1
13565,0,13566,0.07896314561367035,-0.10767702013254166,9.851250648498535,13564,0.62445068359375,-0.00946044921875,-0.00347900390625,0.781005859375,19,1,-1
13566,0,13566,0.07896314561367035,-0.10767702013254166,9.851250648498535,13564,0.62445068359375,-0.00946044921875,-0.00347900390625,0.781005859375,19,0,-1
13566,0,13566,0.07896314561367035,-0.10767702013254166,9.851250648498535,13564,0.62445068359375,-0.00946044921875,-0.00347900390625,0.781005859375,19,0,-1
13566,0,13568,0.07896314561367035,-0.10767702013254166,9.851250648498535,13567,0.62445068359375,-0.00946044921875,-0.00347900390625,0.781005859375,19,1,0
13568,0,13568,0.07896314561367035,-0.10767702013254166,9.851250648498535,13567,0.62445068359375,-0.00946044921875,-0.00347900390625,0.781005859375,19,0,-1
13568,0,13569,0.07896314561367035,-0.10767702013254166,9.851250648498535,13569,0.62445068359375,-0.009521484375,-0.00347900390625,0.781005859375,19,1,0
13569,0,13569,0.07896314561367035,-0.10767702013254166,9.851250648498535,13569,0.62445068359375,-0.009521484375,-0.00347900390625,0.781005859375,19,0,-1
13570,0,13570,0.07896314561367035,-0.10887342691421509,9.851250648498535,13569,0.62445068359375,-0.009521484375,-0.00347900390625,0.781005859375,19,1,-1
13570,0,13570,0.07896314561367035,-0.10887342691421509,9.851250648498535,13569,0.62445068359375,-0.009521484375,-0.00347900390625,0.781005859375,19,0,-1
13570,0,13570,0.07896314561367035,-0.10887342691421509,9.851250648498535,13569,0.62445068359375,-0.009521484375,-0.00347900390625,0.781005859375,19,0,-1
13571,0,13572,0.07896314561367035,-0.10767702013254166,9.851250648498535,13572,0.62445068359375,-0.009521484375,-0.00347900390625,0.781005859375,19,1,0
13572,0,13573,0.07896314561367035,-0.10767702013254166,9.851250648498535,13572,0.62445068359375,-0.009521484375,-0.00347900390625,0.781005859375,19,1,-1
13573,0,13574,0.07896314561367035,-0.10767702013254166,9.851250648498535,13574,0.62445068359375,-0.009521484375,-0.00347900390625,0.781005859375,19,1,0
13574,0,13575,0.07896314561367035,-0.10767702013254166,9.851250648498535,13574,0.62445068359375,-0.009521484375,-0.00347900390625,0.781005859375,19,1,-1
13575,0,13575,0.07896314561367035,-0.10767702013254166,9.851250648498535,13574,0.62445068359375,-0.009521484375,-0.00347900390625,0.781005859375,19,0,-1
13575,0,13575,0.07896314561367035,-0.10767702013254166,9.851250648498535,13574,0.62445068359375,-0.009521484375,-0.00347900390625,0.781005859375,19,0,-1
13575,0,13576,0.07776673883199692,-0.10767702013254166,9.850054740905762,13574,0.62445068359375,-0.009521484375,-0.00347900390625,0.781005859375,19,1,-1
13576,0,13577,0.07896314561367035,-0.10767702013254166,9.850054740905762,13577,0.62445068359375,-0.009521484375,-0.00347900390625,0.781005859375,19,1,0
13577,0,13579,0.07896314561367035,-0.10767702013254166,9.850054740905762,13578,0.62445068359375,-0.009521484375,-0.00347900390625,0.781005859375,19,1,0
13579,0,13580,0.07776673883199692,-0.10767702013254166,9.850054740905762,13580,0.62445068359375,-0.009521484375,-0.00347900390625,0.781005859375,19,1,0
13580,0,13581,0.07776673883199692,-0.10767702013254166,9.850054740905762,13580,0.62445068359375,-0.009521484375,-0.00347900390625,0.781005859375,19,1,-1
13581,0,13581,0.07776673883199692,-0.10767702013254166,9.850054740905762,13580,0.62445068359375,-0.009521484375,-0.00347900390625,0.781005859375,19,0,-1
13581,0,13582,0.07776673883199692,-0.10767702013254166,9.850054740905762,13580,0.62445068359375,-0.009521484375,-0.00347900390625,0.781005859375,19,1,-1
13582,0,13583,0.07896314561367035,-0.10767702013254166,9.850054740905762,13583,0.62445068359375,-0.009521484375,-0.00347900390625,0.781005859375,19,1,0
13583,0,13583,0.07896314561367035,-0.10767702013254166,9.850054740905762,13583,0.62445068359375,-0.009521484375,-0.00347900390625,0.781005859375,19,0,-1
13583,0,13583,0.07896314561367035,-0.10767702013254166,9.850054740905762,13583,0.62445068359375,-0.009521484375,-0.00347900390625,0.781005859375,19,0,-1
13584,0,13584,0.07776673883199692,-0.10767702013254166,9.850054740905762,13583,0.62445068359375,-0.009521484375,-0.00347900390625,0.781005859375,19,1,-1
13584,0,13584,0.07776673883199692,-0.10767702013254166,9.850054740905762,13583,0.62445068359375,-0.009521484375,-0.00347900390625,0.781005859375,19,0,-1
13585,0,13586,0.07896314561367035,-0.10767702013254166,9.850054740905762,13586,0.62445068359375,-0.009521484375,-0.00347900390625,0.781005859375,19,1,0
13586,0,13586,0.07896314561367035,-0.10767702013254166,9.850054740905762,13586,0.62445068359375,-0.009521484375,-0.00347900390625,0.781005859375,19,0,-1
13587,0,13586,0.07896314561367035,-0.10767702013254166,9.850054740905762,13586,0.62445068359375,-0.009521484375,-0.00347900390625,0.781005859375,19,0,-1
13587,0,13586,0.07896314561367035,-0.10767702013254166,9.850054740905762,13586,0.62445068359375,-0.009521484375,-0.00347900390625,0.781005859375,19,0,-1
13587,0,13589,0.07776673883199692,-0.10767702013254166,9.850054740905762,13588,0.62445068359375,-0.009521484375,-0.00347900390625,0.781005859375,19,1,0
13589,0,13589,0.07776673883199692,-0.10767702013254166,9.850054740905762,13588,0.62445068359375,-0.009521484375,-0.00347900390625,0.781005859375,19,0,-1
13589,0,13590,0.07896314561367035,-0.10887342691421509,9.850054740905762,13590,0.62445068359375,-0.009521484375,-0.0035400390625,0.781005859375,19,1,0
13590,0,13590,0.07896314561367035,-0.10887342691421509,9.850054740905762,13590,0.62445068359375,-0.009521484375,-0.0035400390625,0.781005859375,19,0,-1
13591,0,13591,0.07896314561367035,-0.10887342691421509,9.851250648498535,13590,0.62445068359375,-0.009521484375,-0.0035400390625,0.781005859375,19,1,-1
13591,0,13591,0.07896314561367035,-0.10887342691421509,9.851250648498535,13590,0.62445068359375,-0.009521484375,-0.0035400390625,0.781005859375,19,0,-1
13592,0,13591,0.07896314561367035,-0.10887342691421509,9.851250648498535,13590,0.62445068359375,-0.009521484375,-0.0035400390625,0.781005859375,19,0,-1
13592,0,13592,0.07776673883199692,-0.10767702013254166,9.851250648498535,13590,0.62445068359375,-0.009521484375,-0.0035400390625,0.781005859375,19,1,-1
13592,0,13592,0.07776673883199692,-0.10767702013254166,9.851250648498535,13590,0.62445068359375,-0.009521484375,-0.0035400390625,0.781005859375,19,0,-1
13593,0,13592,0.07776673883199692,-0.10767702013254166,9.851250648498535,13590,0.62445068359375,-0.009521484375,-0.0035400390625,0.781005859375,19,0,-1
13593,0,13594,0.07896314561367035,-0.10767702013254166,9.851250648498535,13594,0.62445068359375,-0.009521484375,-0.0035400390625,0.781005859375,19,1,0
13594,0,13594,0.07896314561367035,-0.10767702013254166,9.851250648498535,13594,0.62445068359375,-0.009521484375,-0.0035400390625,0.781005859375,19,0,-1
13595,0,13594,0.07896314561367035,-0.10767702013254166,9.851250648498535,13594,0.62445068359375,-0.009521484375,-0.0035400390625,0.781005859375,19,0,-1
13595,0,13594,0.07896314561367035,-0.10767702013254166,9.851250648498535,13594,0.62445068359375,-0.009521484375,-0.0035400390625,0.781005859375,19,0,-1
13595,0,13596,0.07776673883199692,-0.10767702013254166,9.850054740905762,13594,0.62445068359375,-0.009521484375,-0.0035400390625,0.781005859375,19,1,-1
13596,0,13597,0.07776673883199692,-0.10767702013254166,9.850054740905762,13597,0.62445068359375,-0.009521484375,-0.0035400390625,0.781005859375,19,1,0
13597,0,13597,0.07776673883199692,-0.10767702013254166,9.850054740905762,13597,0.62445068359375,-0.009521484375,-0.0035400390625,0.781005859375,19,0,-1
13598,0,13598,0.07776673883199692,-0.10767702013254166,9.850054740905762,13597,0.62445068359375,-0.009521484375,-0.0035400390625,0.781005859375,19,1,-1
13598,0,13598,0.07776673883199692,-0.10767702013254166,9.850054740905762,13597,0.62445068359375,-0.009521484375,-0.0035400390625,0.781005859375,19,0,-1
13598,0,13598,0.07776673883199692,-0.10767702013254166,9.850054740905762,13597,0.62445068359375,-0.009521484375,-0.0035400390625,0.781005859375,19,0,-1
13599,0,13600,0.07776673883199692,-0.10767702013254166,9.850054740905762,13600,0.62445068359375,-0.009521484375,-0.0035400390625,0.781005859375,19,1,0
13600,0,13601,0.07776673883199692,-0.10767702013254166,9.850054740905762,13600,0.62445068359375,-0.009521484375,-0.0035400390625,0.781005859375,19,1,-1
13601,0,13601,0.07776673883199692,-0.10767702013254166,9.850054740905762,13600,0.62445068359375,-0.009521484375,-0.0035400390625,0.781005859375,19,0,-1
13601,0,13602,0.07776673883199692,-0.10767702013254166,9.850054740905762,13600,0.62445068359375,-0.009521484375,-0.0035400390625,0.781005859375,19,1,-1
13602,0,13602,0.07776673883199692,-0.10767702013254166,9.850054740905762,13600,0.62445068359375,-0.009521484375,-0.0035400390625,0.781005859375,19,0,-1
13602,0,13603,0.07776673883199692,-0.10767702013254166,9.850054740905762,13603,0.62445068359375,-0.009521484375,-0.0035400390625,0.781005859375,19,1,0
13603,0,13604,0.07776673883199692,-0.10767702013254166,9.850054740905762,13603,0.62445068359375,-0.009521484375,-0.0035400390625,0.781005859375,19,1,-1
13604,0,13604,0.07776673883199692,-0.10767702013254166,9.850054740905762,13603,0.62445068359375,-0.009521484375,-0.0035400390625,0.781005859375,19,0,-1
13604,0,13604,0.07776673883199692,-0.10767702013254166,9.850054740905762,13603,0.62445068359375,-0.009521484375,-0.0035400390625,0.781005859375,19,0,-1
13605,0,13605,0.07776673883199692,-0.10767702013254166,9.851250648498535,13603,0.62445068359375,-0.009521484375,-0.0035400390625,0.781005859375,19,1,-1
13605,0,13605,0.07776673883199692,-0.10767702013254166,9.851250648498535,13603,0.62445068359375,-0.009521484375,-0.0035400390625,0.781005859375,19,0,-1
13606,0,13607,0.07776673883199692,-0.10767702013254166,9.851250648498535,13606,0.62445068359375,-0.009521484375,-0.0035400390625,0.781005859375,19,1,0
13607,0,13608,0.07776673883199692,-0.10767702013254166,9.850054740905762,13608,0.62445068359375,-0.009521484375,-0.0035400390625,0.781005859375,19,1,0
13608,0,13609,0.07776673883199692,-0.10767702013254166,9.850054740905762,13608,0.62445068359375,-0.009521484375,-0.0035400390625,0.781005859375,19,1,-1
13609,0,13609,0.07776673883199692,-0.10767702013254166,9.850054740905762,13608,0.62445068359375,-0.009521484375,-0.0035400390625,0.781005859375,19,0,-1
13609,0,13610,0.07776673883199692,-0.10767702013254166,9.851250648498535,13608,0.62445068359375,-0.009521484375,-0.0035400390625,0.781005859375,19,1,-1
13610,0,13611,0.07776673883199692,-0.10887342691421509,9.851250648498535,13611,0.62445068359375,-0.009521484375,-0.0035400390625,0.781005859375,19,1,0
13611,0,13611,0.07776673883199692,-0.10887342691421509,9.851250648498535,13611,0.62445068359375,-0.009521484375,-0.0035400390625,0.781005859375,19,0,-1
13612,0,13612,0.07776673883199692,-0.10887342691421509,9.851250648498535,13611,0.62445068359375,-0.009521484375,-0.0035400390625,0.781005859375,19,1,-1
13612,0,13612,0.07776673883199692,-0.10887342691421509,9.851250648498535,13611,0.62445068359375,-0.009521484375,-0.0035400390625,0.781005859375,19,0,-1
13612,0,13614,0.07776673883199692,-0.10887342691421509,9.851250648498535,13613,0.62445068359375,-0.009521484375,-0.0035400390625,0.781005859375,19,1,0
13614,0,13615,0.07896314561367035,-0.10887342691421509,9.851250648498535,13615,0.62445068359375,-0.009521484375,-0.0035400390625,0.781005859375,19,1,0
13615,0,13616,0.07776673883199692,-0.11006984114646912,9.851250648498535,13615,0.62445068359375,-0.009521484375,-0.0035400390625,0.781005859375,19,1,-1
13616,0,13616,0.07776673883199692,-0.11006984114646912,9.851250648498535,13615,0.62445068359375,-0.009521484375,-0.0035400390625,0.781005859375,19,0,-1
13616,0,13616,0.07776673883199692,-0.11006984114646912,9.851250648498535,13615,0.62445068359375,-0.009521484375,-0.0035400390625,0.781005859375,19,0,-1
13616,0,13617,0.07776673883199692,-0.11006984114646912,9.851250648498535,13615,0.62445068359375,-0.009521484375,-0.0035400390625,0.781005859375,19,1,-1
13617,0,13617,0.07776673883199692,-0.11006984114646912,9.851250648498535,13615,0.62445068359375,-0.009521484375,-0.0035400390625,0.781005859375,19,0,-1
13617,0,13618,0.07776673883199692,-0.11006984114646912,9.851250648498535,13615,0.62445068359375,-0.009521484375,-0.0035400390625,0.781005859375,19,1,-1
13618,0,13618,0.07776673883199692,-0.11006984114646912,9.851250648498535,13615,0.62445068359375,-0.009521484375,-0.0035400390625,0.781005859375,19,0,-1
13618,0,13620,0.07776673883199692,-0.11006984114646912,9.851250648498535,13619,0.62445068359375,-0.009521484375,-0.0035400390625,0.781005859375,19,1,0
13620,0,13620,0.07776673883199692,-0.11006984114646912,9.851250648498535,13619,0.62445068359375,-0.009521484375,-0.0035400390625,0.781005859375,19,0,-1
13620,0,13621,0.07896314561367035,-0.11006984114646912,9.851250648498535,13621,0.62445068359375,-0.009521484375,-0.0035400390625,0.781005859375,19,1,0
13621,0,13621,0.07896314561367035,-0.11006984114646912,9.851250648498535,13621,0.62445068359375,-0.009521484375,-0.0035400390625,0.781005859375,19,0,-1
13622,0,13621,0.07896314561367035,-0.11006984114646912,9.851250648498535,13621,0.62445068359375,-0.009521484375,-0.0035400390625,0.781005859375,19,0,-1
13622,0,13621,0.07896314561367035,-0.11006984114646912,9.851250648498535,13621,0.62445068359375,-0.009521484375,-0.0035400390625,0.781005859375,19,0,-1
13622,0,13624,0.07896314561367035,-0.11006984114646912,9.851250648498535,13623,0.62445068359375,-0.009521484375,-0.0035400390625,0.781005859375,19,1,0
13624,0,13624,0.07896314561367035,-0.11006984114646912,9.851250648498535,13623,0.62445068359375,-0.009521484375,-0.0035400390625,0.781005859375,19,0,-1
13624,0,13625,0.07896314561367035,-0.11006984114646912,9.852446556091309,13625,0.62445068359375,-0.009521484375,-0.0035400390625,0.781005859375,19,1,0
13625,0,13625,0.07896314561367035,-0.11006984114646912,9.852446556091309,13625,0.62445068359375,-0.009521484375,-0.0035400390625,0.781005859375,19,0,-1
13626,0,13626,0.07896314561367035,-0.11006984114646912,9.852446556091309,13625,0.62445068359375,-0.009521484375,-0.0035400390625,0.781005859375,19,1,-1
13626,0,13626,0.07896314561367035,-0.11006984114646912,9.852446556091309,13625,0.62445068359375,-0.009521484375,-0.0035400390625,0.781005859375,19,0,-1
13627,0,13626,0.07896314561367035,-0.11006984114646912,9.852446556091309,13625,0.62445068359375,-0.009521484375,-0.0035400390625,0.781005859375,19,0,-1
13627,0,13628,0.07896314561367035,-0.11006984114646912,9.851250648498535,13625,0.62445068359375,-0.009521484375,-0.0035400390625,0.781005859375,19,1,-1
13628,0,13629,0.07776673883199692,-0.10887342691421509,9.851250648498535,13628,0.62445068359375,-0.009521484375,-0.00360107421875,0.781005859375,19,1,0
13629,0,13629,0.07776673883199692,-0.10887342691421509,9.851250648498535,13628,0.62445068359375,-0.009521484375,-0.00360107421875,0.781005859375,19,0,-1
13629,0,13630,0.07776673883199692,-0.10887342691421509,9.852446556091309,13628,0.62445068359375,-0.009521484375,-0.00360107421875,0.781005859375,19,1,-1
13630,0,13631,0.07896314561367035,-0.10887342691421509,9.852446556091309,13631,0.62445068359375,-0.009521484375,-0.00360107421875,0.781005859375,19,1,0
13631,0,13631,0.07896314561367035,-0.10887342691421509,9.852446556091309,13631,0.62445068359375,-0.009521484375,-0.00360107421875,0.781005859375,19,0,-1
13632,0,13632,0.07896314561367035,-0.10887342691421509,9.852446556091309,13631,0.62445068359375,-0.009521484375,-0.00360107421875,0.781005859375,19,1,-1
13632,0,13634,0.07776673883199692,-0.10767702013254166,9.851250648498535,13633,0.62445068359375,-0.009521484375,-0.0035400390625,0.781005859375,19,1,0
13634,0,13634,0.07776673883199692,-0.10767702013254166,9.851250648498535,13633,0.62445068359375,-0.009521484375,-0.0035400390625,0.781005859375,19,0,-1
13634,0,13635,0.07776673883199692,-0.10767702013254166,9.852446556091309,13633,0.62445068359375,-0.009521484375,-0.0035400390625,0.781005859375,19,1,-1
13635,0,13636,0.07896314561367035,-0.10767702013254166,9.852446556091309,13636,0.62445068359375,-0.00958251953125,-0.0035400390625,0.781005859375,19,1,0
13636,0,13637,0.07896314561367035,-0.10767702013254166,9.852446556091309,13636,0.62445068359375,-0.00958251953125,-0.0035400390625,0.781005859375,19,1,-1
13637,0,13637,0.07896314561367035,-0.10767702013254166,9.852446556091309,13636,0.62445068359375,-0.00958251953125,-0.0035400390625,0.781005859375,19,0,-1
13637,0,13637,0.07896314561367035,-0.10767702013254166,9.852446556091309,13636,0.62445068359375,-0.00958251953125,-0.0035400390625,0.781005859375,19,0,-1
13637,0,13638,0.07896314561367035,-0.10767702013254166,9.852446556091309,13636,0.62445068359375,-0.00958251953125,-0.0035400390625,0.781005859375,19,1,-1
13638,0,13639,0.07896314561367035,-0.10767702013254166,9.852446556091309,13639,0.62445068359375,-0.00958251953125,-0.00360107421875,0.781005859375,19,1,0
13639,0,13639,0.07896314561367035,-0.10767702013254166,9.852446556091309,13639,0.62445068359375,-0.00958251953125,-0.00360107421875,0.781005859375,19,0,-1
13640,0,13640,0.07896314561367035,-0.10767702013254166,9.853643417358398,13639,0.62445068359375,-0.00958251953125,-0.00360107421875,0.781005859375,19,1,-1
13640,0,13640,0.07896314561367035,-0.10767702013254166,9.853643417358398,13639,0.62445068359375,-0.00958251953125,-0.00360107421875,0.781005859375,19,0,-1
13641,0,13640,0.07896314561367035,-0.10767702013254166,9.853643417358398,13639,0.62445068359375,-0.00958251953125,-0.00360107421875,0.781005859375,19,0,-1
13641,0,13642,0.07896314561367035,-0.10767702013254166,9.852446556091309,13642,0.62451171875,-0.00958251953125,-0.00360107421875,0.78094482421875,19,1,0
13642,0,13644,0.07896314561367035,-0.10767702013254166,9.852446556091309,13643,0.62445068359375,-0.00958251953125,-0.00360107421875,0.781005859375,19,1,0
13644,0,13644,0.07896314561367035,-0.10767702013254166,9.852446556091309,13643,0.62445068359375,-0.00958251953125,-0.00360107421875,0.781005859375,19,0,-1
13644,0,13644,0.07896314561367035,-0.10767702013254166,9.852446556091309,13643,0.62445068359375,-0.00958251953125,-0.00360107421875,0.781005859375,19,0,-1
13644,0,13644,0.07896314561367035,-0.10767702013254166,9.852446556091309,13643,0.62445068359375,-0.00958251953125,-0.00360107421875,0.781005859375,19,0,-1
13644,0,13645,0.07896314561367035,-0.10767702013254166,9.852446556091309,13643,0.62445068359375,-0.00958251953125,-0.00360107421875,0.781005859375,19,1,-1
13645,0,13645,0.07896314561367035,-0.10767702013254166,9.852446556091309,13643,0.62445068359375,-0.00958251953125,-0.00360107421875,0.781005859375,19,0,-1
13645,0,13647,0.07896314561367035,-0.10767702013254166,9.852446556091309,13646,0.62445068359375,-0.00958251953125,-0.00360107421875,0.781005859375,19,1,0
13647,0,13647,0.07896314561367035,-0.10767702013254166,9.852446556091309,13646,0.62445068359375,-0.00958251953125,-0.00360107421875,0.781005859375,19,1,-1
13647,0,13647,0.07896314561367035,-0.10767702013254166,9.852446556091309,13646,0.62445068359375,-0.00958251953125,-0.00360107421875,0.781005859375,19,0,-1
13648,0,13648,0.07896314561367035,-0.10767702013254166,9.852446556091309,13646,0.62445068359375,-0.00958251953125,-0.00360107421875,0.781005859375,19,1,-1
13648,0,13650,0.07896314561367035,-0.10767702013254166,9.852446556091309,13649,0.62445068359375,-0.00958251953125,-0.00360107421875,0.781005859375,19,1,0
13650,0,13651,0.07896314561367035,-0.10767702013254166,9.851250648498535,13651,0.62445068359375,-0.00958251953125,-0.00360107421875,0.78094482421875,19,1,0
13651,0,13651,0.07896314561367035,-0.10767702013254166,9.851250648498535,13651,0.62445068359375,-0.00958251953125,-0.00360107421875,0.78094482421875,19,0,-1
13651,0,13652,0.08015955239534378,-0.10767702013254166,9.851250648498535,13651,0.62445068359375,-0.00958251953125,-0.00360107421875,0.78094482421875,19,1,-1
13652,0,13653,0.08015955239534378,-0.10767702013254166,9.851250648498535,13653,0.62451171875,-0.00958251953125,-0.00360107421875,0.78094482421875,19,1,0
13653,0,13653,0.08015955239534378,-0.10767702013254166,9.851250648498535,13653,0.62451171875,-0.00958251953125,-0.00360107421875,0.78094482421875,19,0,-1
13654,0,13654,0.08015955239534378,-0.10767702013254166,9.851250648498535,13653,0.62451171875,-0.00958251953125,-0.00360107421875,0.78094482421875,19,1,-1
13654,0,13656,0.07896314561367035,-0.10767702013254166,9.851250648498535,13655,0.62451171875,-0.00958251953125,-0.00360107421875,0.78094482421875,19,1,0
13656,0,13656,0.07896314561367035,-0.10767702013254166,9.851250648498535,13655,0.62451171875,-0.00958251953125,-0.00360107421875,0.78094482421875,19,0,-1
13656,0,13657,0.07896314561367035,-0.10767702013254166,9.851250648498535,13655,0.62451171875,-0.00958251953125,-0.00360107421875,0.78094482421875,19,1,-1
13657,0,13657,0.07896314561367035,-0.10767702013254166,9.851250648498535,13655,0.62451171875,-0.00958251953125,-0.00360107421875,0.78094482421875,19,0,-1
13657,0,13657,0.07896314561367035,-0.10767702013254166,9.851250648498535,13655,0.62451171875,-0.00958251953125,-0.00360107421875,0.78094482421875,19,0,-1
13657,0,13658,0.07896314561367035,-0.10767702013254166,9.851250648498535,13655,0.62451171875,-0.00958251953125,-0.00360107421875,0.78094482421875,19,1,-1
13658,0,13659,0.08015955239534378,-0.10767702013254166,9.851250648498535,13659,0.62445068359375,-0.00958251953125,-0.00360107421875,0.781005859375,19,1,0
13659,0,13661,0.08015955239534378,-0.10767702013254166,9.851250648498535,13660,0.62445068359375,-0.00958251953125,-0.00360107421875,0.78094482421875,19,1,0
13661,0,13661,0.08015955239534378,-0.10767702013254166,9.851250648498535,13660,0.62445068359375,-0.00958251953125,-0.00360107421875,0.78094482421875,19,1,-1
13661,0,13661,0.08015955239534378,-0.10767702013254166,9.851250648498535,13660,0.62445068359375,-0.00958251953125,-0.00360107421875,0.78094482421875,19,0,-1
13662,0,13663,0.08015955239534378,-0.10767702013254166,9.851250648498535,13663,0.62445068359375,-0.00958251953125,-0.003662109375,0.781005859375,19,1,0
13663,0,13664,0.08015955239534378,-0.10767702013254166,9.851250648498535,13663,0.62445068359375,-0.00958251953125,-0.003662109375,0.781005859375,19,1,-1
13664,0,13664,0.08015955239534378,-0.10767702013254166,9.851250648498535,13663,0.62445068359375,-0.00958251953125,-0.003662109375,0.781005859375,19,0,-1
13664,0,13665,0.08015955239534378,-0.10767702013254166,9.851250648498535,13665,0.62445068359375,-0.00958251953125,-0.003662109375,0.781005859375,19,1,0
13665,0,13666,0.07896314561367035,-0.10767702013254166,9.851250648498535,13665,0.62445068359375,-0.00958251953125,-0.003662109375,0.781005859375,19,1,-1
13666,0,13666,0.07896314561367035,-0.10767702013254166,9.851250648498535,13665,0.62445068359375,-0.00958251953125,-0.003662109375,0.781005859375,19,0,-1
13666,0,13666,0.07896314561367035,-0.10767702013254166,9.851250648498535,13665,0.62445068359375,-0.00958251953125,-0.003662109375,0.781005859375,19,0,-1
13667,0,13667,0.07896314561367035,-0.10767702013254166,9.851250648498535,13665,0.62445068359375,-0.00958251953125,-0.003662109375,0.781005859375,19,1,-1
13667,0,13669,0.07896314561367035,-0.10767702013254166,9.851250648498535,13668,0.62445068359375,-0.00958251953125,-0.003662109375,0.781005859375,19,1,0
13669,0,13669,0.07896314561367035,-0.10767702013254166,9.851250648498535,13668,0.62445068359375,-0.00958251953125,-0.003662109375,0.781005859375,19,0,-1
13669,0,13670,0.07896314561367035,-0.10767702013254166,9.851250648498535,13668,0.62445068359375,-0.00958251953125,-0.003662109375,0.781005859375,19,1,-1
13670,0,13671,0.08015955239534378,-0.10767702013254166,9.851250648498535,13671,0.62445068359375,-0.00958251953125,-0.003662109375,0.781005859375,19,1,0
13671,0,13671,0.08015955239534378,-0.10767702013254166,9.851250648498535,13671,0.62445068359375,-0.00958251953125,-0.003662109375,0.781005859375,19,0,-1
13671,0,13672,0.07896314561367035,-0.10767702013254166,9.852446556091309,13671,0.62445068359375,-0.00958251953125,-0.003662109375,0.781005859375,19,1,-1
13672,0,13674,0.07896314561367035,-0.10767702013254166,9.852446556091309,13673,0.62445068359375,-0.00958251953125,-0.003662109375,0.781005859375,19,1,0
13674,0,13674,0.08015955239534378,-0.10767702013254166,9.853643417358398,13673,0.62445068359375,-0.00958251953125,-0.003662109375,0.781005859375,19,1,-1
13674,0,13674,0.08015955239534378,-0.10767702013254166,9.853643417358398,13673,0.62445068359375,-0.00958251953125,-0.003662109375,0.781005859375,19,0,-1
13674,0,13674,0.08015955239534378,-0.10767702013254166,9.853643417358398,13673,0.62445068359375,-0.00958251953125,-0.003662109375,0.781005859375,19,0,-1
13675,0,13675,0.08015955239534378,-0.10767702013254166,9.853643417358398,13673,0.62445068359375,-0.00958251953125,-0.003662109375,0.781005859375,19,1,-1
13675,0,13675,0.08015955239534378,-0.10767702013254166,9.853643417358398,13673,0.62445068359375,-0.00958251953125,-0.003662109375,0.781005859375,19,0,-1
13676,0,13675,0.08015955239534378,-0.10767702013254166,9.853643417358398,13673,0.62445068359375,-0.00958251953125,-0.003662109375,0.781005859375,19,0,-1
13676,0,13677,0.08015955239534378,-0.10767702013254166,9.852446556091309,13677,0.62445068359375,-0.00958251953125,-0.003662109375,0.78094482421875,19,1,0
13677,0,13677,0.08015955239534378,-0.10767702013254166,9.852446556091309,13677,0.62445068359375,-0.00958251953125,-0.003662109375,0.78094482421875,19,0,-1
13678,0,13679,0.08015955239534378,-0.10767702013254166,9.852446556091309,13678,0.62445068359375,-0.00958251953125,-0.003662109375,0.781005859375,19,1,0
13679,0,13679,0.08015955239534378,-0.10767702013254166,9.852446556091309,13678,0.62445068359375,-0.00958251953125,-0.003662109375,0.781005859375,19,0,-1
13679,0,13680,0.0813559740781784,-0.10767702013254166,9.852446556091309,13678,0.62445068359375,-0.00958251953125,-0.003662109375,0.781005859375,19,1,-1
13680,0,13680,0.0813559740781784,-0.10767702013254166,9.852446556091309,13678,0.62445068359375,-0.00958251953125,-0.003662109375,0.781005859375,19,0,-1
13680,0,13680,0.0813559740781784,-0.10767702013254166,9.852446556091309,13678,0.62445068359375,-0.00958251953125,-0.003662109375,0.781005859375,19,0,-1
13680,0,13682,0.08015955239534378,-0.10767702013254166,9.852446556091309,13681,0.62445068359375,-0.00958251953125,-0.003662109375,0.781005859375,19,1,0
13682,0,13682,0.08015955239534378,-0.10767702013254166,9.852446556091309,13681,0.62445068359375,-0.00958251953125,-0.003662109375,0.781005859375,19,1,-1
13682,0,13682,0.08015955239534378,-0.10767702013254166,9.852446556091309,13681,0.62445068359375,-0.00958251953125,-0.003662109375,0.781005859375,19,0,-1
13683,0,13683,0.08015955239534378,-0.10767702013254166,9.852446556091309,13681,0.62445068359375,-0.00958251953125,-0.003662109375,0.781005859375,19,1,-1
13683,0,13685,0.08015955239534378,-0.10767702013254166,9.852446556091309,13684,0.62445068359375,-0.00958251953125,-0.003662109375,0.781005859375,19,1,0
13685,0,13685,0.08015955239534378,-0.10767702013254166,9.852446556091309,13684,0.62445068359375,-0.00958251953125,-0.003662109375,0.781005859375,19,0,-1
13685,0,13686,0.08015955239534378,-0.10767702013254166,9.852446556091309,13686,0.62445068359375,-0.00958251953125,-0.003662109375,0.78094482421875,19,1,0
13686,0,13687,0.08015955239534378,-0.10767702013254166,9.851250648498535,13686,0.62445068359375,-0.00958251953125,-0.003662109375,0.78094482421875,19,1,-1
13687,0,13687,0.08015955239534378,-0.10767702013254166,9.851250648498535,13686,0.62445068359375,-0.00958251953125,-0.003662109375,0.78094482421875,19,0,-1
13687,0,13688,0.08015955239534378,-0.10767702013254166,9.851250648498535,13686,0.62445068359375,-0.00958251953125,-0.003662109375,0.78094482421875,19,1,-1
13688,0,13689,0.0813559740781784,-0.10767702013254166,9.851250648498535,13689,0.62451171875,-0.00958251953125,-0.003662109375,0.78094482421875,19,1,0
13689,0,13691,0.0813559740781784,-0.10767702013254166,9.851250648498535,13690,0.62451171875,-0.00958251953125,-0.003662109375,0.78094482421875,19,1,0
13691,0,13692,0.08015955239534378,-0.10767702013254166,9.851250648498535,13690,0.62451171875,-0.00958251953125,-0.003662109375,0.78094482421875,19,1,-1
13692,0,13692,0.08015955239534378,-0.10767702013254166,9.851250648498535,13690,0.62451171875,-0.00958251953125,-0.003662109375,0.78094482421875,19,0,-1
13692,0,13692,0.08015955239534378,-0.10767702013254166,9.851250648498535,13690,0.62451171875,-0.00958251953125,-0.003662109375,0.78094482421875,19,0,-1
13692,0,13693,0.0813559740781784,-0.10767702013254166,9.851250648498535,13690,0.62451171875,-0.00958251953125,-0.003662109375,0.78094482421875,19,1,-1
13693,0,13694,0.0813559740781784,-0.10767702013254166,9.851250648498535,13694,0.62451171875,-0.0096435546875,-0.003662109375,0.78094482421875,19,1,0
13694,0,13694,0.0813559740781784,-0.10767702013254166,9.851250648498535,13694,0.62451171875,-0.0096435546875,-0.003662109375,0.78094482421875,19,0,-1
13694,0,13695,0.0813559740781784,-0.10887342691421509,9.852446556091309,13694,0.62451171875,-0.0096435546875,-0.003662109375,0.78094482421875,19,1,-1
13695,0,13695,0.0813559740781784,-0.10887342691421509,9.852446556091309,13694,0.62451171875,-0.0096435546875,-0.003662109375,0.78094482421875,19,0,-1
13695,0,13695,0.0813559740781784,-0.10887342691421509,9.852446556091309,13694,0.62451171875,-0.0096435546875,-0.003662109375,0.78094482421875,19,0,-1
13696,0,13696,0.0813559740781784,-0.10767702013254166,9.852446556091309,13694,0.62451171875,-0.0096435546875,-0.003662109375,0.78094482421875,19,1,-1
13696,0,13698,0.08015955239534378,-0.10767702013254166,9.852446556091309,13697,0.62451171875,-0.0096435546875,-0.003662109375,0.78094482421875,19,1,0
13698,0,13698,0.08015955239534378,-0.10767702013254166,9.852446556091309,13697,0.62451171875,-0.0096435546875,-0.003662109375,0.78094482421875,19,0,-1
13698,0,13699,0.08015955239534378,-0.10767702013254166,9.852446556091309,13697,0.62451171875,-0.0096435546875,-0.003662109375,0.78094482421875,19,1,-1
13699,0,13700,0.08015955239534378,-0.10767702013254166,9.852446556091309,13700,0.62451171875,-0.00958251953125,-0.003662109375,0.78094482421875,19,1,0
13700,0,13700,0.08015955239534378,-0.10767702013254166,9.852446556091309,13700,0.62451171875,-0.00958251953125,-0.003662109375,0.78094482421875,19,0,-1
13700,0,13701,0.0813559740781784,-0.10887342691421509,9.852446556091309,13700,0.62451171875,-0.00958251953125,-0.003662109375,0.78094482421875,19,1,-1
13701,0,13701,0.0813559740781784,-0.10887342691421509,9.852446556091309,13700,0.62451171875,-0.00958251953125,-0.003662109375,0.78094482421875,19,0,-1
13701,0,13701,0.0813559740781784,-0.10887342691421509,9.852446556091309,13700,0.62451171875,-0.00958251953125,-0.003662109375,0.78094482421875,19,0,-1
13702,0,13703,0.08015955239534378,-0.10767702013254166,9.852446556091309,13702,0.62451171875,-0.00958251953125,-0.003662109375,0.78094482421875,19,1,0
13703,0,13703,0.08015955239534378,-0.10767702013254166,9.852446556091309,13702,0.62451171875,-0.00958251953125,-0.003662109375,0.78094482421875,19,0,-1
13703,0,13703,0.08015955239534378,-0.10767702013254166,9.852446556091309,13702,0.62451171875,-0.00958251953125,-0.003662109375,0.78094482421875,19,0,-1
13703,0,13703,0.08015955239534378,-0.10767702013254166,9.852446556091309,13702,0.62451171875,-0.00958251953125,-0.003662109375,0.78094482421875,19,0,-1
13704,0,13704,0.08015955239534378,-0.10767702013254166,9.852446556091309,13702,0.62451171875,-0.00958251953125,-0.003662109375,0.78094482421875,19,1,-1
13704,0,13706,0.08015955239534378,-0.10767702013254166,9.852446556091309,13705,0.62451171875,-0.0096435546875,-0.003662109375,0.78094482421875,19,1,0
13706,0,13706,0.08015955239534378,-0.10767702013254166,9.852446556091309,13705,0.62451171875,-0.0096435546875,-0.003662109375,0.78094482421875,19,0,-1
13706,0,13708,0.08015955239534378,-0.10767702013254166,9.851250648498535,13707,0.62451171875,-0.0096435546875,-0.003662109375,0.78094482421875,19,1,0
13708,0,13708,0.08015955239534378,-0.10767702013254166,9.851250648498535,13707,0.62451171875,-0.0096435546875,-0.003662109375,0.78094482421875,19,0,-1
13708,0,13708,0.08015955239534378,-0.10767702013254166,9.851250648498535,13707,0.62451171875,-0.0096435546875,-0.003662109375,0.78094482421875,19,0,-1
13708,0,13708,0.08015955239534378,-0.10767702013254166,9.851250648498535,13707,0.62451171875,-0.0096435546875,-0.003662109375,0.78094482421875,19,0,-1
13708,0,13709,0.08015955239534378,-0.10767702013254166,9.851250648498535,13707,0.62451171875,-0.0096435546875,-0.003662109375,0.78094482421875,19,1,-1
13709,0,13709,0.08015955239534378,-0.10767702013254166,9.851250648498535,13707,0.62451171875,-0.0096435546875,-0.003662109375,0.78094482421875,19,0,-1
13709,0,13709,0.08015955239534378,-0.10767702013254166,9.851250648498535,13707,0.62451171875,-0.0096435546875,-0.003662109375,0.78094482421875,19,0,-1
13710,0,13711,0.08015955239534378,-0.10767702013254166,9.851250648498535,13711,0.62451171875,-0.0096435546875,-0.003662109375,0.78094482421875,19,1,0
13711,0,13712,0.08015955239534378,-0.10767702013254166,9.852446556091309,13711,0.62451171875,-0.0096435546875,-0.003662109375,0.78094482421875,19,1,-1
13712,0,13712,0.08015955239534378,-0.10767702013254166,9.852446556091309,13711,0.62451171875,-0.0096435546875,-0.003662109375,0.78094482421875,19,0,-1
13712,0,13713,0.08015955239534378,-0.10767702013254166,9.852446556091309,13711,0.62451171875,-0.0096435546875,-0.003662109375,0.78094482421875,19,1,-1
13713,0,13713,0.08015955239534378,-0.10767702013254166,9.852446556091309,13711,0.62451171875,-0.0096435546875,-0.003662109375,0.78094482421875,19,0,-1
13713,0,13713,0.08015955239534378,-0.10767702013254166,9.852446556091309,13711,0.62451171875,-0.0096435546875,-0.003662109375,0.78094482421875,19,0,-1
13713,0,13714,0.08015955239534378,-0.10767702013254166,9.852446556091309,13711,0.62451171875,-0.0096435546875,-0.003662109375,0.78094482421875,19,1,-1
13714,0,13715,0.07896314561367035,-0.10767702013254166,9.853643417358398,13715,0.62451171875,-0.0096435546875,-0.003662109375,0.78094482421875,19,1,0
13715,0,13715,0.07896314561367035,-0.10767702013254166,9.853643417358398,13715,0.62451171875,-0.0096435546875,-0.003662109375,0.78094482421875,19,0,-1
13715,0,13717,0.07896314561367035,-0.10767702013254166,9.852446556091309,13716,0.62451171875,-0.0096435546875,-0.003662109375,0.78094482421875,19,1,0
13717,0,13718,0.08015955239534378,-0.10767702013254166,9.852446556091309,13718,0.62451171875,-0.0096435546875,-0.003662109375,0.78094482421875,19,1,0
13718,0,13718,0.08015955239534378,-0.10767702013254166,9.852446556091309,13718,0.62451171875,-0.0096435546875,-0.003662109375,0.78094482421875,19,0,-1
13719,0,13718,0.08015955239534378,-0.10767702013254166,9.852446556091309,13718,0.62451171875,-0.0096435546875,-0.003662109375,0.78094482421875,19,0,-1
13719,0,13720,0.08015955239534378,-0.10767702013254166,9.853643417358398,13718,0.62451171875,-0.0096435546875,-0.003662109375,0.78094482421875,19,1,-1
13720,0,13721,0.08015955239534378,-0.10767702013254166,9.853643417358398,13721,0.62451171875,-0.0096435546875,-0.003662109375,0.78094482421875,19,1,0
13721,0,13721,0.08015955239534378,-0.10767702013254166,9.853643417358398,13721,0.62451171875,-0.0096435546875,-0.003662109375,0.78094482421875,19,0,-1
13721,0,13722,0.08015955239534378,-0.10767702013254166,9.852446556091309,13721,0.62451171875,-0.0096435546875,-0.003662109375,0.78094482421875,19,1,-1
13722,0,13722,0.08015955239534378,-0.10767702013254166,9.852446556091309,13721,0.62451171875,-0.0096435546875,-0.003662109375,0.78094482421875,19,0,-1
13722,0,13722,0.08015955239534378,-0.10767702013254166,9.852446556091309,13721,0.62451171875,-0.0096435546875,-0.003662109375,0.78094482421875,19,0,-1
13722,0,13723,0.07896314561367035,-0.10767702013254166,9.852446556091309,13721,0.62451171875,-0.0096435546875,-0.003662109375,0.78094482421875,19,1,-1
13723,0,13725,0.07896314561367035,-0.10767702013254166,9.852446556091309,13724,0.62451171875,-0.0096435546875,-0.003662109375,0.78094482421875,19,1,0
13725,0,13726,0.07896314561367035,-0.10767702013254166,9.852446556091309,13725,0.62451171875,-0.0096435546875,-0.00372314453125,0.78094482421875,19,1,0
13726,0,13727,0.07896314561367035,-0.10767702013254166,9.852446556091309,13725,0.62451171875,-0.0096435546875,-0.00372314453125,0.78094482421875,19,1,-1
13727,0,13727,0.07896314561367035,-0.10767702013254166,9.852446556091309,13725,0.62451171875,-0.0096435546875,-0.00372314453125,0.78094482421875,19,0,-1
13727,0,13727,0.07896314561367035,-0.10767702013254166,9.852446556091309,13725,0.62451171875,-0.0096435546875,-0.00372314453125,0.78094482421875,19,0,-1
13727,0,13729,0.07896314561367035,-0.10887342691421509,9.852446556091309,13728,0.62451171875,-0.0096435546875,-0.003662109375,0.78094482421875,19,1,0
13729,0,13729,0.07896314561367035,-0.10767702013254166,9.852446556091309,13728,0.62451171875,-0.0096435546875,-0.003662109375,0.78094482421875,19,1,-1
13729,0,13729,0.07896314561367035,-0.10767702013254166,9.852446556091309,13728,0.62451171875,-0.0096435546875,-0.003662109375,0.78094482421875,19,0,-1
13729,0,13730,0.07896314561367035,-0.10767702013254166,9.852446556091309,13728,0.62451171875,-0.0096435546875,-0.003662109375,0.78094482421875,19,1,-1
13730,0,13732,0.07896314561367035,-0.10767702013254166,9.852446556091309,13731,0.62451171875,-0.0096435546875,-0.003662109375,0.78094482421875,19,1,0
13732,0,13732,0.07896314561367035,-0.10767702013254166,9.852446556091309,13731,0.62451171875,-0.0096435546875,-0.003662109375,0.78094482421875,19,0,-1
13732,0,13732,0.07896314561367035,-0.10887342691421509,9.852446556091309,13731,0.62451171875,-0.0096435546875,-0.003662109375,0.78094482421875,19,1,-1
13732,0,13734,0.07896314561367035,-0.10887342691421509,9.852446556091309,13733,0.62451171875,-0.0096435546875,-0.003662109375,0.78094482421875,19,1,0
13734,0,13734,0.07896314561367035,-0.10887342691421509,9.852446556091309,13733,0.62451171875,-0.0096435546875,-0.003662109375,0.78094482421875,19,0,-1
13734,0,13735,0.07896314561367035,-0.10767702013254166,9.853643417358398,13733,0.62451171875,-0.0096435546875,-0.003662109375,0.78094482421875,19,1,-1
13735,0,13735,0.07896314561367035,-0.10767702013254166,9.853643417358398,13733,0.62451171875,-0.0096435546875,-0.003662109375,0.78094482421875,19,0,-1
13735,0,13735,0.07896314561367035,-0.10767702013254166,9.853643417358398,13733,0.62451171875,-0.0096435546875,-0.003662109375,0.78094482421875,19,0,-1
13735,0,13736,0.08015955239534378,-0.10767702013254166,9.853643417358398,13733,0.62451171875,-0.0096435546875,-0.003662109375,0.78094482421875,19,1,-1
13736,0,13737,0.08015955239534378,-0.10767702013254166,9.853643417358398,13737,0.62451171875,-0.0096435546875,-0.00372314453125,0.78094482421875,19,1,0
13737,0,13737,0.08015955239534378,-0.10767702013254166,9.853643417358398,13737,0.62451171875,-0.0096435546875,-0.00372314453125,0.78094482421875,19,0,-1
13738,0,13738,0.08015955239534378,-0.10767702013254166,9.853643417358398,13737,0.62451171875,-0.0096435546875,-0.00372314453125,0.78094482421875,19,1,-1
13738,0,13740,0.08015955239534378,-0.10767702013254166,9.853643417358398,13739,0.62451171875,-0.0096435546875,-0.00372314453125,0.78094482421875,19,1,0
13740,0,13741,0.08015955239534378,-0.10767702013254166,9.853643417358398,13741,0.62451171875,-0.0096435546875,-0.00372314453125,0.78094482421875,19,1,0
13741,0,13742,0.08015955239534378,-0.10767702013254166,9.853643417358398,13741,0.62451171875,-0.0096435546875,-0.00372314453125,0.78094482421875,19,1,-1
13742,0,13742,0.08015955239534378,-0.10767702013254166,9.853643417358398,13741,0.62451171875,-0.0096435546875,-0.00372314453125,0.78094482421875,19,0,-1
13742,0,13742,0.08015955239534378,-0.10767702013254166,9.853643417358398,13741,0.62451171875,-0.0096435546875,-0.00372314453125,0.78094482421875,19,0,-1
13742,0,13743,0.07896314561367035,-0.10767702013254166,9.853643417358398,13741,0.62451171875,-0.0096435546875,-0.00372314453125,0.78094482421875,19,1,-1
13743,0,13743,0.07896314561367035,-0.10767702013254166,9.853643417358398,13741,0.62451171875,-0.0096435546875,-0.00372314453125,0.78094482421875,19,0,-1
13743,0,13743,0.07896314561367035,-0.10767702013254166,9.853643417358398,13741,0.62451171875,-0.0096435546875,-0.00372314453125,0.78094482421875,19,0,-1
13743,0,13744,0.08015955239534378,-0.10767702013254166,9.852446556091309,13741,0.62451171875,-0.0096435546875,-0.00372314453125,0.78094482421875,19,1,-1
13744,0,13745,0.08015955239534378,-0.10767702013254166,9.852446556091309,13745,0.62451171875,-0.0096435546875,-0.00372314453125,0.78094482421875,19,1,0
13745,0,13745,0.08015955239534378,-0.10767702013254166,9.852446556091309,13745,0.62451171875,-0.0096435546875,-0.00372314453125,0.78094482421875,19,0,-1
13746,0,13746,0.08015955239534378,-0.10767702013254166,9.853643417358398,13745,0.62451171875,-0.0096435546875,-0.00372314453125,0.78094482421875,19,1,-1
13746,0,13746,0.08015955239534378,-0.10767702013254166,9.853643417358398,13745,0.62451171875,-0.0096435546875,-0.00372314453125,0.78094482421875,19,0,-1
13747,0,13748,0.08015955239534378,-0.10767702013254166,9.852446556091309,13748,0.62451171875,-0.0096435546875,-0.00372314453125,0.78094482421875,19,1,0
13748,0,13749,0.08015955239534378,-0.10767702013254166,9.853643417358398,13748,0.62451171875,-0.0096435546875,-0.00372314453125,0.78094482421875,19,1,-1
13749,0,13749,0.08015955239534378,-0.10767702013254166,9.853643417358398,13748,0.62451171875,-0.0096435546875,-0.00372314453125,0.78094482421875,19,0,-1
13749,0,13749,0.08015955239534378,-0.10767702013254166,9.853643417358398,13748,0.62451171875,-0.0096435546875,-0.00372314453125,0.78094482421875,19,0,-1
13749,0,13750,0.07896314561367035,-0.10767702013254166,9.853643417358398,13748,0.62451171875,-0.0096435546875,-0.00372314453125,0.78094482421875,19,1,-1
13750,0,13751,0.07896314561367035,-0.10767702013254166,9.852446556091309,13751,0.62451171875,-0.0096435546875,-0.00372314453125,0.78094482421875,19,1,0
13751,0,13751,0.07896314561367035,-0.10767702013254166,9.852446556091309,13751,0.62451171875,-0.0096435546875,-0.00372314453125,0.78094482421875,19,0,-1
13752,0,13753,0.07896314561367035,-0.10767702013254166,9.852446556091309,13753,0.62451171875,-0.0096435546875,-0.00372314453125,0.78094482421875,19,1,0
13753,0,13754,0.08015955239534378,-0.10767702013254166,9.852446556091309,13753,0.62451171875,-0.0096435546875,-0.00372314453125,0.78094482421875,19,1,-1
13754,0,13754,0.08015955239534378,-0.10767702013254166,9.852446556091309,13753,0.62451171875,-0.0096435546875,-0.00372314453125,0.78094482421875,19,0,-1
13754,0,13755,0.08015955239534378,-0.10767702013254166,9.853643417358398,13753,0.62451171875,-0.0096435546875,-0.00372314453125,0.78094482421875,19,1,-1
13755,0,13755,0.08015955239534378,-0.10767702013254166,9.853643417358398,13753,0.62451171875,-0.0096435546875,-0.00372314453125,0.78094482421875,19,0,-1
13755,0,13755,0.08015955239534378,-0.10767702013254166,9.853643417358398,13753,0.62451171875,-0.0096435546875,-0.00372314453125,0.78094482421875,19,0,-1
13755,0,13757,0.08015955239534378,-0.10767702013254166,9.853643417358398,13756,0.62451171875,-0.0096435546875,-0.00372314453125,0.78094482421875,19,1,0
13757,0,13757,0.07896314561367035,-0.10767702013254166,9.853643417358398,13756,0.62451171875,-0.0096435546875,-0.00372314453125,0.78094482421875,19,1,-1
13757,0,13757,0.07896314561367035,-0.10767702013254166,9.853643417358398,13756,0.62451171875,-0.0096435546875,-0.00372314453125,0.78094482421875,19,0,-1
13757,0,13758,0.07896314561367035,-0.10767702013254166,9.852446556091309,13756,0.62451171875,-0.0096435546875,-0.00372314453125,0.78094482421875,19,1,-1
13758,0,13760,0.08015955239534378,-0.10767702013254166,9.853643417358398,13759,0.62451171875,-0.0096435546875,-0.00372314453125,0.78094482421875,19,1,0
13760,0,13761,0.08015955239534378,-0.10767702013254166,9.853643417358398,13760,0.62451171875,-0.0096435546875,-0.00372314453125,0.78094482421875,19,1,0
13761,0,13762,0.08015955239534378,-0.10767702013254166,9.852446556091309,13760,0.62451171875,-0.0096435546875,-0.00372314453125,0.78094482421875,19,1,-1
13762,0,13762,0.08015955239534378,-0.10767702013254166,9.852446556091309,13760,0.62451171875,-0.0096435546875,-0.00372314453125,0.78094482421875,19,0,-1
13762,0,13762,0.08015955239534378,-0.10767702013254166,9.852446556091309,13760,0.62451171875,-0.0096435546875,-0.00372314453125,0.78094482421875,19,0,-1
13762,0,13763,0.0813559740781784,-0.10767702013254166,9.853643417358398,13760,0.62451171875,-0.0096435546875,-0.00372314453125,0.78094482421875,19,1,-1
13763,0,13764,0.08015955239534378,-0.10767702013254166,9.853643417358398,13764,0.62451171875,-0.0096435546875,-0.00372314453125,0.78094482421875,19,1,0
13764,0,13764,0.08015955239534378,-0.10767702013254166,9.853643417358398,13764,0.62451171875,-0.0096435546875,-0.00372314453125,0.78094482421875,19,0,-1
13764,0,13765,0.08015955239534378,-0.10767702013254166,9.853643417358398,13764,0.62451171875,-0.0096435546875,-0.00372314453125,0.78094482421875,19,1,-1
13765,0,13765,0.08015955239534378,-0.10767702013254166,9.853643417358398,13764,0.62451171875,-0.0096435546875,-0.00372314453125,0.78094482421875,19,0,-1
13765,0,13767,0.08015955239534378,-0.10767702013254166,9.853643417358398,13766,0.62451171875,-0.0096435546875,-0.00372314453125,0.78094482421875,19,1,0
13767,0,13767,0.08015955239534378,-0.10767702013254166,9.853643417358398,13766,0.62451171875,-0.0096435546875,-0.00372314453125,0.78094482421875,19,1,-1
13767,0,13767,0.08015955239534378,-0.10767702013254166,9.853643417358398,13766,0.62451171875,-0.0096435546875,-0.00372314453125,0.78094482421875,19,0,-1
13768,0,13769,0.08015955239534378,-0.10767702013254166,9.853643417358398,13769,0.62451171875,-0.0096435546875,-0.00372314453125,0.78094482421875,19,1,0
13769,0,13770,0.08015955239534378,-0.10767702013254166,9.853643417358398,13769,0.62451171875,-0.0096435546875,-0.00372314453125,0.78094482421875,19,1,-1
13770,0,13770,0.08015955239534378,-0.10767702013254166,9.853643417358398,13769,0.62451171875,-0.0096435546875,-0.00372314453125,0.78094482421875,19,0,-1
13770,0,13771,0.08015955239534378,-0.10767702013254166,9.853643417358398,13771,0.62451171875,-0.0096435546875,-0.00372314453125,0.78094482421875,19,1,0
13771,0,13772,0.07896314561367035,-0.10767702013254166,9.853643417358398,13771,0.62451171875,-0.0096435546875,-0.00372314453125,0.78094482421875,19,1,-1
13772,0,13773,0.07896314561367035,-0.10767702013254166,9.853643417358398,13773,0.62451171875,-0.0096435546875,-0.00372314453125,0.78094482421875,19,1,0
13773,0,13773,0.07896314561367035,-0.10767702013254166,9.853643417358398,13773,0.62451171875,-0.0096435546875,-0.00372314453125,0.78094482421875,19,0,-1
13774,0,13774,0.07896314561367035,-0.10887342691421509,9.853643417358398,13773,0.62451171875,-0.0096435546875,-0.00372314453125,0.78094482421875,19,1,-1
13774,0,13774,0.07896314561367035,-0.10887342691421509,9.853643417358398,13773,0.62451171875,-0.0096435546875,-0.00372314453125,0.78094482421875,19,0,-1
13775,0,13774,0.07896314561367035,-0.10887342691421509,9.853643417358398,13773,0.62451171875,-0.0096435546875,-0.00372314453125,0.78094482421875,19,0,-1
13775,0,13776,0.07896314561367035,-0.10767702013254166,9.853643417358398,13773,0.62451171875,-0.0096435546875,-0.00372314453125,0.78094482421875,19,1,-1
13776,0,13777,0.07896314561367035,-0.10767702013254166,9.854840278625488,13776,0.62451171875,-0.0096435546875,-0.00372314453125,0.78094482421875,19,1,0
13777,0,13777,0.07896314561367035,-0.10767702013254166,9.854840278625488,13776,0.62451171875,-0.0096435546875,-0.00372314453125,0.78094482421875,19,0,-1
13777,0,13778,0.07896314561367035,-0.10767702013254166,9.854840278625488,13776,0.62451171875,-0.0096435546875,-0.00372314453125,0.78094482421875,19,1,-1
13778,0,13778,0.07896314561367035,-0.10767702013254166,9.854840278625488,13776,0.62451171875,-0.0096435546875,-0.00372314453125,0.78094482421875,19,0,-1
13778,0,13778,0.07896314561367035,-0.10767702013254166,9.854840278625488,13776,0.62451171875,-0.0096435546875,-0.00372314453125,0.78094482421875,19,0,-1
13778,0,13779,0.07896314561367035,-0.10767702013254166,9.853643417358398,13776,0.62451171875,-0.0096435546875,-0.00372314453125,0.78094482421875,19,1,-1
13779,0,13780,0.07896314561367035,-0.10767702013254166,9.853643417358398,13780,0.62451171875,-0.0096435546875,-0.00372314453125,0.78094482421875,19,1,0
13780,0,13780,0.07896314561367035,-0.10767702013254166,9.853643417358398,13780,0.62451171875,-0.0096435546875,-0.00372314453125,0.78094482421875,19,0,-1
13781,0,13781,0.07896314561367035,-0.10767702013254166,9.853643417358398,13780,0.62451171875,-0.0096435546875,-0.00372314453125,0.78094482421875,19,1,-1
13781,0,13781,0.07896314561367035,-0.10767702013254166,9.853643417358398,13780,0.62451171875,-0.0096435546875,-0.00372314453125,0.78094482421875,19,0,-1
13782,0,13781,0.07896314561367035,-0.10767702013254166,9.853643417358398,13780,0.62451171875,-0.0096435546875,-0.00372314453125,0.78094482421875,19,0,-1
13782,0,13783,0.07896314561367035,-0.10767702013254166,9.853643417358398,13783,0.62451171875,-0.0096435546875,-0.00372314453125,0.78094482421875,19,1,0
13783,0,13783,0.07896314561367035,-0.10767702013254166,9.853643417358398,13783,0.62451171875,-0.0096435546875,-0.00372314453125,0.78094482421875,19,0,-1
13784,0,13783,0.07896314561367035,-0.10767702013254166,9.853643417358398,13783,0.62451171875,-0.0096435546875,-0.00372314453125,0.78094482421875,19,0,-1
13784,0,13783,0.07896314561367035,-0.10767702013254166,9.853643417358398,13783,0.62451171875,-0.0096435546875,-0.00372314453125,0.78094482421875,19,0,-1
13784,0,13785,0.07896314561367035,-0.10767702013254166,9.853643417358398,13783,0.62451171875,-0.0096435546875,-0.00372314453125,0.78094482421875,19,1,-1
13785,0,13785,0.07896314561367035,-0.10767702013254166,9.853643417358398,13783,0.62451171875,-0.0096435546875,-0.00372314453125,0.78094482421875,19,0,-1
13785,0,13787,0.07896314561367035,-0.10767702013254166,9.854840278625488,13786,0.62451171875,-0.0096435546875,-0.00372314453125,0.78094482421875,19,1,0
13787,0,13788,0.07896314561367035,-0.10767702013254166,9.853643417358398,13788,0.62451171875,-0.0096435546875,-0.00372314453125,0.78094482421875,19,1,0
13788,0,13789,0.07896314561367035,-0.10767702013254166,9.853643417358398,13788,0.62451171875,-0.0096435546875,-0.00372314453125,0.78094482421875,19,1,-1
13789,0,13789,0.07896314561367035,-0.10767702013254166,9.853643417358398,13788,0.62451171875,-0.0096435546875,-0.00372314453125,0.78094482421875,19,0,-1
13789,0,13790,0.07896314561367035,-0.10767702013254166,9.853643417358398,13788,0.62451171875,-0.0096435546875,-0.00372314453125,0.78094482421875,19,1,-1
13790,0,13791,0.07896314561367035,-0.10767702013254166,9.853643417358398,13790,0.62451171875,-0.0096435546875,-0.00372314453125,0.78094482421875,19,1,0
13791,0,13791,0.07896314561367035,-0.10767702013254166,9.853643417358398,13790,0.62451171875,-0.0096435546875,-0.00372314453125,0.78094482421875,19,0,-1
13791,0,13792,0.07896314561367035,-0.10767702013254166,9.853643417358398,13790,0.62451171875,-0.0096435546875,-0.00372314453125,0.78094482421875,19,1,-1
13792,0,13792,0.07896314561367035,-0.10767702013254166,9.853643417358398,13790,0.62451171875,-0.0096435546875,-0.00372314453125,0.78094482421875,19,0,-1
13792,0,13792,0.07896314561367035,-0.10767702013254166,9.853643417358398,13790,0.62451171875,-0.0096435546875,-0.00372314453125,0.78094482421875,19,0,-1
13792,0,13793,0.07896314561367035,-0.10767702013254166,9.853643417358398,13790,0.62451171875,-0.0096435546875,-0.00372314453125,0.78094482421875,19,1,-1
13793,0,13794,0.07896314561367035,-0.10767702013254166,9.853643417358398,13794,0.62451171875,-0.0096435546875,-0.0037841796875,0.78094482421875,19,1,0
13794,0,13794,0.07896314561367035,-0.10767702013254166,9.853643417358398,13794,0.62451171875,-0.0096435546875,-0.0037841796875,0.78094482421875,19,0,-1
13795,0,13796,0.07896314561367035,-0.10767702013254166,9.853643417358398,13796,0.62451171875,-0.0096435546875,-0.0037841796875,0.78094482421875,19,1,0
13796,0,13797,0.07896314561367035,-0.10767702013254166,9.853643417358398,13796,0.62451171875,-0.0096435546875,-0.0037841796875,0.78094482421875,19,1,-1
13797,0,13797,0.07896314561367035,-0.10767702013254166,9.853643417358398,13796,0.62451171875,-0.0096435546875,-0.0037841796875,0.78094482421875,19,0,-1
13797,0,13797,0.07896314561367035,-0.10767702013254166,9.853643417358398,13796,0.62451171875,-0.0096435546875,-0.0037841796875,0.78094482421875,19,0,-1
13797,0,13798,0.07896314561367035,-0.10767702013254166,9.854840278625488,13796,0.62451171875,-0.0096435546875,-0.0037841796875,0.78094482421875,19,1,-1
13798,0,13799,0.07896314561367035,-0.10767702013254166,9.854840278625488,13799,0.62451171875,-0.0096435546875,-0.00372314453125,0.78094482421875,19,1,0
13799,0,13801,0.07896314561367035,-0.10767702013254166,9.854840278625488,13800,0.62451171875,-0.0096435546875,-0.00372314453125,0.78094482421875,19,1,0
13801,0,13801,0.07896314561367035,-0.10767702013254166,9.854840278625488,13800,0.62451171875,-0.0096435546875,-0.00372314453125,0.78094482421875,19,1,-1
13801,0,13801,0.07896314561367035,-0.10767702013254166,9.854840278625488,13800,0.62451171875,-0.0096435546875,-0.00372314453125,0.78094482421875,19,0,-1
13802,0,13802,0.07896314561367035,-0.10767702013254166,9.854840278625488,13800,0.62451171875,-0.0096435546875,-0.00372314453125,0.78094482421875,19,1,-1
13802,0,13804,0.07896314561367035,-0.10767702013254166,9.854840278625488,13803,0.62451171875,-0.0096435546875,-0.00372314453125,0.78094482421875,19,1,0
13804,0,13804,0.07896314561367035,-0.10767702013254166,9.854840278625488,13803,0.62451171875,-0.0096435546875,-0.00372314453125,0.78094482421875,19,0,-1
13804,0,13804,0.07896314561367035,-0.10767702013254166,9.854840278625488,13803,0.62451171875,-0.0096435546875,-0.00372314453125,0.78094482421875,19,0,-1
13804,0,13805,0.07896314561367035,-0.10767702013254166,9.854840278625488,13803,0.62451171875,-0.0096435546875,-0.00372314453125,0.78094482421875,19,1,-1
13805,0,13805,0.07896314561367035,-0.10767702013254166,9.854840278625488,13803,0.62451171875,-0.0096435546875,-0.00372314453125,0.78094482421875,19,0,-1
13805,0,13805,0.07896314561367035,-0.10767702013254166,9.854840278625488,13803,0.62451171875,-0.0096435546875,-0.00372314453125,0.78094482421875,19,0,-1
13805,0,13807,0.07896314561367035,-0.10767702013254166,9.853643417358398,13806,0.62451171875,-0.0096435546875,-0.00372314453125,0.78094482421875,19,1,0
13807,0,13808,0.07896314561367035,-0.10767702013254166,9.853643417358398,13808,0.62451171875,-0.0096435546875,-0.00372314453125,0.78094482421875,19,1,0
13808,0,13808,0.07896314561367035,-0.10767702013254166,9.853643417358398,13808,0.62451171875,-0.0096435546875,-0.00372314453125,0.78094482421875,19,0,-1
13808,0,13808,0.07896314561367035,-0.10767702013254166,9.853643417358398,13808,0.62451171875,-0.0096435546875,-0.00372314453125,0.78094482421875,19,0,-1
13809,0,13809,0.07896314561367035,-0.10767702013254166,9.853643417358398,13808,0.62451171875,-0.0096435546875,-0.00372314453125,0.78094482421875,19,1,-1
13809,0,13809,0.07896314561367035,-0.10767702013254166,9.853643417358398,13808,0.62451171875,-0.0096435546875,-0.00372314453125,0.78094482421875,19,0,-1
13810,0,13811,0.08015955239534378,-0.10767702013254166,9.853643417358398,13811,0.62451171875,-0.0096435546875,-0.0037841796875,0.78094482421875,19,1,0
13811,0,13812,0.08015955239534378,-0.10767702013254166,9.853643417358398,13811,0.62451171875,-0.0096435546875,-0.0037841796875,0.78094482421875,19,1,-1
13812,0,13812,0.08015955239534378,-0.10767702013254166,9.853643417358398,13811,0.62451171875,-0.0096435546875,-0.0037841796875,0.78094482421875,19,0,-1
13812,0,13812,0.08015955239534378,-0.10767702013254166,9.853643417358398,13811,0.62451171875,-0.0096435546875,-0.0037841796875,0.78094482421875,19,0,-1
13812,0,13813,0.07896314561367035,-0.10767702013254166,9.853643417358398,13811,0.62451171875,-0.0096435546875,-0.0037841796875,0.78094482421875,19,1,-1
13813,0,13813,0.07896314561367035,-0.10767702013254166,9.853643417358398,13811,0.62451171875,-0.0096435546875,-0.0037841796875,0.78094482421875,19,0,-1
13813,0,13813,0.07896314561367035,-0.10767702013254166,9.853643417358398,13811,0.62451171875,-0.0096435546875,-0.0037841796875,0.78094482421875,19,0,-1
13814,0,13815,0.07896314561367035,-0.10767702013254166,9.853643417358398,13814,0.62451171875,-0.0096435546875,-0.0037841796875,0.78094482421875,19,1,0
13815,0,13816,0.07896314561367035,-0.10648060590028763,9.853643417358398,13814,0.62451171875,-0.0096435546875,-0.0037841796875,0.78094482421875,19,1,-1
13816,0,13816,0.07896314561367035,-0.10648060590028763,9.853643417358398,13814,0.62451171875,-0.0096435546875,-0.0037841796875,0.78094482421875,19,0,-1
13816,0,13817,0.07896314561367035,-0.10648060590028763,9.853643417358398,13817,0.62451171875,-0.0096435546875,-0.0037841796875,0.78094482421875,19,1,0
13817,0,13818,0.07896314561367035,-0.10648060590028763,9.853643417358398,13817,0.62451171875,-0.0096435546875,-0.0037841796875,0.78094482421875,19,1,-1
13818,0,13818,0.07896314561367035,-0.10648060590028763,9.853643417358398,13817,0.62451171875,-0.0096435546875,-0.0037841796875,0.78094482421875,19,0,-1
13818,0,13819,0.07896314561367035,-0.10648060590028763,9.853643417358398,13817,0.62451171875,-0.0096435546875,-0.0037841796875,0.78094482421875,19,1,-1
13819,0,13820,0.07896314561367035,-0.10648060590028763,9.853643417358398,13820,0.62451171875,-0.0096435546875,-0.0037841796875,0.78094482421875,19,1,0
13820,0,13820,0.07896314561367035,-0.10648060590028763,9.853643417358398,13820,0.62451171875,-0.0096435546875,-0.0037841796875,0.78094482421875,19,0,-1
13820,0,13821,0.07896314561367035,-0.10648060590028763,9.853643417358398,13820,0.62451171875,-0.0096435546875,-0.0037841796875,0.78094482421875,19,1,-1
13821,0,13821,0.07896314561367035,-0.10648060590028763,9.853643417358398,13820,0.62451171875,-0.0096435546875,-0.0037841796875,0.78094482421875,19,0,-1
13821,0,13821,0.07896314561367035,-0.10648060590028763,9.853643417358398,13820,0.62451171875,-0.0096435546875,-0.0037841796875,0.78094482421875,19,0,-1
13822,0,13823,0.07896314561367035,-0.10648060590028763,9.853643417358398,13823,0.62451171875,-0.0096435546875,-0.0037841796875,0.78094482421875,19,1,0
13823,0,13824,0.07896314561367035,-0.10648060590028763,9.853643417358398,13823,0.62451171875,-0.0096435546875,-0.0037841796875,0.78094482421875,19,1,-1
13824,0,13824,0.07896314561367035,-0.10648060590028763,9.853643417358398,13823,0.62451171875,-0.0096435546875,-0.0037841796875,0.78094482421875,19,0,-1
13824,0,13825,0.07896314561367035,-0.10648060590028763,9.853643417358398,13823,0.62451171875,-0.0096435546875,-0.0037841796875,0.78094482421875,19,1,-1
13825,0,13825,0.07896314561367035,-0.10648060590028763,9.853643417358398,13823,0.62451171875,-0.0096435546875,-0.0037841796875,0.78094482421875,19,0,-1
13825,0,13825,0.07896314561367035,-0.10648060590028763,9.853643417358398,13823,0.62451171875,-0.0096435546875,-0.0037841796875,0.78094482421875,19,0,-1
13825,0,13827,0.07896314561367035,-0.10767702013254166,9.853643417358398,13826,0.62451171875,-0.0096435546875,-0.0037841796875,0.78094482421875,19,1,0
13827,0,13828,0.07896314561367035,-0.10648060590028763,9.853643417358398,13827,0.62451171875,-0.0096435546875,-0.0037841796875,0.78094482421875,19,1,0
13828,0,13828,0.07896314561367035,-0.10648060590028763,9.853643417358398,13827,0.62451171875,-0.0096435546875,-0.0037841796875,0.78094482421875,19,0,-1
13828,0,13828,0.07896314561367035,-0.10648060590028763,9.853643417358398,13827,0.62451171875,-0.0096435546875,-0.0037841796875,0.78094482421875,19,0,-1
13828,0,13828,0.07896314561367035,-0.10648060590028763,9.853643417358398,13827,0.62451171875,-0.0096435546875,-0.0037841796875,0.78094482421875,19,0,-1
13829,0,13829,0.07896314561367035,-0.10648060590028763,9.853643417358398,13827,0.62451171875,-0.0096435546875,-0.0037841796875,0.78094482421875,19,1,-1
13829,0,13831,0.07896314561367035,-0.10648060590028763,9.853643417358398,13830,0.62451171875,-0.0096435546875,-0.0037841796875,0.78094482421875,19,1,0
13831,0,13831,0.07896314561367035,-0.10648060590028763,9.853643417358398,13830,0.62451171875,-0.0096435546875,-0.0037841796875,0.78094482421875,19,0,-1
13831,0,13832,0.08015955239534378,-0.10648060590028763,9.852446556091309,13830,0.62451171875,-0.0096435546875,-0.0037841796875,0.78094482421875,19,1,-1
13832,0,13832,0.08015955239534378,-0.10648060590028763,9.852446556091309,13830,0.62451171875,-0.0096435546875,-0.0037841796875,0.78094482421875,19,0,-1
13832,0,13832,0.08015955239534378,-0.10648060590028763,9.852446556091309,13830,0.62451171875,-0.0096435546875,-0.0037841796875,0.78094482421875,19,0,-1
13832,0,13833,0.08015955239534378,-0.10648060590028763,9.852446556091309,13830,0.62451171875,-0.0096435546875,-0.0037841796875,0.78094482421875,19,1,-1
13833,0,13834,0.08015955239534378,-0.10767702013254166,9.853643417358398,13834,0.62451171875,-0.0096435546875,-0.0037841796875,0.78094482421875,19,1,0
13834,0,13834,0.08015955239534378,-0.10767702013254166,9.853643417358398,13834,0.62451171875,-0.0096435546875,-0.0037841796875,0.78094482421875,19,0,-1
13835,0,13835,0.08015955239534378,-0.10648060590028763,9.853643417358398,13834,0.62451171875,-0.0096435546875,-0.0037841796875,0.78094482421875,19,1,-1
13835,0,13837,0.0813559740781784,-0.10648060590028763,9.853643417358398,13836,0.62451171875,-0.0096435546875,-0.0037841796875,0.78094482421875,19,1,0
13837,0,13837,0.0813559740781784,-0.10648060590028763,9.853643417358398,13836,0.62451171875,-0.0096435546875,-0.0037841796875,0.78094482421875,19,0,-1
13837,0,13837,0.0813559740781784,-0.10648060590028763,9.853643417358398,13836,0.62451171875,-0.0096435546875,-0.0037841796875,0.78094482421875,19,1,-1
13837,0,13837,0.0813559740781784,-0.10648060590028763,9.853643417358398,13836,0.62451171875,-0.0096435546875,-0.0037841796875,0.78094482421875,19,0,-1
13838,0,13839,0.0813559740781784,-0.10648060590028763,9.853643417358398,13839,0.62451171875,-0.0096435546875,-0.0037841796875,0.78094482421875,19,1,0
13839,0,13840,0.0813559740781784,-0.10648060590028763,9.853643417358398,13839,0.62451171875,-0.0096435546875,-0.0037841796875,0.78094482421875,19,1,-1
13840,0,13841,0.0813559740781784,-0.10648060590028763,9.852446556091309,13841,0.62451171875,-0.0096435546875,-0.0037841796875,0.78094482421875,19,1,0
13841,0,13841,0.0813559740781784,-0.10648060590028763,9.852446556091309,13841,0.62451171875,-0.0096435546875,-0.0037841796875,0.78094482421875,19,0,-1
13841,0,13842,0.0813559740781784,-0.10648060590028763,9.853643417358398,13841,0.62451171875,-0.0096435546875,-0.0037841796875,0.78094482421875,19,1,-1
13842,0,13842,0.0813559740781784,-0.10648060590028763,9.853643417358398,13841,0.62451171875,-0.0096435546875,-0.0037841796875,0.78094482421875,19,0,-1
13842,0,13844,0.0813559740781784,-0.10648060590028763,9.853643417358398,13843,0.62451171875,-0.0096435546875,-0.0037841796875,0.78094482421875,19,1,0
13844,0,13845,0.0813559740781784,-0.10648060590028763,9.853643417358398,13845,0.62451171875,-0.0096435546875,-0.0037841796875,0.78094482421875,19,1,0
13845,0,13846,0.0813559740781784,-0.10648060590028763,9.853643417358398,13845,0.62451171875,-0.0096435546875,-0.0037841796875,0.78094482421875,19,1,-1
13846,0,13846,0.0813559740781784,-0.10648060590028763,9.853643417358398,13845,0.62451171875,-0.0096435546875,-0.0037841796875,0.78094482421875,19,0,-1
13846,0,13847,0.08015955239534378,-0.1052841916680336,9.853643417358398,13845,0.62451171875,-0.0096435546875,-0.0037841796875,0.78094482421875,19,1,-1
13847,0,13847,0.08015955239534378,-0.1052841916680336,9.853643417358398,13845,0.62451171875,-0.0096435546875,-0.0037841796875,0.78094482421875,19,0,-1
13847,0,13847,0.08015955239534378,-0.1052841916680336,9.853643417358398,13845,0.62451171875,-0.0096435546875,-0.0037841796875,0.78094482421875,19,0,-1
13847,0,13849,0.08015955239534378,-0.10648060590028763,9.853643417358398,13848,0.62451171875,-0.0096435546875,-0.00372314453125,0.78094482421875,19,1,0
13849,0,13849,0.0813559740781784,-0.10648060590028763,9.853643417358398,13848,0.62451171875,-0.0096435546875,-0.00372314453125,0.78094482421875,19,1,-1
13849,0,13849,0.0813559740781784,-0.10648060590028763,9.853643417358398,13848,0.62451171875,-0.0096435546875,-0.00372314453125,0.78094482421875,19,0,-1
13850,0,13850,0.0813559740781784,-0.10648060590028763,9.853643417358398,13848,0.62451171875,-0.0096435546875,-0.00372314453125,0.78094482421875,19,1,-1
13850,0,13852,0.0813559740781784,-0.10648060590028763,9.853643417358398,13851,0.62451171875,-0.0096435546875,-0.0037841796875,0.78094482421875,19,1,0
13852,0,13852,0.0813559740781784,-0.10648060590028763,9.853643417358398,13851,0.62451171875,-0.0096435546875,-0.0037841796875,0.78094482421875,19,0,-1
13852,0,13853,0.0813559740781784,-0.10648060590028763,9.853643417358398,13853,0.62451171875,-0.0096435546875,-0.0037841796875,0.78094482421875,19,1,0
13853,0,13854,0.08015955239534378,-0.10648060590028763,9.853643417358398,13853,0.62451171875,-0.0096435546875,-0.0037841796875,0.78094482421875,19,1,-1
13854,0,13856,0.0813559740781784,-0.10648060590028763,9.853643417358398,13855,0.62451171875,-0.0096435546875,-0.0037841796875,0.78094482421875,19,1,0
13856,0,13856,0.0813559740781784,-0.10648060590028763,9.853643417358398,13855,0.62451171875,-0.0096435546875,-0.0037841796875,0.78094482421875,19,1,-1
13856,0,13856,0.0813559740781784,-0.10648060590028763,9.853643417358398,13855,0.62451171875,-0.0096435546875,-0.0037841796875,0.78094482421875,19,0,-1
13857,0,13857,0.0813559740781784,-0.10648060590028763,9.853643417358398,13855,0.62451171875,-0.0096435546875,-0.0037841796875,0.78094482421875,19,1,-1
13857,0,13859,0.0813559740781784,-0.10648060590028763,9.853643417358398,13858,0.62451171875,-0.0096435546875,-0.0037841796875,0.78094482421875,19,1,0
13859,0,13859,0.0813559740781784,-0.10648060590028763,9.853643417358398,13858,0.62451171875,-0.0096435546875,-0.0037841796875,0.78094482421875,19,0,-1
13859,0,13859,0.0813559740781784,-0.10648060590028763,9.853643417358398,13858,0.62451171875,-0.0096435546875,-0.0037841796875,0.78094482421875,19,1,-1
13859,0,13859,0.0813559740781784,-0.10648060590028763,9.853643417358398,13858,0.62451171875,-0.0096435546875,-0.0037841796875,0.78094482421875,19,0,-1
13860,0,13859,0.0813559740781784,-0.10648060590028763,9.853643417358398,13858,0.62451171875,-0.0096435546875,-0.0037841796875,0.78094482421875,19,0,-1
13860,0,13861,0.0813559740781784,-0.10648060590028763,9.853643417358398,13858,0.62451171875,-0.0096435546875,-0.0037841796875,0.78094482421875,19,1,-1
13861,0,13862,0.0813559740781784,-0.10648060590028763,9.853643417358398,13862,0.62451171875,-0.0096435546875,-0.0037841796875,0.78094482421875,19,1,0
13862,0,13863,0.08015955239534378,-0.10648060590028763,9.853643417358398,13863,0.62451171875,-0.0096435546875,-0.0037841796875,0.78094482421875,19,1,0
13863,0,13863,0.08015955239534378,-0.10648060590028763,9.853643417358398,13863,0.62451171875,-0.0096435546875,-0.0037841796875,0.78094482421875,19,0,-1
13864,0,13864,0.08015955239534378,-0.10767702013254166,9.853643417358398,13863,0.62451171875,-0.0096435546875,-0.0037841796875,0.78094482421875,19,1,-1
13864,0,13864,0.08015955239534378,-0.10767702013254166,9.853643417358398,13863,0.62451171875,-0.0096435546875,-0.0037841796875,0.78094482421875,19,0,-1
13865,0,13864,0.08015955239534378,-0.10767702013254166,9.853643417358398,13863,0.62451171875,-0.0096435546875,-0.0037841796875,0.78094482421875,19,0,-1
13865,0,13866,0.08015955239534378,-0.10767702013254166,9.853643417358398,13866,0.62451171875,-0.0096435546875,-0.0037841796875,0.78094482421875,19,1,0
13866,0,13866,0.08015955239534378,-0.10767702013254166,9.853643417358398,13866,0.62451171875,-0.0096435546875,-0.0037841796875,0.78094482421875,19,0,-1
13867,0,13866,0.08015955239534378,-0.10767702013254166,9.853643417358398,13866,0.62451171875,-0.0096435546875,-0.0037841796875,0.78094482421875,19,0,-1
13867,0,13866,0.08015955239534378,-0.10767702013254166,9.853643417358398,13866,0.62451171875,-0.0096435546875,-0.0037841796875,0.78094482421875,19,0,-1
13867,0,13868,0.08015955239534378,-0.10767702013254166,9.853643417358398,13866,0.62451171875,-0.0096435546875,-0.0037841796875,0.78094482421875,19,1,-1
13868,0,13868,0.08015955239534378,-0.10767702013254166,9.853643417358398,13866,0.62451171875,-0.0096435546875,-0.0037841796875,0.78094482421875,19,0,-1
13868,0,13869,0.0813559740781784,-0.10767702013254166,9.853643417358398,13869,0.62451171875,-0.0096435546875,-0.0037841796875,0.78094482421875,19,1,0
13869,0,13870,0.08015955239534378,-0.10767702013254166,9.853643417358398,13869,0.62451171875,-0.0096435546875,-0.0037841796875,0.78094482421875,19,1,-1
13870,0,13871,0.08015955239534378,-0.10767702013254166,9.853643417358398,13871,0.62451171875,-0.0096435546875,-0.0037841796875,0.78094482421875,19,1,0
13871,0,13871,0.08015955239534378,-0.10767702013254166,9.853643417358398,13871,0.62451171875,-0.0096435546875,-0.0037841796875,0.78094482421875,19,0,-1
13872,0,13872,0.08015955239534378,-0.10767702013254166,9.853643417358398,13871,0.62451171875,-0.0096435546875,-0.0037841796875,0.78094482421875,19,1,-1
13872,0,13872,0.08015955239534378,-0.10767702013254166,9.853643417358398,13871,0.62451171875,-0.0096435546875,-0.0037841796875,0.78094482421875,19,0,-1
13873,0,13874,0.0813559740781784,-0.10767702013254166,9.853643417358398,13874,0.62451171875,-0.0096435546875,-0.0037841796875,0.78094482421875,19,1,0
13874,0,13875,0.0813559740781784,-0.10767702013254166,9.853643417358398,13874,0.62451171875,-0.0096435546875,-0.0037841796875,0.78094482421875,19,1,-1
13875,0,13876,0.0813559740781784,-0.10767702013254166,9.853643417358398,13876,0.62451171875,-0.0096435546875,-0.0037841796875,0.78094482421875,19,1,0
13876,0,13876,0.0813559740781784,-0.10767702013254166,9.853643417358398,13876,0.62451171875,-0.0096435546875,-0.0037841796875,0.78094482421875,19,0,-1
13876,0,13877,0.0813559740781784,-0.10648060590028763,9.853643417358398,13876,0.62451171875,-0.0096435546875,-0.0037841796875,0.78094482421875,19,1,-1
13877,0,13878,0.08015955239534378,-0.10648060590028763,9.853643417358398,13878,0.62451171875,-0.0096435546875,-0.0037841796875,0.78094482421875,19,1,0
13878,0,13878,0.08015955239534378,-0.10648060590028763,9.853643417358398,13878,0.62451171875,-0.0096435546875,-0.0037841796875,0.78094482421875,19,0,-1
13879,0,13880,0.0813559740781784,-0.10648060590028763,9.853643417358398,13880,0.62451171875,-0.0096435546875,-0.0037841796875,0.78094482421875,19,1,0
13880,0,13881,0.0813559740781784,-0.10648060590028763,9.853643417358398,13880,0.62451171875,-0.0096435546875,-0.0037841796875,0.78094482421875,19,1,-1
13881,0,13881,0.0813559740781784,-0.10648060590028763,9.853643417358398,13880,0.62451171875,-0.0096435546875,-0.0037841796875,0.78094482421875,19,0,-1
13881,0,13882,0.08015955239534378,-0.10767702013254166,9.853643417358398,13882,0.62457275390625,-0.0096435546875,-0.00372314453125,0.78094482421875,19,1,0
13882,0,13883,0.0813559740781784,-0.10648060590028763,9.854840278625488,13882,0.62457275390625,-0.0096435546875,-0.00372314453125,0.78094482421875,19,1,-1
13883,0,13883,0.0813559740781784,-0.10648060590028763,9.854840278625488,13882,0.62457275390625,-0.0096435546875,-0.00372314453125,0.78094482421875,19,0,-1
13883,0,13883,0.0813559740781784,-0.10648060590028763,9.854840278625488,13882,0.62457275390625,-0.0096435546875,-0.00372314453125,0.78094482421875,19,0,-1
13884,0,13884,0.0813559740781784,-0.10648060590028763,9.854840278625488,13882,0.62457275390625,-0.0096435546875,-0.00372314453125,0.78094482421875,19,1,-1
13884,0,13886,0.0813559740781784,-0.10648060590028763,9.854840278625488,13885,0.62457275390625,-0.00970458984375,-0.00372314453125,0.78094482421875,19,1,0
13886,0,13886,0.0813559740781784,-0.10648060590028763,9.854840278625488,13885,0.62457275390625,-0.00970458984375,-0.00372314453125,0.78094482421875,19,0,-1
13886,0,13887,0.0813559740781784,-0.1052841916680336,9.854840278625488,13885,0.62457275390625,-0.00970458984375,-0.00372314453125,0.78094482421875,19,1,-1
13887,0,13887,0.0813559740781784,-0.1052841916680336,9.854840278625488,13885,0.62457275390625,-0.00970458984375,-0.00372314453125,0.78094482421875,19,0,-1
13887,0,13888,0.0813559740781784,-0.1052841916680336,9.854840278625488,13888,0.62457275390625,-0.00970458984375,-0.0037841796875,0.7808837890625,19,1,0
13888,0,13890,0.0813559740781784,-0.10648060590028763,9.854840278625488,13889,0.62457275390625,-0.00970458984375,-0.00372314453125,0.7808837890625,19,1,0
13890,0,13890,0.0813559740781784,-0.10648060590028763,9.854840278625488,13889,0.62457275390625,-0.00970458984375,-0.00372314453125,0.7808837890625,19,0,-1
13890,0,13890,0.0813559740781784,-0.10648060590028763,9.854840278625488,13889,0.62457275390625,-0.00970458984375,-0.00372314453125,0.7808837890625,19,0,-1
13890,0,13890,0.0813559740781784,-0.10648060590028763,9.854840278625488,13889,0.62457275390625,-0.00970458984375,-0.00372314453125,0.7808837890625,19,0,-1
13890,0,13891,0.0813559740781784,-0.10648060590028763,9.854840278625488,13889,0.62457275390625,-0.00970458984375,-0.00372314453125,0.7808837890625,19,1,-1
13891,0,13891,0.0813559740781784,-0.10648060590028763,9.854840278625488,13889,0.62457275390625,-0.00970458984375,-0.00372314453125,0.7808837890625,19,0,-1
13891,0,13891,0.0813559740781784,-0.10648060590028763,9.854840278625488,13889,0.62457275390625,-0.00970458984375,-0.00372314453125,0.7808837890625,19,0,-1
13892,0,13893,0.0813559740781784,-0.1052841916680336,9.854840278625488,13893,0.62457275390625,-0.00970458984375,-0.00372314453125,0.78094482421875,19,1,0
13893,0,13894,0.08015955239534378,-0.10648060590028763,9.854840278625488,13893,0.62457275390625,-0.00970458984375,-0.00372314453125,0.78094482421875,19,1,-1
13894,0,13894,0.08015955239534378,-0.10648060590028763,9.854840278625488,13893,0.62457275390625,-0.00970458984375,-0.00372314453125,0.78094482421875,19,0,-1
13894,0,13895,0.0813559740781784,-0.10648060590028763,9.854840278625488,13893,0.62457275390625,-0.00970458984375,-0.00372314453125,0.78094482421875,19,1,-1
13895,0,13895,0.0813559740781784,-0.10648060590028763,9.854840278625488,13893,0.62457275390625,-0.00970458984375,-0.00372314453125,0.78094482421875,19,0,-1
13895,0,13895,0.0813559740781784,-0.10648060590028763,9.854840278625488,13893,0.62457275390625,-0.00970458984375,-0.00372314453125,0.78094482421875,19,0,-1
13895,0,13896,0.08015955239534378,-0.10648060590028763,9.854840278625488,13893,0.62457275390625,-0.00970458984375,-0.00372314453125,0.78094482421875,19,1,-1
13896,0,13897,0.08015955239534378,-0.10648060590028763,9.854840278625488,13897,0.62457275390625,-0.00970458984375,-0.00372314453125,0.78094482421875,19,1,0
13897,0,13899,0.0813559740781784,-0.10648060590028763,9.854840278625488,13898,0.62457275390625,-0.00970458984375,-0.0037841796875,0.78094482421875,19,1,0
13899,0,13899,0.08015955239534378,-0.10648060590028763,9.854840278625488,13898,0.62457275390625,-0.00970458984375,-0.0037841796875,0.78094482421875,19,1,-1
13899,0,13899,0.08015955239534378,-0.10648060590028763,9.854840278625488,13898,0.62457275390625,-0.00970458984375,-0.0037841796875,0.78094482421875,19,0,-1
13900,0,13899,0.08015955239534378,-0.10648060590028763,9.854840278625488,13898,0.62457275390625,-0.00970458984375,-0.0037841796875,0.78094482421875,19,0,-1
13900,0,13900,0.0813559740781784,-0.10648060590028763,9.854840278625488,13898,0.62457275390625,-0.00970458984375,-0.0037841796875,0.78094482421875,19,1,-1
13900,0,13902,0.0813559740781784,-0.1052841916680336,9.854840278625488,13901,0.62457275390625,-0.00970458984375,-0.0037841796875,0.78094482421875,19,1,0
13902,0,13902,0.0813559740781784,-0.1052841916680336,9.854840278625488,13901,0.62457275390625,-0.00970458984375,-0.0037841796875,0.78094482421875,19,0,-1
13902,0,13903,0.08015955239534378,-0.10648060590028763,9.854840278625488,13901,0.62457275390625,-0.00970458984375,-0.0037841796875,0.78094482421875,19,1,-1
13903,0,13903,0.08015955239534378,-0.10648060590028763,9.854840278625488,13901,0.62457275390625,-0.00970458984375,-0.0037841796875,0.78094482421875,19,0,-1
13903,0,13903,0.08015955239534378,-0.10648060590028763,9.854840278625488,13901,0.62457275390625,-0.00970458984375,-0.0037841796875,0.78094482421875,19,0,-1
13903,0,13905,0.08015955239534378,-0.10648060590028763,9.856036186218262,13904,0.62457275390625,-0.00970458984375,-0.0037841796875,0.78094482421875,19,1,0
13905,0,13905,0.08015955239534378,-0.10648060590028763,9.856036186218262,13904,0.62457275390625,-0.00970458984375,-0.0037841796875,0.78094482421875,19,1,-1
13905,0,13907,0.08015955239534378,-0.10648060590028763,9.856036186218262,13906,0.62457275390625,-0.00970458984375,-0.0037841796875,0.78094482421875,19,1,0
13907,0,13907,0.08015955239534378,-0.10648060590028763,9.854840278625488,13906,0.62457275390625,-0.00970458984375,-0.0037841796875,0.78094482421875,19,1,-1
13907,0,13907,0.08015955239534378,-0.10648060590028763,9.854840278625488,13906,0.62457275390625,-0.00970458984375,-0.0037841796875,0.78094482421875,19,0,-1
13908,0,13909,0.08015955239534378,-0.10648060590028763,9.854840278625488,13909,0.62457275390625,-0.00970458984375,-0.0037841796875,0.7808837890625,19,1,0
13909,0,13911,0.08015955239534378,-0.10648060590028763,9.854840278625488,13910,0.62457275390625,-0.00970458984375,-0.0037841796875,0.7808837890625,19,1,0
13911,0,13911,0.08015955239534378,-0.1052841916680336,9.854840278625488,13910,0.62457275390625,-0.00970458984375,-0.0037841796875,0.7808837890625,19,1,-1
13911,0,13911,0.08015955239534378,-0.1052841916680336,9.854840278625488,13910,0.62457275390625,-0.00970458984375,-0.0037841796875,0.7808837890625,19,0,-1
13911,0,13912,0.08015955239534378,-0.10648060590028763,9.853643417358398,13910,0.62457275390625,-0.00970458984375,-0.0037841796875,0.7808837890625,19,1,-1
13912,0,13912,0.08015955239534378,-0.10648060590028763,9.853643417358398,13910,0.62457275390625,-0.00970458984375,-0.0037841796875,0.7808837890625,19,0,-1
13912,0,13912,0.08015955239534378,-0.10648060590028763,9.853643417358398,13910,0.62457275390625,-0.00970458984375,-0.0037841796875,0.7808837890625,19,0,-1
13913,0,13914,0.07896314561367035,-0.1052841916680336,9.854840278625488,13914,0.62457275390625,-0.00970458984375,-0.0037841796875,0.7808837890625,19,1,0
13914,0,13915,0.07896314561367035,-0.10648060590028763,9.854840278625488,13914,0.62457275390625,-0.00970458984375,-0.0037841796875,0.7808837890625,19,1,-1
13915,0,13915,0.07896314561367035,-0.10648060590028763,9.854840278625488,13914,0.62457275390625,-0.00970458984375,-0.0037841796875,0.7808837890625,19,0,-1
13915,0,13916,0.07896314561367035,-0.10648060590028763,9.853643417358398,13914,0.62457275390625,-0.00970458984375,-0.0037841796875,0.7808837890625,19,1,-1
13916,0,13916,0.07896314561367035,-0.10648060590028763,9.853643417358398,13914,0.62457275390625,-0.00970458984375,-0.0037841796875,0.7808837890625,19,0,-1
13916,0,13916,0.07896314561367035,-0.10648060590028763,9.853643417358398,13914,0.62457275390625,-0.00970458984375,-0.0037841796875,0.7808837890625,19,0,-1
13916,0,13918,0.07896314561367035,-0.10648060590028763,9.853643417358398,13917,0.62457275390625,-0.00970458984375,-0.0037841796875,0.7808837890625,19,1,0
13918,0,13918,0.08015955239534378,-0.10648060590028763,9.853643417358398,13917,0.62457275390625,-0.00970458984375,-0.0037841796875,0.7808837890625,19,1,-1
13918,0,13920,0.08015955239534378,-0.10648060590028763,9.853643417358398,13919,0.62457275390625,-0.00970458984375,-0.0037841796875,0.7808837890625,19,1,0
13920,0,13920,0.08015955239534378,-0.10648060590028763,9.853643417358398,13919,0.62457275390625,-0.00970458984375,-0.0037841796875,0.7808837890625,19,1,-1
13920,0,13920,0.08015955239534378,-0.10648060590028763,9.853643417358398,13919,0.62457275390625,-0.00970458984375,-0.0037841796875,0.7808837890625,19,0,-1
13920,0,13920,0.08015955239534378,-0.10648060590028763,9.853643417358398,13919,0.62457275390625,-0.00970458984375,-0.0037841796875,0.7808837890625,19,0,-1
13921,0,13921,0.08015955239534378,-0.10648060590028763,9.853643417358398,13919,0.62457275390625,-0.00970458984375,-0.0037841796875,0.7808837890625,19,1,-1
13921,0,13923,0.08015955239534378,-0.10648060590028763,9.853643417358398,13922,0.62457275390625,-0.00970458984375,-0.0037841796875,0.7808837890625,19,1,0
13923,0,13923,0.08015955239534378,-0.10648060590028763,9.853643417358398,13922,0.62457275390625,-0.00970458984375,-0.0037841796875,0.7808837890625,19,0,-1
13923,0,13924,0.08015955239534378,-0.10648060590028763,9.853643417358398,13922,0.62457275390625,-0.00970458984375,-0.0037841796875,0.7808837890625,19,1,-1
13924,0,13925,0.07896314561367035,-0.10648060590028763,9.853643417358398,13925,0.62457275390625,-0.00970458984375,-0.0037841796875,0.7808837890625,19,1,0
13925,0,13925,0.07896314561367035,-0.10648060590028763,9.853643417358398,13925,0.62457275390625,-0.00970458984375,-0.0037841796875,0.7808837890625,19,0,-1
13925,0,13925,0.07896314561367035,-0.10648060590028763,9.853643417358398,13925,0.62457275390625,-0.00970458984375,-0.0037841796875,0.7808837890625,19,0,-1
13926,0,13926,0.07896314561367035,-0.10648060590028763,9.853643417358398,13925,0.62457275390625,-0.00970458984375,-0.0037841796875,0.7808837890625,19,1,-1
13926,0,13928,0.07896314561367035,-0.10648060590028763,9.853643417358398,13927,0.62457275390625,-0.00970458984375,-0.0037841796875,0.7808837890625,19,1,0
13928,0,13928,0.08015955239534378,-0.1052841916680336,9.853643417358398,13927,0.62457275390625,-0.00970458984375,-0.0037841796875,0.7808837890625,19,1,-1
13928,0,13928,0.08015955239534378,-0.1052841916680336,9.853643417358398,13927,0.62457275390625,-0.00970458984375,-0.0037841796875,0.7808837890625,19,0,-1
13929,0,13928,0.08015955239534378,-0.1052841916680336,9.853643417358398,13927,0.62457275390625,-0.00970458984375,-0.0037841796875,0.7808837890625,19,0,-1
13929,0,13930,0.07896314561367035,-0.1052841916680336,9.853643417358398,13930,0.62457275390625,-0.00970458984375,-0.0037841796875,0.78094482421875,19,1,0
13930,0,13930,0.07896314561367035,-0.1052841916680336,9.853643417358398,13930,0.62457275390625,-0.00970458984375,-0.0037841796875,0.78094482421875,19,0,-1
13931,0,13930,0.07896314561367035,-0.1052841916680336,9.853643417358398,13930,0.62457275390625,-0.00970458984375,-0.0037841796875,0.78094482421875,19,0,-1
13931,0,13930,0.07896314561367035,-0.1052841916680336,9.853643417358398,13930,0.62457275390625,-0.00970458984375,-0.0037841796875,0.78094482421875,19,0,-1
13931,0,13932,0.07896314561367035,-0.10648060590028763,9.853643417358398,13930,0.62457275390625,-0.00970458984375,-0.0037841796875,0.78094482421875,19,1,-1
13932,0,13932,0.07896314561367035,-0.10648060590028763,9.853643417358398,13930,0.62457275390625,-0.00970458984375,-0.0037841796875,0.78094482421875,19,0,-1
13932,0,13932,0.07896314561367035,-0.10648060590028763,9.853643417358398,13930,0.62457275390625,-0.00970458984375,-0.0037841796875,0.78094482421875,19,0,-1
13932,0,13934,0.07896314561367035,-0.10648060590028763,9.853643417358398,13933,0.62457275390625,-0.00970458984375,-0.0037841796875,0.78094482421875,19,1,0
13934,0,13935,0.08015955239534378,-0.10648060590028763,9.853643417358398,13935,0.62451171875,-0.00970458984375,-0.0037841796875,0.78094482421875,19,1,0
13935,0,13935,0.08015955239534378,-0.10648060590028763,9.853643417358398,13935,0.62451171875,-0.00970458984375,-0.0037841796875,0.78094482421875,19,0,-1
13936,0,13937,0.07896314561367035,-0.10648060590028763,9.854840278625488,13936,0.62451171875,-0.00970458984375,-0.0037841796875,0.78094482421875,19,1,0
13937,0,13937,0.07896314561367035,-0.10648060590028763,9.854840278625488,13936,0.62451171875,-0.00970458984375,-0.0037841796875,0.78094482421875,19,0,-1
13937,0,13938,0.07896314561367035,-0.10648060590028763,9.853643417358398,13936,0.62451171875,-0.00970458984375,-0.0037841796875,0.78094482421875,19,1,-1
13938,0,13938,0.07896314561367035,-0.10648060590028763,9.853643417358398,13936,0.62451171875,-0.00970458984375,-0.0037841796875,0.78094482421875,19,0,-1
13938,0,13938,0.07896314561367035,-0.10648060590028763,9.853643417358398,13936,0.62451171875,-0.00970458984375,-0.0037841796875,0.78094482421875,19,0,-1
13938,0,13940,0.07896314561367035,-0.10767702013254166,9.853643417358398,13939,0.62457275390625,-0.00970458984375,-0.0037841796875,0.78094482421875,19,1,0
13940,0,13940,0.07896314561367035,-0.10767702013254166,9.853643417358398,13939,0.62457275390625,-0.00970458984375,-0.0037841796875,0.78094482421875,19,0,-1
13940,0,13940,0.07896314561367035,-0.10767702013254166,9.853643417358398,13939,0.62457275390625,-0.00970458984375,-0.0037841796875,0.78094482421875,19,0,-1
13940,0,13940,0.07896314561367035,-0.10767702013254166,9.853643417358398,13939,0.62457275390625,-0.00970458984375,-0.0037841796875,0.78094482421875,19,0,-1
13941,0,13941,0.08015955239534378,-0.10767702013254166,9.853643417358398,13939,0.62457275390625,-0.00970458984375,-0.0037841796875,0.78094482421875,19,1,-1
13941,0,13943,0.08015955239534378,-0.10767702013254166,9.853643417358398,13942,0.62457275390625,-0.00970458984375,-0.0037841796875,0.78094482421875,19,1,0
13943,0,13943,0.08015955239534378,-0.10767702013254166,9.853643417358398,13942,0.62457275390625,-0.00970458984375,-0.0037841796875,0.78094482421875,19,0,-1
13943,0,13944,0.08015955239534378,-0.10767702013254166,9.853643417358398,13944,0.62457275390625,-0.00970458984375,-0.0037841796875,0.78094482421875,19,1,0
13944,0,13945,0.08015955239534378,-0.10767702013254166,9.852446556091309,13944,0.62457275390625,-0.00970458984375,-0.0037841796875,0.78094482421875,19,1,-1
13945,0,13945,0.08015955239534378,-0.10767702013254166,9.852446556091309,13944,0.62457275390625,-0.00970458984375,-0.0037841796875,0.78094482421875,19,0,-1
13945,0,13946,0.08015955239534378,-0.10767702013254166,9.853643417358398,13944,0.62457275390625,-0.00970458984375,-0.0037841796875,0.78094482421875,19,1,-1
13946,0,13947,0.08015955239534378,-0.10767702013254166,9.852446556091309,13947,0.62457275390625,-0.00970458984375,-0.0037841796875,0.78094482421875,19,1,0
13947,0,13947,0.08015955239534378,-0.10767702013254166,9.852446556091309,13947,0.62457275390625,-0.00970458984375,-0.0037841796875,0.78094482421875,19,0,-1
13948,0,13948,0.08015955239534378,-0.10767702013254166,9.852446556091309,13947,0.62457275390625,-0.00970458984375,-0.0037841796875,0.78094482421875,19,1,-1
13948,0,13948,0.08015955239534378,-0.10767702013254166,9.852446556091309,13947,0.62457275390625,-0.00970458984375,-0.0037841796875,0.78094482421875,19,0,-1
13949,0,13948,0.08015955239534378,-0.10767702013254166,9.852446556091309,13947,0.62457275390625,-0.00970458984375,-0.0037841796875,0.78094482421875,19,0,-1
13949,0,13950,0.08015955239534378,-0.10767702013254166,9.852446556091309,13950,0.62457275390625,-0.00970458984375,-0.0037841796875,0.78094482421875,19,1,0
13950,0,13951,0.07896314561367035,-0.10767702013254166,9.853643417358398,13950,0.62457275390625,-0.00970458984375,-0.0037841796875,0.78094482421875,19,1,-1
13951,0,13951,0.07896314561367035,-0.10767702013254166,9.853643417358398,13950,0.62457275390625,-0.00970458984375,-0.0037841796875,0.78094482421875,19,0,-1
13951,0,13952,0.07896314561367035,-0.10767702013254166,9.853643417358398,13950,0.62457275390625,-0.00970458984375,-0.0037841796875,0.78094482421875,19,1,-1
13952,0,13952,0.07896314561367035,-0.10767702013254166,9.853643417358398,13950,0.62457275390625,-0.00970458984375,-0.0037841796875,0.78094482421875,19,0,-1
13952,0,13952,0.07896314561367035,-0.10767702013254166,9.853643417358398,13950,0.62457275390625,-0.00970458984375,-0.0037841796875,0.78094482421875,19,0,-1
13952,0,13954,0.07896314561367035,-0.10767702013254166,9.853643417358398,13953,0.62451171875,-0.00970458984375,-0.0037841796875,0.78094482421875,19,1,0
13954,0,13954,0.07896314561367035,-0.10767702013254166,9.853643417358398,13953,0.62451171875,-0.00970458984375,-0.0037841796875,0.78094482421875,19,1,-1
13954,0,13954,0.07896314561367035,-0.10767702013254166,9.853643417358398,13953,0.62451171875,-0.00970458984375,-0.0037841796875,0.78094482421875,19,0,-1
13955,0,13956,0.08015955239534378,-0.10767702013254166,9.853643417358398,13955,0.62451171875,-0.009765625,-0.0037841796875,0.78094482421875,19,1,0
13956,0,13957,0.08015955239534378,-0.10767702013254166,9.853643417358398,13955,0.62451171875,-0.009765625,-0.0037841796875,0.78094482421875,19,1,-1
13957,0,13957,0.08015955239534378,-0.10767702013254166,9.853643417358398,13955,0.62451171875,-0.009765625,-0.0037841796875,0.78094482421875,19,0,-1
13957,0,13958,0.07896314561367035,-0.10767702013254166,9.853643417358398,13955,0.62451171875,-0.009765625,-0.0037841796875,0.78094482421875,19,1,-1
13958,0,13959,0.07896314561367035,-0.10767702013254166,9.853643417358398,13958,0.62457275390625,-0.009765625,-0.0037841796875,0.78094482421875,19,1,0
13959,0,13959,0.07896314561367035,-0.10767702013254166,9.853643417358398,13958,0.62457275390625,-0.009765625,-0.0037841796875,0.78094482421875,19,0,-1
13959,0,13960,0.07896314561367035,-0.10767702013254166,9.853643417358398,13958,0.62457275390625,-0.009765625,-0.0037841796875,0.78094482421875,19,1,-1
13960,0,13961,0.07896314561367035,-0.10767702013254166,9.853643417358398,13961,0.62457275390625,-0.009765625,-0.0037841796875,0.78094482421875,19,1,0
13961,0,13961,0.07896314561367035,-0.10767702013254166,9.853643417358398,13961,0.62457275390625,-0.009765625,-0.0037841796875,0.78094482421875,19,0,-1
13961,0,13963,0.07896314561367035,-0.10767702013254166,9.853643417358398,13963,0.62457275390625,-0.009765625,-0.0037841796875,0.78094482421875,19,1,0
13963,0,13965,0.07896314561367035,-0.10887342691421509,9.853643417358398,13964,0.62457275390625,-0.009765625,-0.0037841796875,0.7808837890625,19,1,0
13965,0,13965,0.07896314561367035,-0.10887342691421509,9.853643417358398,13964,0.62457275390625,-0.009765625,-0.0037841796875,0.7808837890625,19,0,-1
13965,0,13965,0.07896314561367035,-0.10887342691421509,9.853643417358398,13964,0.62457275390625,-0.009765625,-0.0037841796875,0.7808837890625,19,0,-1
13965,0,13966,0.07896314561367035,-0.10887342691421509,9.853643417358398,13964,0.62457275390625,-0.009765625,-0.0037841796875,0.7808837890625,19,1,-1
13966,0,13966,0.07896314561367035,-0.10887342691421509,9.853643417358398,13964,0.62457275390625,-0.009765625,-0.0037841796875,0.7808837890625,19,0,-1
13966,0,13967,0.07776673883199692,-0.10767702013254166,9.853643417358398,13967,0.62457275390625,-0.009765625,-0.0037841796875,0.7808837890625,19,1,0
13967,0,13968,0.07896314561367035,-0.10887342691421509,9.853643417358398,13967,0.62457275390625,-0.009765625,-0.0037841796875,0.7808837890625,19,1,-1
13968,0,13968,0.07896314561367035,-0.10887342691421509,9.853643417358398,13967,0.62457275390625,-0.009765625,-0.0037841796875,0.7808837890625,19,0,-1
13968,0,13968,0.07896314561367035,-0.10887342691421509,9.853643417358398,13967,0.62457275390625,-0.009765625,-0.0037841796875,0.7808837890625,19,0,-1
13969,0,13969,0.07776673883199692,-0.10767702013254166,9.853643417358398,13967,0.62457275390625,-0.009765625,-0.0037841796875,0.7808837890625,19,1,-1
13969,0,13969,0.07776673883199692,-0.10767702013254166,9.853643417358398,13967,0.62457275390625,-0.009765625,-0.0037841796875,0.7808837890625,19,0,-1
13970,0,13969,0.07776673883199692,-0.10767702013254166,9.853643417358398,13967,0.62457275390625,-0.009765625,-0.0037841796875,0.7808837890625,19,0,-1
13970,0,13971,0.07776673883199692,-0.10887342691421509,9.853643417358398,13971,0.62457275390625,-0.009765625,-0.00384521484375,0.78094482421875,19,1,0
13971,0,13972,0.07776673883199692,-0.10887342691421509,9.853643417358398,13971,0.62457275390625,-0.009765625,-0.00384521484375,0.78094482421875,19,1,-1
13972,0,13972,0.07776673883199692,-0.10887342691421509,9.853643417358398,13971,0.62457275390625,-0.009765625,-0.00384521484375,0.78094482421875,19,0,-1
13972,0,13973,0.07776673883199692,-0.10887342691421509,9.853643417358398,13971,0.62457275390625,-0.009765625,-0.00384521484375,0.78094482421875,19,1,-1
13973,0,13974,0.07776673883199692,-0.10887342691421509,9.853643417358398,13974,0.62457275390625,-0.009765625,-0.00384521484375,0.7808837890625,19,1,0
13974,0,13974,0.07776673883199692,-0.10887342691421509,9.853643417358398,13974,0.62457275390625,-0.009765625,-0.00384521484375,0.7808837890625,19,0,-1
13974,0,13975,0.07776673883199692,-0.10887342691421509,9.853643417358398,13974,0.62457275390625,-0.009765625,-0.00384521484375,0.7808837890625,19,1,-1
13975,0,13975,0.07776673883199692,-0.10887342691421509,9.853643417358398,13974,0.62457275390625,-0.009765625,-0.00384521484375,0.7808837890625,19,0,-1
13975,0,13977,0.07776673883199692,-0.10887342691421509,9.853643417358398,13976,0.62457275390625,-0.009765625,-0.0037841796875,0.78094482421875,19,1,0
13977,0,13977,0.07657032459974289,-0.10887342691421509,9.853643417358398,13976,0.62457275390625,-0.009765625,-0.0037841796875,0.78094482421875,19,1,-1
13977,0,13979,0.07657032459974289,-0.10887342691421509,9.853643417358398,13978,0.62457275390625,-0.009765625,-0.0037841796875,0.78094482421875,19,1,0
13979,0,13980,0.07657032459974289,-0.10887342691421509,9.853643417358398,13980,0.62457275390625,-0.009765625,-0.0037841796875,0.78094482421875,19,1,0
13980,0,13980,0.07657032459974289,-0.10887342691421509,9.853643417358398,13980,0.62457275390625,-0.009765625,-0.0037841796875,0.78094482421875,19,0,-1
13980,0,13981,0.07657032459974289,-0.10887342691421509,9.853643417358398,13980,0.62457275390625,-0.009765625,-0.0037841796875,0.78094482421875,19,1,-1
13981,0,13983,0.07657032459974289,-0.10887342691421509,9.853643417358398,13982,0.62457275390625,-0.009765625,-0.0037841796875,0.78094482421875,19,1,0
13983,0,13983,0.07657032459974289,-0.10887342691421509,9.853643417358398,13982,0.62457275390625,-0.009765625,-0.0037841796875,0.78094482421875,19,0,-1
13983,0,13983,0.07657032459974289,-0.10887342691421509,9.853643417358398,13982,0.62457275390625,-0.009765625,-0.0037841796875,0.78094482421875,19,1,-1
13983,0,13983,0.07657032459974289,-0.10887342691421509,9.853643417358398,13982,0.62457275390625,-0.009765625,-0.0037841796875,0.78094482421875,19,0,-1
13984,0,13984,0.07657032459974289,-0.10887342691421509,9.853643417358398,13982,0.62457275390625,-0.009765625,-0.0037841796875,0.78094482421875,19,1,-1
13984,0,13986,0.07657032459974289,-0.10887342691421509,9.853643417358398,13985,0.62457275390625,-0.009765625,-0.0037841796875,0.78094482421875,19,1,0
13986,0,13986,0.07657032459974289,-0.10887342691421509,9.853643417358398,13985,0.62457275390625,-0.009765625,-0.0037841796875,0.78094482421875,19,0,-1
13986,0,13987,0.07657032459974289,-0.10887342691421509,9.853643417358398,13987,0.62457275390625,-0.009765625,-0.00384521484375,0.78094482421875,19,1,0
13987,0,13988,0.07776673883199692,-0.10887342691421509,9.853643417358398,13987,0.62457275390625,-0.009765625,-0.00384521484375,0.78094482421875,19,1,-1
13988,0,13989,0.07776673883199692,-0.10887342691421509,9.853643417358398,13989,0.62457275390625,-0.009765625,-0.00384521484375,0.78094482421875,19,1,0
13989,0,13989,0.07776673883199692,-0.10887342691421509,9.853643417358398,13989,0.62457275390625,-0.009765625,-0.00384521484375,0.78094482421875,19,0,-1
13990,0,13990,0.07776673883199692,-0.10887342691421509,9.853643417358398,13989,0.62457275390625,-0.009765625,-0.00384521484375,0.78094482421875,19,1,-1
13990,0,13992,0.07657032459974289,-0.11006984114646912,9.853643417358398,13991,0.62457275390625,-0.009765625,-0.00384521484375,0.78094482421875,19,1,0
13992,0,13992,0.07657032459974289,-0.11006984114646912,9.853643417358398,13991,0.62457275390625,-0.009765625,-0.00384521484375,0.78094482421875,19,0,-1
13992,0,13993,0.07657032459974289,-0.11006984114646912,9.853643417358398,13991,0.62457275390625,-0.009765625,-0.00384521484375,0.78094482421875,19,1,-1
13993,0,13993,0.07657032459974289,-0.11006984114646912,9.853643417358398,13991,0.62457275390625,-0.009765625,-0.00384521484375,0.78094482421875,19,0,-1
13993,0,13993,0.07657032459974289,-0.11006984114646912,9.853643417358398,13991,0.62457275390625,-0.009765625,-0.00384521484375,0.78094482421875,19,0,-1
13993,0,13994,0.07657032459974289,-0.11006984114646912,9.852446556091309,13991,0.62457275390625,-0.009765625,-0.00384521484375,0.78094482421875,19,1,-1
13994,0,13995,0.07657032459974289,-0.11006984114646912,9.852446556091309,13995,0.62457275390625,-0.009765625,-0.00384521484375,0.78094482421875,19,1,0
13995,0,13995,0.07657032459974289,-0.11006984114646912,9.852446556091309,13995,0.62457275390625,-0.009765625,-0.00384521484375,0.78094482421875,19,0,-1
13996,0,13996,0.07657032459974289,-0.11006984114646912,9.852446556091309,13995,0.62457275390625,-0.009765625,-0.00384521484375,0.78094482421875,19,1,-1
13996,0,13998,0.07657032459974289,-0.11006984114646912,9.853643417358398,13997,0.62457275390625,-0.009765625,-0.00384521484375,0.78094482421875,19,1,0
13998,0,13998,0.07657032459974289,-0.11006984114646912,9.853643417358398,13997,0.62457275390625,-0.009765625,-0.00384521484375,0.78094482421875,19,1,-1
13999,0,14000,0.07657032459974289,-0.11006984114646912,9.852446556091309,13999,0.62457275390625,-0.009765625,-0.00384521484375,0.78094482421875,19,1,0
14000,0,14000,0.07657032459974289,-0.11006984114646912,9.852446556091309,13999,0.62457275390625,-0.009765625,-0.00384521484375,0.78094482421875,19,0,-1
14000,0,14002,0.07657032459974289,-0.11006984114646912,9.853643417358398,14001,0.62457275390625,-0.009765625,-0.00384521484375,0.78094482421875,19,1,0
14002,0,14002,0.07657032459974289,-0.11006984114646912,9.853643417358398,14001,0.62457275390625,-0.009765625,-0.00384521484375,0.78094482421875,19,0,-1
14002,0,14002,0.07657032459974289,-0.11006984114646912,9.853643417358398,14001,0.62457275390625,-0.009765625,-0.00384521484375,0.78094482421875,19,0,-1
14002,0,14002,0.07657032459974289,-0.11006984114646912,9.853643417358398,14001,0.62457275390625,-0.009765625,-0.00384521484375,0.78094482421875,19,0,-1
14002,0,14003,0.07657032459974289,-0.11126624792814255,9.853643417358398,14001,0.62457275390625,-0.009765625,-0.00384521484375,0.78094482421875,19,1,-1
14003,0,14003,0.07657032459974289,-0.11126624792814255,9.853643417358398,14001,0.62457275390625,-0.009765625,-0.00384521484375,0.78094482421875,19,0,-1
14003,0,14005,0.07657032459974289,-0.11006984114646912,9.853643417358398,14004,0.62457275390625,-0.009765625,-0.00384521484375,0.78094482421875,19,1,0
14005,0,14005,0.07657032459974289,-0.11126624792814255,9.853643417358398,14004,0.62457275390625,-0.009765625,-0.00384521484375,0.78094482421875,19,1,-1
14005,0,14005,0.07657032459974289,-0.11126624792814255,9.853643417358398,14004,0.62457275390625,-0.009765625,-0.00384521484375,0.78094482421875,19,0,-1
14006,0,14007,0.07657032459974289,-0.11126624792814255,9.853643417358398,14007,0.62457275390625,-0.009765625,-0.00384521484375,0.78094482421875,19,1,0
14007,0,14008,0.07657032459974289,-0.11126624792814255,9.853643417358398,14007,0.62457275390625,-0.009765625,-0.00384521484375,0.78094482421875,19,1,-1
14008,0,14009,0.07657032459974289,-0.11126624792814255,9.853643417358398,14009,0.62457275390625,-0.009765625,-0.00384521484375,0.78094482421875,19,1,0
14009,0,14009,0.07657032459974289,-0.11126624792814255,9.853643417358398,14009,0.62457275390625,-0.009765625,-0.00384521484375,0.78094482421875,19,0,-1
14009,0,14010,0.07657032459974289,-0.11126624792814255,9.853643417358398,14009,0.62457275390625,-0.009765625,-0.00384521484375,0.78094482421875,19,1,-1
14010,0,14010,0.07657032459974289,-0.11126624792814255,9.853643417358398,14009,0.62457275390625,-0.009765625,-0.00384521484375,0.78094482421875,19,0,-1
14010,0,14010,0.07657032459974289,-0.11126624792814255,9.853643417358398,14009,0.62457275390625,-0.009765625,-0.00384521484375,0.78094482421875,19,0,-1
14011,0,14011,0.07657032459974289,-0.11126624792814255,9.852446556091309,14009,0.62457275390625,-0.009765625,-0.00384521484375,0.78094482421875,19,1,-1
14011,0,14013,0.07776673883199692,-0.11126624792814255,9.852446556091309,14012,0.62457275390625,-0.009765625,-0.00384521484375,0.78094482421875,19,1,0
14013,0,14013,0.07776673883199692,-0.11126624792814255,9.852446556091309,14012,0.62457275390625,-0.009765625,-0.00384521484375,0.78094482421875,19,0,-1
14013,0,14014,0.07776673883199692,-0.11126624792814255,9.852446556091309,14012,0.62457275390625,-0.009765625,-0.00384521484375,0.78094482421875,19,1,-1
14014,0,14015,0.07896314561367035,-0.11126624792814255,9.852446556091309,14015,0.62457275390625,-0.009765625,-0.00384521484375,0.78094482421875,19,1,0
14015,0,14017,0.07776673883199692,-0.11126624792814255,9.853643417358398,14016,0.62457275390625,-0.009765625,-0.00384521484375,0.78094482421875,19,1,0
14017,0,14017,0.07776673883199692,-0.11126624792814255,9.852446556091309,14016,0.62457275390625,-0.009765625,-0.00384521484375,0.78094482421875,19,1,-1
14017,0,14017,0.07776673883199692,-0.11126624792814255,9.852446556091309,14016,0.62457275390625,-0.009765625,-0.00384521484375,0.78094482421875,19,0,-1
14018,0,14019,0.07776673883199692,-0.11246266961097717,9.852446556091309,14018,0.62457275390625,-0.009765625,-0.00384521484375,0.78094482421875,19,1,0
14019,0,14020,0.07776673883199692,-0.11246266961097717,9.852446556091309,14018,0.62457275390625,-0.009765625,-0.00384521484375,0.78094482421875,19,1,-1
14020,0,14020,0.07776673883199692,-0.11246266961097717,9.852446556091309,14018,0.62457275390625,-0.009765625,-0.00384521484375,0.78094482421875,19,0,-1
14020,0,14021,0.07896314561367035,-0.11246266961097717,9.852446556091309,14018,0.62457275390625,-0.009765625,-0.00384521484375,0.78094482421875,19,1,-1
14021,0,14022,0.07896314561367035,-0.11246266961097717,9.852446556091309,14021,0.62457275390625,-0.009765625,-0.00384521484375,0.78094482421875,19,1,0
14022,0,14022,0.07896314561367035,-0.11246266961097717,9.852446556091309,14021,0.62457275390625,-0.009765625,-0.00384521484375,0.78094482421875,19,0,-1
14022,0,14023,0.07896314561367035,-0.11126624792814255,9.852446556091309,14021,0.62457275390625,-0.009765625,-0.00384521484375,0.78094482421875,19,1,-1
14023,0,14023,0.07896314561367035,-0.11126624792814255,9.852446556091309,14021,0.62457275390625,-0.009765625,-0.00384521484375,0.78094482421875,19,0,-1
14023,0,14025,0.07896314561367035,-0.11126624792814255,9.852446556091309,14024,0.62457275390625,-0.009765625,-0.00384521484375,0.78094482421875,19,1,0
14025,0,14025,0.07896314561367035,-0.11126624792814255,9.852446556091309,14024,0.62457275390625,-0.009765625,-0.00384521484375,0.78094482421875,19,1,-1
14025,0,14025,0.07896314561367035,-0.11126624792814255,9.852446556091309,14024,0.62457275390625,-0.009765625,-0.00384521484375,0.78094482421875,19,0,-1
14025,0,14027,0.07896314561367035,-0.11126624792814255,9.852446556091309,14026,0.62457275390625,-0.009765625,-0.00384521484375,0.78094482421875,19,1,0
14027,0,14028,0.07896314561367035,-0.11126624792814255,9.852446556091309,14026,0.62457275390625,-0.009765625,-0.00384521484375,0.78094482421875,19,1,-1
14028,0,14029,0.07896314561367035,-0.11126624792814255,9.853643417358398,14028,0.62457275390625,-0.009765625,-0.00384521484375,0.78094482421875,19,1,0
14029,0,14029,0.07896314561367035,-0.11126624792814255,9.853643417358398,14028,0.62457275390625,-0.009765625,-0.00384521484375,0.78094482421875,19,0,-1
14029,0,14030,0.07896314561367035,-0.11126624792814255,9.852446556091309,14028,0.62457275390625,-0.009765625,-0.00384521484375,0.78094482421875,19,1,-1
14030,0,14030,0.07896314561367035,-0.11126624792814255,9.852446556091309,14028,0.62457275390625,-0.009765625,-0.00384521484375,0.78094482421875,19,0,-1
14030,0,14030,0.07896314561367035,-0.11126624792814255,9.852446556091309,14028,0.62457275390625,-0.009765625,-0.00384521484375,0.78094482421875,19,0,-1
14030,0,14031,0.07896314561367035,-0.11126624792814255,9.852446556091309,14028,0.62457275390625,-0.009765625,-0.00384521484375,0.78094482421875,19,1,-1
14031,0,14033,0.07896314561367035,-0.11126624792814255,9.852446556091309,14032,0.62457275390625,-0.009765625,-0.00384521484375,0.78094482421875,19,1,0
14033,0,14033,0.07896314561367035,-0.11126624792814255,9.852446556091309,14032,0.62457275390625,-0.009765625,-0.00384521484375,0.78094482421875,19,0,-1
14033,0,14033,0.07896314561367035,-0.11126624792814255,9.852446556091309,14032,0.62457275390625,-0.009765625,-0.00384521484375,0.78094482421875,19,1,-1
14033,0,14035,0.07896314561367035,-0.11126624792814255,9.852446556091309,14034,0.62457275390625,-0.009765625,-0.00384521484375,0.78094482421875,19,1,0
14035,0,14035,0.07896314561367035,-0.11126624792814255,9.852446556091309,14034,0.62457275390625,-0.009765625,-0.00384521484375,0.78094482421875,19,0,-1
14035,0,14036,0.07896314561367035,-0.11126624792814255,9.853643417358398,14034,0.62457275390625,-0.009765625,-0.00384521484375,0.78094482421875,19,1,-1
14036,0,14037,0.07896314561367035,-0.11126624792814255,9.852446556091309,14037,0.62457275390625,-0.009765625,-0.00384521484375,0.78094482421875,19,1,0
14037,0,14037,0.07896314561367035,-0.11126624792814255,9.852446556091309,14037,0.62457275390625,-0.009765625,-0.00384521484375,0.78094482421875,19,0,-1
14037,0,14038,0.07896314561367035,-0.11126624792814255,9.852446556091309,14037,0.62457275390625,-0.009765625,-0.00384521484375,0.78094482421875,19,1,-1
14038,0,14040,0.07896314561367035,-0.11126624792814255,9.853643417358398,14039,0.62457275390625,-0.009765625,-0.00384521484375,0.78094482421875,19,1,0
14040,0,14040,0.07896314561367035,-0.11126624792814255,9.853643417358398,14039,0.62457275390625,-0.009765625,-0.00384521484375,0.78094482421875,19,0,-1
14040,0,14040,0.07896314561367035,-0.11006984114646912,9.852446556091309,14039,0.62457275390625,-0.009765625,-0.00384521484375,0.78094482421875,19,1,-1
14040,0,14040,0.07896314561367035,-0.11006984114646912,9.852446556091309,14039,0.62457275390625,-0.009765625,-0.00384521484375,0.78094482421875,19,0,-1
14041,0,14040,0.07896314561367035,-0.11006984114646912,9.852446556091309,14039,0.62457275390625,-0.009765625,-0.00384521484375,0.78094482421875,19,0,-1
14041,0,14042,0.07896314561367035,-0.11006984114646912,9.853643417358398,14042,0.62457275390625,-0.009765625,-0.00384521484375,0.78094482421875,19,1,0
14042,0,14042,0.07896314561367035,-0.11006984114646912,9.853643417358398,14042,0.62457275390625,-0.009765625,-0.00384521484375,0.78094482421875,19,0,-1
14043,0,14042,0.07896314561367035,-0.11006984114646912,9.853643417358398,14042,0.62457275390625,-0.009765625,-0.00384521484375,0.78094482421875,19,0,-1
14043,0,14042,0.07896314561367035,-0.11006984114646912,9.853643417358398,14042,0.62457275390625,-0.009765625,-0.00384521484375,0.78094482421875,19,0,-1
14043,0,14044,0.07896314561367035,-0.11006984114646912,9.852446556091309,14042,0.62457275390625,-0.009765625,-0.00384521484375,0.78094482421875,19,1,-1
14044,0,14045,0.07896314561367035,-0.11006984114646912,9.852446556091309,14045,0.62457275390625,-0.009765625,-0.00384521484375,0.78094482421875,19,1,0
14045,0,14047,0.07896314561367035,-0.11006984114646912,9.852446556091309,14046,0.62457275390625,-0.009765625,-0.00384521484375,0.78094482421875,19,1,0
14047,0,14047,0.07896314561367035,-0.11006984114646912,9.852446556091309,14046,0.62457275390625,-0.009765625,-0.00384521484375,0.78094482421875,19,1,-1
14047,0,14047,0.07896314561367035,-0.11006984114646912,9.852446556091309,14046,0.62457275390625,-0.009765625,-0.00384521484375,0.78094482421875,19,0,-1
14048,0,14049,0.07896314561367035,-0.11006984114646912,9.852446556091309,14049,0.62457275390625,-0.009765625,-0.00384521484375,0.78094482421875,19,1,0
14049,0,14050,0.07776673883199692,-0.11006984114646912,9.851250648498535,14049,0.62457275390625,-0.009765625,-0.00384521484375,0.78094482421875,19,1,-1
14050,0,14050,0.07776673883199692,-0.11006984114646912,9.851250648498535,14049,0.62457275390625,-0.009765625,-0.00384521484375,0.78094482421875,19,0,-1
14050,0,14050,0.07776673883199692,-0.11006984114646912,9.851250648498535,14049,0.62457275390625,-0.009765625,-0.00384521484375,0.78094482421875,19,0,-1
14050,0,14051,0.07776673883199692,-0.11006984114646912,9.851250648498535,14049,0.62457275390625,-0.009765625,-0.00384521484375,0.78094482421875,19,1,-1
14051,0,14052,0.07776673883199692,-0.11006984114646912,9.851250648498535,14052,0.62457275390625,-0.009765625,-0.00384521484375,0.78094482421875,19,1,0
14052,0,14052,0.07776673883199692,-0.11006984114646912,9.851250648498535,14052,0.62457275390625,-0.009765625,-0.00384521484375,0.78094482421875,19,0,-1
14053,0,14053,0.07896314561367035,-0.11006984114646912,9.851250648498535,14052,0.62457275390625,-0.009765625,-0.00384521484375,0.78094482421875,19,1,-1
14053,0,14053,0.07896314561367035,-0.11006984114646912,9.851250648498535,14052,0.62457275390625,-0.009765625,-0.00384521484375,0.78094482421875,19,0,-1
14053,0,14055,0.07896314561367035,-0.11006984114646912,9.851250648498535,14054,0.62457275390625,-0.009765625,-0.00384521484375,0.78094482421875,19,1,0
14055,0,14056,0.07896314561367035,-0.10887342691421509,9.851250648498535,14054,0.62457275390625,-0.009765625,-0.00384521484375,0.78094482421875,19,1,-1
14056,0,14057,0.07896314561367035,-0.11006984114646912,9.851250648498535,14056,0.62457275390625,-0.009765625,-0.00384521484375,0.78094482421875,19,1,0
14057,0,14057,0.07896314561367035,-0.11006984114646912,9.851250648498535,14056,0.62457275390625,-0.009765625,-0.00384521484375,0.78094482421875,19,0,-1
14057,0,14058,0.07776673883199692,-0.11006984114646912,9.851250648498535,14056,0.62457275390625,-0.009765625,-0.00384521484375,0.78094482421875,19,1,-1
14058,0,14058,0.07776673883199692,-0.11006984114646912,9.851250648498535,14056,0.62457275390625,-0.009765625,-0.00384521484375,0.78094482421875,19,0,-1
14058,0,14060,0.07776673883199692,-0.11006984114646912,9.851250648498535,14059,0.62457275390625,-0.009765625,-0.00384521484375,0.78094482421875,19,1,0
14060,0,14060,0.07776673883199692,-0.11006984114646912,9.852446556091309,14059,0.62457275390625,-0.009765625,-0.00384521484375,0.78094482421875,19,1,-1
14060,0,14060,0.07776673883199692,-0.11006984114646912,9.852446556091309,14059,0.62457275390625,-0.009765625,-0.00384521484375,0.78094482421875,19,0,-1
14060,0,14060,0.07776673883199692,-0.11006984114646912,9.852446556091309,14059,0.62457275390625,-0.009765625,-0.00384521484375,0.78094482421875,19,0,-1
14061,0,14062,0.07776673883199692,-0.10887342691421509,9.851250648498535,14062,0.62457275390625,-0.009765625,-0.00384521484375,0.78094482421875,19,1,0
14062,0,14063,0.07776673883199692,-0.10887342691421509,9.851250648498535,14062,0.62457275390625,-0.009765625,-0.00384521484375,0.78094482421875,19,1,-1
14063,0,14064,0.07776673883199692,-0.10887342691421509,9.851250648498535,14064,0.62457275390625,-0.009765625,-0.00384521484375,0.78094482421875,19,1,0
14064,0,14065,0.07776673883199692,-0.10887342691421509,9.851250648498535,14064,0.62457275390625,-0.009765625,-0.00384521484375,0.78094482421875,19,1,-1
14065,0,14065,0.07776673883199692,-0.10887342691421509,9.851250648498535,14064,0.62457275390625,-0.009765625,-0.00384521484375,0.78094482421875,19,0,-1
14065,0,14065,0.07776673883199692,-0.10887342691421509,9.851250648498535,14064,0.62457275390625,-0.009765625,-0.00384521484375,0.78094482421875,19,0,-1
14065,0,14067,0.07776673883199692,-0.11006984114646912,9.851250648498535,14066,0.62457275390625,-0.009765625,-0.00384521484375,0.78094482421875,19,1,0
14067,0,14067,0.07776673883199692,-0.11006984114646912,9.851250648498535,14066,0.62457275390625,-0.009765625,-0.00384521484375,0.78094482421875,19,1,-1
14067,0,14067,0.07776673883199692,-0.11006984114646912,9.851250648498535,14066,0.62457275390625,-0.009765625,-0.00384521484375,0.78094482421875,19,0,-1
14068,0,14068,0.07776673883199692,-0.11006984114646912,9.851250648498535,14066,0.62457275390625,-0.009765625,-0.00384521484375,0.78094482421875,19,1,-1
14068,0,14070,0.07776673883199692,-0.11006984114646912,9.851250648498535,14069,0.62457275390625,-0.009765625,-0.00384521484375,0.78094482421875,19,1,0
14070,0,14070,0.07776673883199692,-0.11006984114646912,9.851250648498535,14069,0.62457275390625,-0.009765625,-0.00384521484375,0.78094482421875,19,0,-1
14070,0,14071,0.07776673883199692,-0.11006984114646912,9.851250648498535,14069,0.62457275390625,-0.009765625,-0.00384521484375,0.78094482421875,19,1,-1
14071,0,14071,0.07776673883199692,-0.11006984114646912,9.851250648498535,14069,0.62457275390625,-0.009765625,-0.00384521484375,0.78094482421875,19,0,-1
14071,0,14072,0.07776673883199692,-0.10887342691421509,9.851250648498535,14072,0.62457275390625,-0.009765625,-0.00384521484375,0.78094482421875,19,1,0
14072,0,14073,0.07776673883199692,-0.10887342691421509,9.851250648498535,14072,0.62457275390625,-0.009765625,-0.00384521484375,0.78094482421875,19,1,-1
14073,0,14075,0.07776673883199692,-0.10887342691421509,9.851250648498535,14074,0.62457275390625,-0.009765625,-0.00384521484375,0.78094482421875,19,1,0
14075,0,14075,0.07776673883199692,-0.10887342691421509,9.851250648498535,14074,0.62457275390625,-0.009765625,-0.00384521484375,0.78094482421875,19,0,-1
14075,0,14075,0.07896314561367035,-0.10887342691421509,9.851250648498535,14074,0.62457275390625,-0.009765625,-0.00384521484375,0.78094482421875,19,1,-1
14075,0,14075,0.07896314561367035,-0.10887342691421509,9.851250648498535,14074,0.62457275390625,-0.009765625,-0.00384521484375,0.78094482421875,19,0,-1
14076,0,14075,0.07896314561367035,-0.10887342691421509,9.851250648498535,14074,0.62457275390625,-0.009765625,-0.00384521484375,0.78094482421875,19,0,-1
14076,0,14077,0.07776673883199692,-0.10767702013254166,9.851250648498535,14074,0.62457275390625,-0.009765625,-0.00384521484375,0.78094482421875,19,1,-1
14077,0,14078,0.07896314561367035,-0.10767702013254166,9.851250648498535,14077,0.62457275390625,-0.009765625,-0.00384521484375,0.78094482421875,19,1,0
14078,0,14078,0.07896314561367035,-0.10767702013254166,9.851250648498535,14077,0.62457275390625,-0.009765625,-0.00384521484375,0.78094482421875,19,0,-1
14078,0,14079,0.07776673883199692,-0.10767702013254166,9.851250648498535,14077,0.62457275390625,-0.009765625,-0.00384521484375,0.78094482421875,19,1,-1
14079,0,14079,0.07776673883199692,-0.10767702013254166,9.851250648498535,14077,0.62457275390625,-0.009765625,-0.00384521484375,0.78094482421875,19,0,-1
14079,0,14079,0.07776673883199692,-0.10767702013254166,9.851250648498535,14077,0.62457275390625,-0.009765625,-0.00384521484375,0.78094482421875,19,0,-1
14079,0,14081,0.07776673883199692,-0.10887342691421509,9.851250648498535,14080,0.62457275390625,-0.009765625,-0.00384521484375,0.78094482421875,19,1,0
14081,0,14082,0.07776673883199692,-0.10887342691421509,9.851250648498535,14082,0.62457275390625,-0.009765625,-0.00384521484375,0.78094482421875,19,1,0
14082,0,14082,0.07776673883199692,-0.10887342691421509,9.851250648498535,14082,0.62457275390625,-0.009765625,-0.00384521484375,0.78094482421875,19,0,-1
14082,0,14082,0.07776673883199692,-0.10887342691421509,9.851250648498535,14082,0.62457275390625,-0.009765625,-0.00384521484375,0.78094482421875,19,0,-1
14083,0,14082,0.07776673883199692,-0.10887342691421509,9.851250648498535,14082,0.62457275390625,-0.009765625,-0.00384521484375,0.78094482421875,19,0,-1
14083,0,14084,0.07776673883199692,-0.10767702013254166,9.851250648498535,14082,0.62457275390625,-0.009765625,-0.00384521484375,0.78094482421875,19,1,-1
14084,0,14085,0.07776673883199692,-0.10887342691421509,9.851250648498535,14085,0.62457275390625,-0.009765625,-0.00384521484375,0.78094482421875,19,1,0
14085,0,14085,0.07776673883199692,-0.10887342691421509,9.851250648498535,14085,0.62457275390625,-0.009765625,-0.00384521484375,0.78094482421875,19,0,-1
14085,0,14086,0.07657032459974289,-0.10767702013254166,9.851250648498535,14085,0.62457275390625,-0.009765625,-0.00384521484375,0.78094482421875,19,1,-1
14086,0,14087,0.07657032459974289,-0.10887342691421509,9.852446556091309,14087,0.62457275390625,-0.009765625,-0.00384521484375,0.78094482421875,19,1,0
14087,0,14087,0.07657032459974289,-0.10887342691421509,9.852446556091309,14087,0.62457275390625,-0.009765625,-0.00384521484375,0.78094482421875,19,0,-1
14088,0,14088,0.07657032459974289,-0.10887342691421509,9.852446556091309,14087,0.62457275390625,-0.009765625,-0.00384521484375,0.78094482421875,19,1,-1
14088,0,14090,0.07657032459974289,-0.10887342691421509,9.852446556091309,14089,0.62457275390625,-0.009765625,-0.00384521484375,0.78094482421875,19,1,0
14090,0,14091,0.07776673883199692,-0.10887342691421509,9.852446556091309,14089,0.62457275390625,-0.009765625,-0.00384521484375,0.78094482421875,19,1,-1
14091,0,14092,0.07776673883199692,-0.10887342691421509,9.851250648498535,14092,0.62457275390625,-0.009765625,-0.00384521484375,0.78094482421875,19,1,0
14092,0,14092,0.07776673883199692,-0.10887342691421509,9.851250648498535,14092,0.62457275390625,-0.009765625,-0.00384521484375,0.78094482421875,19,0,-1
14092,0,14093,0.07776673883199692,-0.10887342691421509,9.852446556091309,14092,0.62457275390625,-0.009765625,-0.00384521484375,0.78094482421875,19,1,-1
14093,0,14093,0.07776673883199692,-0.10887342691421509,9.852446556091309,14092,0.62457275390625,-0.009765625,-0.00384521484375,0.78094482421875,19,0,-1
14093,0,14093,0.07776673883199692,-0.10887342691421509,9.852446556091309,14092,0.62457275390625,-0.009765625,-0.00384521484375,0.78094482421875,19,0,-1
14093,0,14094,0.07776673883199692,-0.10887342691421509,9.851250648498535,14092,0.62457275390625,-0.009765625,-0.00384521484375,0.78094482421875,19,1,-1
14094,0,14095,0.07776673883199692,-0.10767702013254166,9.851250648498535,14095,0.62457275390625,-0.009765625,-0.00384521484375,0.78094482421875,19,1,0
14095,0,14095,0.07776673883199692,-0.10767702013254166,9.851250648498535,14095,0.62457275390625,-0.009765625,-0.00384521484375,0.78094482421875,19,0,-1
14096,0,14096,0.07776673883199692,-0.10767702013254166,9.851250648498535,14095,0.62457275390625,-0.009765625,-0.00384521484375,0.78094482421875,19,1,-1
14096,0,14098,0.07776673883199692,-0.10767702013254166,9.851250648498535,14097,0.62457275390625,-0.009765625,-0.00384521484375,0.78094482421875,19,1,0
14098,0,14099,0.07896314561367035,-0.10767702013254166,9.851250648498535,14099,0.62457275390625,-0.009765625,-0.00384521484375,0.78094482421875,19,1,0
14099,0,14100,0.07776673883199692,-0.10887342691421509,9.851250648498535,14099,0.62457275390625,-0.009765625,-0.00384521484375,0.78094482421875,19,1,-1
14100,0,14100,0.07776673883199692,-0.10887342691421509,9.851250648498535,14099,0.62457275390625,-0.009765625,-0.00384521484375,0.78094482421875,19,0,-1
14100,0,14100,0.07776673883199692,-0.10887342691421509,9.851250648498535,14099,0.62457275390625,-0.009765625,-0.00384521484375,0.78094482421875,19,0,-1
14100,0,14102,0.07776673883199692,-0.10767702013254166,9.851250648498535,14101,0.62457275390625,-0.009765625,-0.00384521484375,0.78094482421875,19,1,0
14102,0,14102,0.07776673883199692,-0.10767702013254166,9.851250648498535,14101,0.62457275390625,-0.009765625,-0.00384521484375,0.78094482421875,19,1,-1
14102,0,14104,0.07776673883199692,-0.10887342691421509,9.851250648498535,14103,0.62457275390625,-0.009765625,-0.00384521484375,0.78094482421875,19,1,0
14104,0,14105,0.07776673883199692,-0.10887342691421509,9.851250648498535,14103,0.62457275390625,-0.009765625,-0.00384521484375,0.78094482421875,19,1,-1
14105,0,14105,0.07776673883199692,-0.10887342691421509,9.851250648498535,14103,0.62457275390625,-0.009765625,-0.00384521484375,0.78094482421875,19,0,-1
14105,0,14105,0.07776673883199692,-0.10887342691421509,9.851250648498535,14103,0.62457275390625,-0.009765625,-0.00384521484375,0.78094482421875,19,0,-1
14105,0,14106,0.07776673883199692,-0.10887342691421509,9.851250648498535,14103,0.62457275390625,-0.009765625,-0.00384521484375,0.78094482421875,19,1,-1
14106,0,14107,0.07657032459974289,-0.10887342691421509,9.851250648498535,14107,0.62457275390625,-0.009765625,-0.00384521484375,0.78094482421875,19,1,0
14107,0,14107,0.07657032459974289,-0.10887342691421509,9.851250648498535,14107,0.62457275390625,-0.009765625,-0.00384521484375,0.78094482421875,19,0,-1
14107,0,14108,0.07657032459974289,-0.10767702013254166,9.851250648498535,14107,0.62457275390625,-0.009765625,-0.00384521484375,0.78094482421875,19,1,-1
14108,0,14110,0.07657032459974289,-0.10887342691421509,9.851250648498535,14110,0.62457275390625,-0.009765625,-0.00384521484375,0.78094482421875,19,1,0
14110,0,14110,0.07657032459974289,-0.10887342691421509,9.851250648498535,14110,0.62457275390625,-0.009765625,-0.00384521484375,0.78094482421875,19,0,-1
14110,0,14110,0.07657032459974289,-0.10887342691421509,9.851250648498535,14110,0.62457275390625,-0.009765625,-0.00384521484375,0.78094482421875,19,0,-1
14111,0,14110,0.07657032459974289,-0.10887342691421509,9.851250648498535,14110,0.62457275390625,-0.009765625,-0.00384521484375,0.78094482421875,19,0,-1
14111,0,14112,0.07657032459974289,-0.10767702013254166,9.851250648498535,14112,0.62457275390625,-0.009765625,-0.00384521484375,0.78094482421875,19,1,0
14112,0,14113,0.07776673883199692,-0.10767702013254166,9.851250648498535,14112,0.62457275390625,-0.009765625,-0.00384521484375,0.78094482421875,19,1,-1
14113,0,14113,0.07776673883199692,-0.10767702013254166,9.851250648498535,14112,0.62457275390625,-0.009765625,-0.00384521484375,0.78094482421875,19,0,-1
14113,0,14114,0.07776673883199692,-0.10767702013254166,9.851250648498535,14112,0.62457275390625,-0.009765625,-0.00384521484375,0.78094482421875,19,1,-1
14114,0,14114,0.07776673883199692,-0.10767702013254166,9.851250648498535,14112,0.62457275390625,-0.009765625,-0.00384521484375,0.78094482421875,19,0,-1
14114,0,14114,0.07776673883199692,-0.10767702013254166,9.851250648498535,14112,0.62457275390625,-0.009765625,-0.00384521484375,0.78094482421875,19,0,-1
14114,0,14115,0.07776673883199692,-0.10767702013254166,9.851250648498535,14112,0.62457275390625,-0.009765625,-0.00384521484375,0.78094482421875,19,1,-1
14115,0,14116,0.07776673883199692,-0.10767702013254166,9.851250648498535,14116,0.62457275390625,-0.009765625,-0.00384521484375,0.78094482421875,19,1,0
14116,0,14118,0.07776673883199692,-0.10767702013254166,9.851250648498535,14117,0.62457275390625,-0.009765625,-0.00384521484375,0.78094482421875,19,1,0
14118,0,14119,0.07657032459974289,-0.10767702013254166,9.851250648498535,14117,0.62457275390625,-0.009765625,-0.00384521484375,0.78094482421875,19,1,-1
14119,0,14119,0.07657032459974289,-0.10767702013254166,9.851250648498535,14117,0.62457275390625,-0.009765625,-0.00384521484375,0.78094482421875,19,0,-1
14119,0,14119,0.07657032459974289,-0.10767702013254166,9.851250648498535,14117,0.62457275390625,-0.009765625,-0.00384521484375,0.78094482421875,19,0,-1
14119,0,14120,0.07776673883199692,-0.10767702013254166,9.851250648498535,14120,0.62457275390625,-0.009765625,-0.00384521484375,0.78094482421875,19,1,0
14120,0,14121,0.07896314561367035,-0.10767702013254166,9.851250648498535,14120,0.62457275390625,-0.009765625,-0.00384521484375,0.78094482421875,19,1,-1
14121,0,14121,0.07896314561367035,-0.10767702013254166,9.851250648498535,14120,0.62457275390625,-0.009765625,-0.00384521484375,0.78094482421875,19,0,-1
14121,0,14122,0.07896314561367035,-0.10767702013254166,9.851250648498535,14120,0.62457275390625,-0.009765625,-0.00384521484375,0.78094482421875,19,1,-1
14122,0,14123,0.07896314561367035,-0.10767702013254166,9.851250648498535,14123,0.62457275390625,-0.009765625,-0.00384521484375,0.78094482421875,19,1,0
14123,0,14123,0.07896314561367035,-0.10767702013254166,9.851250648498535,14123,0.62457275390625,-0.009765625,-0.00384521484375,0.78094482421875,19,0,-1
14124,0,14123,0.07896314561367035,-0.10767702013254166,9.851250648498535,14123,0.62457275390625,-0.009765625,-0.00384521484375,0.78094482421875,19,0,-1
14124,0,14125,0.07896314561367035,-0.10767702013254166,9.851250648498535,14123,0.62457275390625,-0.009765625,-0.00384521484375,0.78094482421875,19,1,-1
14125,0,14126,0.07896314561367035,-0.10887342691421509,9.851250648498535,14125,0.62457275390625,-0.009765625,-0.00384521484375,0.78094482421875,19,1,0
14126,0,14127,0.07896314561367035,-0.10767702013254166,9.851250648498535,14127,0.62457275390625,-0.009765625,-0.00384521484375,0.78094482421875,19,1,0
14127,0,14128,0.07896314561367035,-0.10767702013254166,9.851250648498535,14127,0.62457275390625,-0.009765625,-0.00384521484375,0.78094482421875,19,1,-1
14128,0,14129,0.07896314561367035,-0.10767702013254166,9.851250648498535,14129,0.62457275390625,-0.009765625,-0.00384521484375,0.78094482421875,19,1,0
14129,0,14129,0.07896314561367035,-0.10767702013254166,9.851250648498535,14129,0.62457275390625,-0.009765625,-0.00384521484375,0.78094482421875,19,0,-1
14130,0,14130,0.07896314561367035,-0.10767702013254166,9.851250648498535,14129,0.62457275390625,-0.009765625,-0.00384521484375,0.78094482421875,19,1,-1
14130,0,14130,0.07896314561367035,-0.10767702013254166,9.851250648498535,14129,0.62457275390625,-0.009765625,-0.00384521484375,0.78094482421875,19,0,-1
14131,0,14132,0.07776673883199692,-0.10767702013254166,9.852446556091309,14132,0.62457275390625,-0.009765625,-0.00384521484375,0.78094482421875,19,1,0
14132,0,14133,0.07776673883199692,-0.10767702013254166,9.851250648498535,14132,0.62457275390625,-0.009765625,-0.00384521484375,0.78094482421875,19,1,-1
14133,0,14133,0.07776673883199692,-0.10767702013254166,9.851250648498535,14132,0.62457275390625,-0.009765625,-0.00384521484375,0.78094482421875,19,0,-1
14133,0,14133,0.07776673883199692,-0.10767702013254166,9.851250648498535,14132,0.62457275390625,-0.009765625,-0.00384521484375,0.78094482421875,19,0,-1
14133,0,14134,0.07776673883199692,-0.10767702013254166,9.851250648498535,14132,0.62457275390625,-0.009765625,-0.00384521484375,0.78094482421875,19,1,-1
14134,0,14135,0.07776673883199692,-0.10767702013254166,9.851250648498535,14135,0.62457275390625,-0.009765625,-0.00384521484375,0.78094482421875,19,1,0
14135,0,14135,0.07776673883199692,-0.10767702013254166,9.851250648498535,14135,0.62457275390625,-0.009765625,-0.00384521484375,0.78094482421875,19,0,-1
14135,0,14136,0.07776673883199692,-0.10767702013254166,9.851250648498535,14135,0.62457275390625,-0.009765625,-0.00384521484375,0.78094482421875,19,1,-1
14136,0,14138,0.07776673883199692,-0.10767702013254166,9.852446556091309,14137,0.62457275390625,-0.009765625,-0.00384521484375,0.78094482421875,19,1,0
14138,0,14139,0.07776673883199692,-0.10767702013254166,9.852446556091309,14138,0.62457275390625,-0.009765625,-0.00384521484375,0.78094482421875,19,1,0
14139,0,14140,0.07776673883199692,-0.10767702013254166,9.852446556091309,14138,0.62457275390625,-0.009765625,-0.00384521484375,0.78094482421875,19,1,-1
14140,0,14140,0.07776673883199692,-0.10767702013254166,9.852446556091309,14138,0.62457275390625,-0.009765625,-0.00384521484375,0.78094482421875,19,0,-1
14140,0,14140,0.07776673883199692,-0.10767702013254166,9.852446556091309,14138,0.62457275390625,-0.009765625,-0.00384521484375,0.78094482421875,19,0,-1
14140,0,14141,0.07776673883199692,-0.10767702013254166,9.851250648498535,14138,0.62457275390625,-0.009765625,-0.00384521484375,0.78094482421875,19,1,-1
14141,0,14142,0.07776673883199692,-0.10767702013254166,9.851250648498535,14142,0.62457275390625,-0.009765625,-0.00384521484375,0.78094482421875,19,1,0
14142,0,14142,0.07776673883199692,-0.10767702013254166,9.851250648498535,14142,0.62457275390625,-0.009765625,-0.00384521484375,0.78094482421875,19,0,-1
14143,0,14143,0.07776673883199692,-0.10767702013254166,9.852446556091309,14142,0.62457275390625,-0.009765625,-0.00384521484375,0.78094482421875,19,1,-1
14143,0,14145,0.07896314561367035,-0.10767702013254166,9.852446556091309,14145,0.62457275390625,-0.009765625,-0.00384521484375,0.78094482421875,19,1,0
14145,0,14145,0.07896314561367035,-0.10767702013254166,9.852446556091309,14145,0.62457275390625,-0.009765625,-0.00384521484375,0.78094482421875,19,0,-1
14146,0,14147,0.07896314561367035,-0.10767702013254166,9.852446556091309,14147,0.62457275390625,-0.009765625,-0.00384521484375,0.78094482421875,19,1,0
14147,0,14148,0.07896314561367035,-0.10767702013254166,9.852446556091309,14147,0.62457275390625,-0.009765625,-0.00384521484375,0.78094482421875,19,1,-1
14148,0,14148,0.07896314561367035,-0.10767702013254166,9.852446556091309,14147,0.62457275390625,-0.009765625,-0.00384521484375,0.78094482421875,19,0,-1
14148,0,14148,0.07896314561367035,-0.10767702013254166,9.852446556091309,14147,0.62457275390625,-0.009765625,-0.00384521484375,0.78094482421875,19,0,-1
14148,0,14149,0.07776673883199692,-0.10767702013254166,9.852446556091309,14147,0.62457275390625,-0.009765625,-0.00384521484375,0.78094482421875,19,1,-1
14149,0,14150,0.07776673883199692,-0.10767702013254166,9.852446556091309,14150,0.62457275390625,-0.009765625,-0.00384521484375,0.78094482421875,19,1,0
14150,0,14150,0.07776673883199692,-0.10767702013254166,9.852446556091309,14150,0.62457275390625,-0.009765625,-0.00384521484375,0.78094482421875,19,0,-1
14151,0,14151,0.07776673883199692,-0.10767702013254166,9.852446556091309,14150,0.62457275390625,-0.009765625,-0.00384521484375,0.78094482421875,19,1,-1
14151,0,14151,0.07776673883199692,-0.10767702013254166,9.852446556091309,14150,0.62457275390625,-0.009765625,-0.00384521484375,0.78094482421875,19,0,-1
14151,0,14151,0.07776673883199692,-0.10767702013254166,9.852446556091309,14150,0.62457275390625,-0.009765625,-0.00384521484375,0.78094482421875,19,0,-1
14152,0,14152,0.07776673883199692,-0.10767702013254166,9.852446556091309,14150,0.62457275390625,-0.009765625,-0.00384521484375,0.78094482421875,19,1,-1
14152,0,14154,0.07776673883199692,-0.10767702013254166,9.852446556091309,14153,0.62457275390625,-0.009765625,-0.00384521484375,0.78094482421875,19,1,0
14154,0,14155,0.07776673883199692,-0.10767702013254166,9.851250648498535,14155,0.62457275390625,-0.009765625,-0.00384521484375,0.78094482421875,19,1,0
14155,0,14155,0.07776673883199692,-0.10767702013254166,9.851250648498535,14155,0.62457275390625,-0.009765625,-0.00384521484375,0.78094482421875,19,0,-1
14155,0,14157,0.07776673883199692,-0.10767702013254166,9.851250648498535,14156,0.62457275390625,-0.009765625,-0.00384521484375,0.78094482421875,19,1,0
14157,0,14157,0.07776673883199692,-0.10767702013254166,9.851250648498535,14156,0.62457275390625,-0.009765625,-0.00384521484375,0.78094482421875,19,0,-1
14157,0,14157,0.07776673883199692,-0.10767702013254166,9.851250648498535,14156,0.62457275390625,-0.009765625,-0.00384521484375,0.78094482421875,19,0,-1
14157,0,14157,0.07776673883199692,-0.10767702013254166,9.851250648498535,14156,0.62457275390625,-0.009765625,-0.00384521484375,0.78094482421875,19,0,-1
14158,0,14158,0.07776673883199692,-0.10767702013254166,9.851250648498535,14156,0.62457275390625,-0.009765625,-0.00384521484375,0.78094482421875,19,1,-1
14158,0,14160,0.07776673883199692,-0.10767702013254166,9.852446556091309,14159,0.62457275390625,-0.009765625,-0.00384521484375,0.78094482421875,19,1,0
14160,0,14160,0.07776673883199692,-0.10767702013254166,9.852446556091309,14159,0.62457275390625,-0.009765625,-0.00384521484375,0.78094482421875,19,0,-1
14160,0,14161,0.07896314561367035,-0.10767702013254166,9.852446556091309,14159,0.62457275390625,-0.009765625,-0.00384521484375,0.78094482421875,19,1,-1
14161,0,14162,0.07896314561367035,-0.10767702013254166,9.852446556091309,14162,0.62457275390625,-0.009765625,-0.00384521484375,0.78094482421875,19,1,0
14162,0,14162,0.07896314561367035,-0.10767702013254166,9.852446556091309,14162,0.62457275390625,-0.009765625,-0.00384521484375,0.78094482421875,19,0,-1
14162,0,14163,0.07776673883199692,-0.10767702013254166,9.852446556091309,14162,0.62457275390625,-0.009765625,-0.00384521484375,0.78094482421875,19,1,-1
14163,0,14164,0.07776673883199692,-0.10767702013254166,9.852446556091309,14164,0.62457275390625,-0.009765625,-0.00384521484375,0.78094482421875,19,1,0
14164,0,14164,0.07776673883199692,-0.10767702013254166,9.852446556091309,14164,0.62457275390625,-0.009765625,-0.00384521484375,0.78094482421875,19,0,-1
14165,0,14165,0.07776673883199692,-0.10767702013254166,9.852446556091309,14164,0.62457275390625,-0.009765625,-0.00384521484375,0.78094482421875,19,1,-1
14165,0,14167,0.07776673883199692,-0.10767702013254166,9.852446556091309,14166,0.62457275390625,-0.009765625,-0.00384521484375,0.78094482421875,19,1,0
14167,0,14167,0.07776673883199692,-0.10767702013254166,9.852446556091309,14166,0.62457275390625,-0.009765625,-0.00384521484375,0.78094482421875,19,0,-1
14167,0,14168,0.07776673883199692,-0.10767702013254166,9.852446556091309,14166,0.62457275390625,-0.009765625,-0.00384521484375,0.78094482421875,19,1,-1
14168,0,14168,0.07776673883199692,-0.10767702013254166,9.852446556091309,14166,0.62457275390625,-0.009765625,-0.00384521484375,0.78094482421875,19,0,-1
14168,0,14169,0.07776673883199692,-0.10767702013254166,9.852446556091309,14169,0.62457275390625,-0.009765625,-0.00384521484375,0.78094482421875,19,1,0
14169,0,14170,0.07776673883199692,-0.10767702013254166,9.852446556091309,14169,0.62457275390625,-0.009765625,-0.00384521484375,0.78094482421875,19,1,-1
14170,0,14170,0.07776673883199692,-0.10767702013254166,9.852446556091309,14169,0.62457275390625,-0.009765625,-0.00384521484375,0.78094482421875,19,0,-1
14170,0,14170,0.07776673883199692,-0.10767702013254166,9.852446556091309,14169,0.62457275390625,-0.009765625,-0.00384521484375,0.78094482421875,19,0,-1
14170,0,14171,0.07776673883199692,-0.10767702013254166,9.851250648498535,14169,0.62457275390625,-0.009765625,-0.00384521484375,0.78094482421875,19,1,-1
14171,0,14173,0.07776673883199692,-0.10767702013254166,9.852446556091309,14172,0.62457275390625,-0.009765625,-0.00384521484375,0.78094482421875,19,1,0
14173,0,14173,0.07776673883199692,-0.10767702013254166,9.852446556091309,14172,0.62457275390625,-0.009765625,-0.00384521484375,0.78094482421875,19,0,-1
14173,0,14173,0.07776673883199692,-0.10648060590028763,9.851250648498535,14172,0.62457275390625,-0.009765625,-0.00384521484375,0.78094482421875,19,1,-1
14173,0,14175,0.07776673883199692,-0.10767702013254166,9.851250648498535,14174,0.62457275390625,-0.009765625,-0.00384521484375,0.78094482421875,19,1,0
14175,0,14175,0.07776673883199692,-0.10767702013254166,9.851250648498535,14174,0.62457275390625,-0.009765625,-0.00384521484375,0.78094482421875,19,0,-1
14175,0,14176,0.07896314561367035,-0.10767702013254166,9.851250648498535,14174,0.62457275390625,-0.009765625,-0.00384521484375,0.78094482421875,19,1,-1
14176,0,14177,0.07776673883199692,-0.10767702013254166,9.852446556091309,14177,0.62457275390625,-0.009765625,-0.00384521484375,0.78094482421875,19,1,0
14177,0,14177,0.07776673883199692,-0.10767702013254166,9.852446556091309,14177,0.62457275390625,-0.009765625,-0.00384521484375,0.78094482421875,19,0,-1
14177,0,14178,0.07896314561367035,-0.10767702013254166,9.852446556091309,14177,0.62457275390625,-0.009765625,-0.00384521484375,0.78094482421875,19,1,-1
14178,0,14180,0.07896314561367035,-0.10648060590028763,9.852446556091309,14179,0.62457275390625,-0.009765625,-0.00384521484375,0.78094482421875,19,1,0
14180,0,14180,0.07896314561367035,-0.10648060590028763,9.852446556091309,14179,0.62457275390625,-0.009765625,-0.00384521484375,0.78094482421875,19,0,-1
14180,0,14181,0.07896314561367035,-0.10648060590028763,9.852446556091309,14179,0.62457275390625,-0.009765625,-0.00384521484375,0.78094482421875,19,1,-1
14181,0,14182,0.07896314561367035,-0.10648060590028763,9.853643417358398,14181,0.62457275390625,-0.009765625,-0.00384521484375,0.78094482421875,19,1,0
14182,0,14182,0.07896314561367035,-0.10648060590028763,9.853643417358398,14181,0.62457275390625,-0.009765625,-0.00384521484375,0.78094482421875,19,0,-1
14182,0,14183,0.07896314561367035,-0.10767702013254166,9.852446556091309,14181,0.62457275390625,-0.009765625,-0.00384521484375,0.78094482421875,19,1,-1
14183,0,14185,0.07896314561367035,-0.10648060590028763,9.853643417358398,14184,0.62457275390625,-0.009765625,-0.00384521484375,0.78094482421875,19,1,0
14185,0,14185,0.07896314561367035,-0.10648060590028763,9.853643417358398,14184,0.62457275390625,-0.009765625,-0.00384521484375,0.78094482421875,19,0,-1
14185,0,14185,0.07896314561367035,-0.10648060590028763,9.853643417358398,14184,0.62457275390625,-0.009765625,-0.00384521484375,0.78094482421875,19,0,-1
14185,0,14187,0.07896314561367035,-0.10648060590028763,9.853643417358398,14186,0.62457275390625,-0.009765625,-0.00384521484375,0.78094482421875,19,1,0
14187,0,14188,0.07896314561367035,-0.10648060590028763,9.853643417358398,14186,0.62457275390625,-0.009765625,-0.00384521484375,0.78094482421875,19,1,-1
14188,0,14188,0.07896314561367035,-0.10648060590028763,9.853643417358398,14186,0.62457275390625,-0.009765625,-0.00384521484375,0.78094482421875,19,0,-1
14188,0,14188,0.07896314561367035,-0.10648060590028763,9.853643417358398,14186,0.62457275390625,-0.009765625,-0.00384521484375,0.78094482421875,19,0,-1
14188,0,14189,0.07896314561367035,-0.10648060590028763,9.853643417358398,14189,0.62457275390625,-0.009765625,-0.00384521484375,0.78094482421875,19,1,0
14189,0,14189,0.07896314561367035,-0.10648060590028763,9.853643417358398,14189,0.62457275390625,-0.009765625,-0.00384521484375,0.78094482421875,19,0,-1
14190,0,14189,0.07896314561367035,-0.10648060590028763,9.853643417358398,14189,0.62457275390625,-0.009765625,-0.00384521484375,0.78094482421875,19,0,-1
14190,0,14189,0.07896314561367035,-0.10648060590028763,9.853643417358398,14189,0.62457275390625,-0.009765625,-0.00384521484375,0.78094482421875,19,0,-1
14190,0,14191,0.07896314561367035,-0.10648060590028763,9.853643417358398,14189,0.62457275390625,-0.009765625,-0.00384521484375,0.78094482421875,19,1,-1
14191,0,14192,0.07896314561367035,-0.10648060590028763,9.852446556091309,14192,0.62457275390625,-0.009765625,-0.00384521484375,0.78094482421875,19,1,0
14192,0,14192,0.07896314561367035,-0.10648060590028763,9.852446556091309,14192,0.62457275390625,-0.009765625,-0.00384521484375,0.78094482421875,19,0,-1
14193,0,14193,0.07896314561367035,-0.10648060590028763,9.852446556091309,14192,0.62457275390625,-0.009765625,-0.00384521484375,0.78094482421875,19,1,-1
14193,0,14195,0.07776673883199692,-0.10648060590028763,9.852446556091309,14194,0.62457275390625,-0.009765625,-0.00384521484375,0.78094482421875,19,1,0
14195,0,14196,0.07776673883199692,-0.10767702013254166,9.852446556091309,14194,0.62457275390625,-0.009765625,-0.00384521484375,0.78094482421875,19,1,-1
14196,0,14197,0.07776673883199692,-0.10767702013254166,9.852446556091309,14196,0.62457275390625,-0.009765625,-0.00384521484375,0.78094482421875,19,1,0
14197,0,14197,0.07776673883199692,-0.10767702013254166,9.852446556091309,14196,0.62457275390625,-0.009765625,-0.00384521484375,0.78094482421875,19,0,-1
14197,0,14198,0.07776673883199692,-0.10648060590028763,9.852446556091309,14196,0.62457275390625,-0.009765625,-0.00384521484375,0.78094482421875,19,1,-1
14198,0,14198,0.07776673883199692,-0.10648060590028763,9.852446556091309,14196,0.62457275390625,-0.009765625,-0.00384521484375,0.78094482421875,19,0,-1
14198,0,14200,0.07776673883199692,-0.10767702013254166,9.852446556091309,14199,0.62457275390625,-0.009765625,-0.00384521484375,0.78094482421875,19,1,0
14200,0,14200,0.07776673883199692,-0.10648060590028763,9.852446556091309,14199,0.62457275390625,-0.009765625,-0.00384521484375,0.78094482421875,19,1,-1
14200,0,14202,0.07776673883199692,-0.10648060590028763,9.852446556091309,14201,0.62457275390625,-0.009765625,-0.00384521484375,0.78094482421875,19,1,0
14202,0,14202,0.07776673883199692,-0.10648060590028763,9.852446556091309,14201,0.62457275390625,-0.009765625,-0.00384521484375,0.78094482421875,19,0,-1
14202,0,14203,0.07896314561367035,-0.10648060590028763,9.852446556091309,14201,0.62457275390625,-0.009765625,-0.00384521484375,0.78094482421875,19,1,-1
14203,0,14203,0.07896314561367035,-0.10648060590028763,9.852446556091309,14201,0.62457275390625,-0.009765625,-0.00384521484375,0.78094482421875,19,0,-1
14203,0,14204,0.07776673883199692,-0.10648060590028763,9.852446556091309,14204,0.62457275390625,-0.009765625,-0.00384521484375,0.78094482421875,19,1,0
14204,0,14205,0.07896314561367035,-0.10648060590028763,9.852446556091309,14204,0.62457275390625,-0.009765625,-0.00384521484375,0.78094482421875,19,1,-1
14205,0,14205,0.07896314561367035,-0.10648060590028763,9.852446556091309,14204,0.62457275390625,-0.009765625,-0.00384521484375,0.78094482421875,19,0,-1
14205,0,14205,0.07896314561367035,-0.10648060590028763,9.852446556091309,14204,0.62457275390625,-0.009765625,-0.00384521484375,0.78094482421875,19,0,-1
14205,0,14206,0.07776673883199692,-0.10648060590028763,9.852446556091309,14204,0.62457275390625,-0.009765625,-0.00384521484375,0.78094482421875,19,1,-1
14206,0,14207,0.07776673883199692,-0.10648060590028763,9.852446556091309,14207,0.62457275390625,-0.009765625,-0.00384521484375,0.78094482421875,19,1,0
14207,0,14207,0.07776673883199692,-0.10648060590028763,9.852446556091309,14207,0.62457275390625,-0.009765625,-0.00384521484375,0.78094482421875,19,0,-1
14208,0,14208,0.07776673883199692,-0.10648060590028763,9.852446556091309,14207,0.62457275390625,-0.009765625,-0.00384521484375,0.78094482421875,19,1,-1
14208,0,14210,0.07776673883199692,-0.10648060590028763,9.851250648498535,14210,0.62457275390625,-0.009765625,-0.00384521484375,0.78094482421875,19,1,0
14210,0,14211,0.07896314561367035,-0.10767702013254166,9.851250648498535,14210,0.62457275390625,-0.009765625,-0.00384521484375,0.78094482421875,19,1,-1
14211,0,14212,0.07776673883199692,-0.10767702013254166,9.851250648498535,14212,0.62457275390625,-0.009765625,-0.00384521484375,0.78094482421875,19,1,0
14212,0,14212,0.07776673883199692,-0.10767702013254166,9.851250648498535,14212,0.62457275390625,-0.009765625,-0.00384521484375,0.78094482421875,19,0,-1
14212,0,14213,0.07776673883199692,-0.10767702013254166,9.851250648498535,14212,0.62457275390625,-0.009765625,-0.00384521484375,0.78094482421875,19,1,-1
14213,0,14214,0.07776673883199692,-0.10767702013254166,9.851250648498535,14214,0.62457275390625,-0.009765625,-0.00384521484375,0.78094482421875,19,1,0
14214,0,14214,0.07776673883199692,-0.10767702013254166,9.851250648498535,14214,0.62457275390625,-0.009765625,-0.00384521484375,0.78094482421875,19,0,-1
14215,0,14214,0.07776673883199692,-0.10767702013254166,9.851250648498535,14214,0.62457275390625,-0.009765625,-0.00384521484375,0.78094482421875,19,0,-1
14215,0,14216,0.07776673883199692,-0.10648060590028763,9.851250648498535,14214,0.62457275390625,-0.009765625,-0.00384521484375,0.78094482421875,19,1,-1
14216,0,14216,0.07776673883199692,-0.10648060590028763,9.851250648498535,14214,0.62457275390625,-0.009765625,-0.00384521484375,0.78094482421875,19,0,-1
14216,0,14217,0.07776673883199692,-0.10767702013254166,9.851250648498535,14217,0.62457275390625,-0.009765625,-0.00384521484375,0.78094482421875,19,1,0
