overall_time,state,accel_time,accel_x,accel_y,accel_z,orien_time,real,i,j,k,temp,new_accel,orien_cali_status
17261,0,17263,0.07896314561367035,-0.11006984114646912,9.860821723937988,17263,0.62457275390625,-0.009765625,-0.00384521484375,0.78094482421875,19,1,0
17263,0,17271,0.07896314561367035,-0.10767702013254166,9.860821723937988,17270,0.62457275390625,-0.009765625,-0.00390625,0.78094482421875,19,1,0
17271,0,17272,0.07896314561367035,-0.10887342691421509,9.860821723937988,17272,0.62445068359375,-0.00927734375,-0.00384521484375,0.781005859375,19,1,0
17272,0,17273,0.07896314561367035,-0.10887342691421509,9.860821723937988,17272,0.62445068359375,-0.00927734375,-0.00384521484375,0.781005859375,19,1,-1
17273,0,17273,0.07896314561367035,-0.10887342691421509,9.860821723937988,17272,0.62445068359375,-0.00927734375,-0.00384521484375,0.781005859375,19,0,-1
17273,0,17273,0.07896314561367035,-0.10887342691421509,9.860821723937988,17272,0.62445068359375,-0.00927734375,-0.00384521484375,0.781005859375,19,0,-1
17273,0,17275,0.07896314561367035,-0.10887342691421509,9.860821723937988,17274,0.62445068359375,-0.00927734375,-0.00384521484375,0.78094482421875,19,1,0
17275,0,17275,0.07776673883199692,-0.10887342691421509,9.860821723937988,17274,0.62445068359375,-0.00927734375,-0.00384521484375,0.78094482421875,19,1,-1
17275,0,17275,0.07776673883199692,-0.10887342691421509,9.860821723937988,17274,0.62445068359375,-0.00927734375,-0.00384521484375,0.78094482421875,19,0,-1
17276,0,17276,0.07896314561367035,-0.10767702013254166,9.860821723937988,17274,0.62445068359375,-0.00927734375,-0.00384521484375,0.78094482421875,19,1,-1
17276,0,17278,0.07896314561367035,-0.10887342691421509,9.860821723937988,17277,0.62451171875,-0.00927734375,-0.00384521484375,0.78094482421875,19,1,0
17278,0,17278,0.07896314561367035,-0.10887342691421509,9.860821723937988,17277,0.62451171875,-0.00927734375,-0.00384521484375,0.78094482421875,19,0,-1
17278,0,17279,0.07896314561367035,-0.10887342691421509,9.860821723937988,17279,0.62451171875,-0.00927734375,-0.00384521484375,0.78094482421875,19,1,0
17279,0,17280,0.07896314561367035,-0.10887342691421509,9.860821723937988,17279,0.62451171875,-0.00927734375,-0.00384521484375,0.78094482421875,19,1,-1
17280,0,17280,0.07896314561367035,-0.10887342691421509,9.860821723937988,17279,0.62451171875,-0.00927734375,-0.00384521484375,0.78094482421875,19,0,-1
17280,0,17280,0.07896314561367035,-0.10887342691421509,9.860821723937988,17279,0.62451171875,-0.00927734375,-0.00384521484375,0.78094482421875,19,0,-1
17281,0,17281,0.07776673883199692,-0.10887342691421509,9.860821723937988,17279,0.62451171875,-0.00927734375,-0.00384521484375,0.78094482421875,19,1,-1
17281,0,17283,0.07776673883199692,-0.10887342691421509,9.860821723937988,17282,0.62445068359375,-0.00927734375,-0.00384521484375,0.78094482421875,19,1,0
17283,0,17283,0.07776673883199692,-0.10887342691421509,9.860821723937988,17282,0.62445068359375,-0.00927734375,-0.00384521484375,0.78094482421875,19,0,-1
17283,0,17284,0.07896314561367035,-0.10887342691421509,9.860821723937988,17282,0.62445068359375,-0.00927734375,-0.00384521484375,0.78094482421875,19,1,-1
17284,0,17284,0.07896314561367035,-0.10887342691421509,9.860821723937988,17282,0.62445068359375,-0.00927734375,-0.00384521484375,0.78094482421875,19,0,-1
17284,0,17284,0.07896314561367035,-0.10887342691421509,9.860821723937988,17282,0.62445068359375,-0.00927734375,-0.00384521484375,0.78094482421875,19,0,-1
17284,0,17285,0.07896314561367035,-0.10887342691421509,9.860821723937988,17282,0.62445068359375,-0.00927734375,-0.00384521484375,0.78094482421875,19,1,-1
17285,0,17286,0.07896314561367035,-0.10887342691421509,9.860821723937988,17286,0.62445068359375,-0.00927734375,-0.00384521484375,0.781005859375,19,1,0
17286,0,17287,0.07896314561367035,-0.11006984114646912,9.860821723937988,17286,0.62445068359375,-0.00927734375,-0.00384521484375,0.781005859375,19,1,-1
17287,0,17287,0.07896314561367035,-0.11006984114646912,9.860821723937988,17286,0.62445068359375,-0.00927734375,-0.00384521484375,0.781005859375,19,0,-1
17287,0,17287,0.07896314561367035,-0.11006984114646912,9.860821723937988,17286,0.62445068359375,-0.00927734375,-0.00384521484375,0.781005859375,19,0,-1
17287,0,17288,0.07896314561367035,-0.11006984114646912,9.860821723937988,17286,0.62445068359375,-0.00927734375,-0.00384521484375,0.781005859375,19,1,-1
17288,0,17288,0.07896314561367035,-0.11006984114646912,9.860821723937988,17286,0.62445068359375,-0.00927734375,-0.00384521484375,0.781005859375,19,0,-1
17288,0,17288,0.07896314561367035,-0.11006984114646912,9.860821723937988,17286,0.62445068359375,-0.00927734375,-0.00384521484375,0.781005859375,19,0,-1
17289,0,17289,0.07896314561367035,-0.11006984114646912,9.860821723937988,17286,0.62445068359375,-0.00927734375,-0.00384521484375,0.781005859375,19,1,-1
17289,0,17291,0.07896314561367035,-0.11006984114646912,9.860821723937988,17290,0.62445068359375,-0.00933837890625,-0.00384521484375,0.781005859375,19,1,0
17291,0,17291,0.07896314561367035,-0.11006984114646912,9.860821723937988,17290,0.62445068359375,-0.00933837890625,-0.00384521484375,0.781005859375,19,0,-1
17291,0,17292,0.07896314561367035,-0.11006984114646912,9.860821723937988,17290,0.62445068359375,-0.00933837890625,-0.00384521484375,0.781005859375,19,1,-1
17292,0,17292,0.07896314561367035,-0.11006984114646912,9.860821723937988,17290,0.62445068359375,-0.00933837890625,-0.00384521484375,0.781005859375,19,0,-1
17292,0,17292,0.07896314561367035,-0.11006984114646912,9.860821723937988,17290,0.62445068359375,-0.00933837890625,-0.00384521484375,0.781005859375,19,0,-1
17292,0,17293,0.07896314561367035,-0.11006984114646912,9.860821723937988,17290,0.62445068359375,-0.00933837890625,-0.00384521484375,0.781005859375,19,1,-1
17293,0,17294,0.07896314561367035,-0.10887342691421509,9.860821723937988,17294,0.62445068359375,-0.00933837890625,-0.00384521484375,0.781005859375,19,1,0
17294,0,17294,0.07896314561367035,-0.10887342691421509,9.860821723937988,17294,0.62445068359375,-0.00933837890625,-0.00384521484375,0.781005859375,19,0,-1
17294,0,17295,0.07896314561367035,-0.10767702013254166,9.860821723937988,17294,0.62445068359375,-0.00933837890625,-0.00384521484375,0.781005859375,19,1,-1
17295,0,17295,0.07896314561367035,-0.10767702013254166,9.860821723937988,17294,0.62445068359375,-0.00933837890625,-0.00384521484375,0.781005859375,19,0,-1
17295,0,17295,0.07896314561367035,-0.10767702013254166,9.860821723937988,17294,0.62445068359375,-0.00933837890625,-0.00384521484375,0.781005859375,19,0,-1
17296,0,17296,0.07896314561367035,-0.10767702013254166,9.860821723937988,17294,0.62445068359375,-0.00933837890625,-0.00384521484375,0.781005859375,19,1,-1
17296,0,17298,0.07896314561367035,-0.10767702013254166,9.860821723937988,17297,0.62445068359375,-0.00933837890625,-0.00384521484375,0.781005859375,19,1,0
17298,0,17299,0.07896314561367035,-0.10767702013254166,9.860821723937988,17298,0.62445068359375,-0.00933837890625,-0.00384521484375,0.781005859375,19,1,0
17299,0,17299,0.07896314561367035,-0.10767702013254166,9.860821723937988,17298,0.62445068359375,-0.00933837890625,-0.00384521484375,0.781005859375,19,0,-1
17299,0,17300,0.07896314561367035,-0.10767702013254166,9.860821723937988,17298,0.62445068359375,-0.00933837890625,-0.00384521484375,0.781005859375,19,1,-1
17300,0,17300,0.07896314561367035,-0.10767702013254166,9.860821723937988,17298,0.62445068359375,-0.00933837890625,-0.00384521484375,0.781005859375,19,0,-1
17300,0,17300,0.07896314561367035,-0.10767702013254166,9.860821723937988,17298,0.62445068359375,-0.00933837890625,-0.00384521484375,0.781005859375,19,0,-1
17300,0,17302,0.07896314561367035,-0.10767702013254166,9.860821723937988,17301,0.62445068359375,-0.00933837890625,-0.00384521484375,0.781005859375,19,1,0
17302,0,17302,0.07896314561367035,-0.10767702013254166,9.860821723937988,17301,0.62445068359375,-0.00933837890625,-0.00384521484375,0.781005859375,19,0,-1
17302,0,17302,0.07896314561367035,-0.10767702013254166,9.860821723937988,17301,0.62445068359375,-0.00933837890625,-0.00384521484375,0.781005859375,19,0,-1
17302,0,17302,0.07896314561367035,-0.10767702013254166,9.860821723937988,17301,0.62445068359375,-0.00933837890625,-0.00384521484375,0.781005859375,19,0,-1
17303,0,17303,0.08015955239534378,-0.10767702013254166,9.860821723937988,17301,0.62445068359375,-0.00933837890625,-0.00384521484375,0.781005859375,19,1,-1
17303,0,17303,0.08015955239534378,-0.10767702013254166,9.860821723937988,17301,0.62445068359375,-0.00933837890625,-0.00384521484375,0.781005859375,19,0,-1
17304,0,17305,0.08015955239534378,-0.10767702013254166,9.860821723937988,17304,0.62445068359375,-0.00933837890625,-0.00384521484375,0.781005859375,19,1,0
17305,0,17306,0.07896314561367035,-0.10767702013254166,9.860821723937988,17304,0.62445068359375,-0.00933837890625,-0.00384521484375,0.781005859375,19,1,-1
17306,0,17307,0.07896314561367035,-0.10767702013254166,9.860821723937988,17306,0.62445068359375,-0.00933837890625,-0.00384521484375,0.781005859375,19,1,0
17307,0,17307,0.07896314561367035,-0.10767702013254166,9.860821723937988,17306,0.62445068359375,-0.00933837890625,-0.00384521484375,0.781005859375,19,0,-1
17307,0,17308,0.07896314561367035,-0.10887342691421509,9.860821723937988,17306,0.62445068359375,-0.00933837890625,-0.00384521484375,0.781005859375,19,1,-1
17308,0,17308,0.07896314561367035,-0.10887342691421509,9.860821723937988,17306,0.62445068359375,-0.00933837890625,-0.00384521484375,0.781005859375,19,0,-1
17308,0,17308,0.07896314561367035,-0.10887342691421509,9.860821723937988,17306,0.62445068359375,-0.00933837890625,-0.00384521484375,0.781005859375,19,0,-1
17308,0,17309,0.07896314561367035,-0.10767702013254166,9.859625816345215,17306,0.62445068359375,-0.00933837890625,-0.00384521484375,0.781005859375,19,1,-1
17309,0,17310,0.07896314561367035,-0.10887342691421509,9.859625816345215,17310,0.62451171875,-0.00933837890625,-0.00384521484375,0.78094482421875,19,1,0
17310,0,17310,0.07896314561367035,-0.10887342691421509,9.859625816345215,17310,0.62451171875,-0.00933837890625,-0.00384521484375,0.78094482421875,19,0,-1
17311,0,17311,0.07896314561367035,-0.10887342691421509,9.859625816345215,17310,0.62451171875,-0.00933837890625,-0.00384521484375,0.78094482421875,19,1,-1
17311,0,17313,0.07896314561367035,-0.10887342691421509,9.860821723937988,17312,0.62445068359375,-0.00927734375,-0.00384521484375,0.781005859375,19,1,0
17313,0,17313,0.07896314561367035,-0.10887342691421509,9.860821723937988,17312,0.62445068359375,-0.00927734375,-0.00384521484375,0.781005859375,19,0,-1
17313,0,17314,0.07896314561367035,-0.10887342691421509,9.859625816345215,17312,0.62445068359375,-0.00927734375,-0.00384521484375,0.781005859375,19,1,-1
17314,0,17314,0.07896314561367035,-0.10887342691421509,9.859625816345215,17312,0.62445068359375,-0.00927734375,-0.00384521484375,0.781005859375,19,0,-1
17314,0,17314,0.07896314561367035,-0.10887342691421509,9.859625816345215,17312,0.62445068359375,-0.00927734375,-0.00384521484375,0.781005859375,19,0,-1
17314,0,17316,0.07896314561367035,-0.10887342691421509,9.859625816345215,17315,0.62445068359375,-0.00933837890625,-0.00384521484375,0.781005859375,19,1,0
17316,0,17316,0.08015955239534378,-0.10887342691421509,9.859625816345215,17315,0.62445068359375,-0.00933837890625,-0.00384521484375,0.781005859375,19,1,-1
17316,0,17318,0.07896314561367035,-0.10887342691421509,9.859625816345215,17317,0.62451171875,-0.00933837890625,-0.00384521484375,0.78094482421875,19,1,0
17318,0,17318,0.08015955239534378,-0.10887342691421509,9.860821723937988,17317,0.62451171875,-0.00933837890625,-0.00384521484375,0.78094482421875,19,1,-1
17318,0,17318,0.08015955239534378,-0.10887342691421509,9.860821723937988,17317,0.62451171875,-0.00933837890625,-0.00384521484375,0.78094482421875,19,0,-1
17319,0,17320,0.07896314561367035,-0.10887342691421509,9.859625816345215,17320,0.62451171875,-0.00933837890625,-0.00384521484375,0.78094482421875,19,1,0
17320,0,17321,0.07896314561367035,-0.10887342691421509,9.859625816345215,17320,0.62451171875,-0.00933837890625,-0.00384521484375,0.78094482421875,19,1,-1
17321,0,17321,0.07896314561367035,-0.10887342691421509,9.859625816345215,17320,0.62451171875,-0.00933837890625,-0.00384521484375,0.78094482421875,19,0,-1
17321,0,17321,0.07896314561367035,-0.10887342691421509,9.859625816345215,17320,0.62451171875,-0.00933837890625,-0.00384521484375,0.78094482421875,19,0,-1
17321,0,17322,0.07896314561367035,-0.10887342691421509,9.859625816345215,17320,0.62451171875,-0.00933837890625,-0.00384521484375,0.78094482421875,19,1,-1
17322,0,17324,0.07896314561367035,-0.10887342691421509,9.860821723937988,17323,0.62451171875,-0.00933837890625,-0.00384521484375,0.78094482421875,19,1,0
17324,0,17324,0.07896314561367035,-0.10887342691421509,9.860821723937988,17323,0.62451171875,-0.00933837890625,-0.00384521484375,0.78094482421875,19,1,-1
17324,0,17324,0.07896314561367035,-0.10887342691421509,9.860821723937988,17323,0.62451171875,-0.00933837890625,-0.00384521484375,0.78094482421875,19,0,-1
17324,0,17324,0.07896314561367035,-0.10887342691421509,9.860821723937988,17323,0.62451171875,-0.00933837890625,-0.00384521484375,0.78094482421875,19,0,-1
17325,0,17325,0.07896314561367035,-0.10887342691421509,9.859625816345215,17323,0.62451171875,-0.00933837890625,-0.00384521484375,0.78094482421875,19,1,-1
17325,0,17325,0.07896314561367035,-0.10887342691421509,9.859625816345215,17323,0.62451171875,-0.00933837890625,-0.00384521484375,0.78094482421875,19,0,-1
17326,0,17327,0.07896314561367035,-0.11006984114646912,9.859625816345215,17327,0.62451171875,-0.00933837890625,-0.00390625,0.78094482421875,19,1,0
17327,0,17328,0.07896314561367035,-0.11006984114646912,9.859625816345215,17327,0.62451171875,-0.00933837890625,-0.00390625,0.78094482421875,19,1,-1
17328,0,17329,0.07896314561367035,-0.11006984114646912,9.859625816345215,17329,0.62451171875,-0.00933837890625,-0.00384521484375,0.78094482421875,19,1,0
17329,0,17329,0.07896314561367035,-0.11006984114646912,9.859625816345215,17329,0.62451171875,-0.00933837890625,-0.00384521484375,0.78094482421875,19,0,-1
17329,0,17329,0.07896314561367035,-0.11006984114646912,9.859625816345215,17329,0.62451171875,-0.00933837890625,-0.00384521484375,0.78094482421875,19,0,-1
17330,0,17330,0.07896314561367035,-0.11006984114646912,9.859625816345215,17329,0.62451171875,-0.00933837890625,-0.00384521484375,0.78094482421875,19,1,-1
17330,0,17330,0.07896314561367035,-0.11006984114646912,9.859625816345215,17329,0.62451171875,-0.00933837890625,-0.00384521484375,0.78094482421875,19,0,-1
17330,0,17331,0.07896314561367035,-0.11006984114646912,9.859625816345215,17329,0.62451171875,-0.00933837890625,-0.00384521484375,0.78094482421875,19,1,-1
17331,0,17333,0.07896314561367035,-0.11006984114646912,9.858428955078125,17332,0.62451171875,-0.00933837890625,-0.00390625,0.78094482421875,19,1,0
17333,0,17333,0.07896314561367035,-0.11006984114646912,9.858428955078125,17332,0.62451171875,-0.00933837890625,-0.00390625,0.78094482421875,19,0,-1
17333,0,17334,0.07896314561367035,-0.11006984114646912,9.858428955078125,17334,0.62451171875,-0.00933837890625,-0.00390625,0.78094482421875,19,1,0
17334,0,17335,0.07896314561367035,-0.11006984114646912,9.858428955078125,17334,0.62451171875,-0.00933837890625,-0.00390625,0.78094482421875,19,1,-1
17335,0,17335,0.07896314561367035,-0.11006984114646912,9.858428955078125,17334,0.62451171875,-0.00933837890625,-0.00390625,0.78094482421875,19,0,-1
17335,0,17335,0.07896314561367035,-0.11006984114646912,9.858428955078125,17334,0.62451171875,-0.00933837890625,-0.00390625,0.78094482421875,19,0,-1
17335,0,17336,0.07896314561367035,-0.11006984114646912,9.858428955078125,17334,0.62451171875,-0.00933837890625,-0.00390625,0.78094482421875,19,1,-1
17336,0,17337,0.07896314561367035,-0.11006984114646912,9.858428955078125,17337,0.62445068359375,-0.00933837890625,-0.00390625,0.78094482421875,19,1,0
17337,0,17339,0.07896314561367035,-0.11006984114646912,9.858428955078125,17338,0.62445068359375,-0.00927734375,-0.00384521484375,0.781005859375,19,1,0
17339,0,17339,0.07896314561367035,-0.11126624792814255,9.858428955078125,17338,0.62445068359375,-0.00927734375,-0.00384521484375,0.781005859375,19,1,-1
17339,0,17339,0.07896314561367035,-0.11126624792814255,9.858428955078125,17338,0.62445068359375,-0.00927734375,-0.00384521484375,0.781005859375,19,0,-1
17340,0,17339,0.07896314561367035,-0.11126624792814255,9.858428955078125,17338,0.62445068359375,-0.00927734375,-0.00384521484375,0.781005859375,19,0,-1
17340,0,17341,0.07896314561367035,-0.11006984114646912,9.858428955078125,17341,0.62445068359375,-0.00927734375,-0.00384521484375,0.781005859375,19,1,0
17341,0,17342,0.07896314561367035,-0.11006984114646912,9.858428955078125,17341,0.62445068359375,-0.00927734375,-0.00384521484375,0.781005859375,19,1,-1
17342,0,17342,0.07896314561367035,-0.11006984114646912,9.858428955078125,17341,0.62445068359375,-0.00927734375,-0.00384521484375,0.781005859375,19,0,-1
17342,0,17343,0.07896314561367035,-0.11006984114646912,9.857233047485352,17341,0.62445068359375,-0.00927734375,-0.00384521484375,0.781005859375,19,1,-1
17343,0,17343,0.07896314561367035,-0.11006984114646912,9.857233047485352,17341,0.62445068359375,-0.00927734375,-0.00384521484375,0.781005859375,19,0,-1
17343,0,17345,0.07896314561367035,-0.11006984114646912,9.857233047485352,17344,0.62445068359375,-0.00927734375,-0.00384521484375,0.781005859375,19,1,0
17345,0,17345,0.07896314561367035,-0.11006984114646912,9.858428955078125,17344,0.62445068359375,-0.00927734375,-0.00384521484375,0.781005859375,19,1,-1
17345,0,17345,0.07896314561367035,-0.11006984114646912,9.858428955078125,17344,0.62445068359375,-0.00927734375,-0.00384521484375,0.781005859375,19,0,-1
17346,0,17347,0.07896314561367035,-0.11006984114646912,9.858428955078125,17346,0.62445068359375,-0.00933837890625,-0.00384521484375,0.781005859375,19,1,0
17347,0,17348,0.07896314561367035,-0.11006984114646912,9.858428955078125,17346,0.62445068359375,-0.00933837890625,-0.00384521484375,0.781005859375,19,1,-1
17348,0,17348,0.07896314561367035,-0.11006984114646912,9.858428955078125,17346,0.62445068359375,-0.00933837890625,-0.00384521484375,0.781005859375,19,0,-1
17348,0,17348,0.07896314561367035,-0.11006984114646912,9.858428955078125,17346,0.62445068359375,-0.00933837890625,-0.00384521484375,0.781005859375,19,0,-1
17348,0,17349,0.07896314561367035,-0.11006984114646912,9.858428955078125,17346,0.62445068359375,-0.00933837890625,-0.00384521484375,0.781005859375,19,1,-1
17349,0,17350,0.07896314561367035,-0.11006984114646912,9.858428955078125,17350,0.62445068359375,-0.00927734375,-0.00384521484375,0.781005859375,19,1,0
17350,0,17350,0.07896314561367035,-0.11006984114646912,9.858428955078125,17350,0.62445068359375,-0.00927734375,-0.00384521484375,0.781005859375,19,0,-1
17350,0,17351,0.07896314561367035,-0.11006984114646912,9.858428955078125,17350,0.62445068359375,-0.00927734375,-0.00384521484375,0.781005859375,19,1,-1
17351,0,17352,0.07896314561367035,-0.11006984114646912,9.858428955078125,17352,0.62445068359375,-0.00933837890625,-0.00384521484375,0.781005859375,19,1,0
17352,0,17354,0.07896314561367035,-0.11006984114646912,9.858428955078125,17353,0.62445068359375,-0.00933837890625,-0.00384521484375,0.781005859375,19,1,0
17354,0,17355,0.07896314561367035,-0.11006984114646912,9.858428955078125,17353,0.62445068359375,-0.00933837890625,-0.00384521484375,0.781005859375,19,1,-1
17355,0,17355,0.07896314561367035,-0.11006984114646912,9.858428955078125,17353,0.62445068359375,-0.00933837890625,-0.00384521484375,0.781005859375,19,0,-1
17355,0,17355,0.07896314561367035,-0.11006984114646912,9.858428955078125,17353,0.62445068359375,-0.00933837890625,-0.00384521484375,0.781005859375,19,0,-1
17355,0,17356,0.07896314561367035,-0.11006984114646912,9.858428955078125,17353,0.62445068359375,-0.00933837890625,-0.00384521484375,0.781005859375,19,1,-1
17356,0,17357,0.07896314561367035,-0.11006984114646912,9.858428955078125,17357,0.62445068359375,-0.00933837890625,-0.00390625,0.781005859375,19,1,0
17357,0,17357,0.07896314561367035,-0.11006984114646912,9.858428955078125,17357,0.62445068359375,-0.00933837890625,-0.00390625,0.781005859375,19,0,-1
17357,0,17358,0.07896314561367035,-0.11006984114646912,9.858428955078125,17357,0.62445068359375,-0.00933837890625,-0.00390625,0.781005859375,19,1,-1
17358,0,17359,0.07896314561367035,-0.11006984114646912,9.858428955078125,17359,0.62445068359375,-0.00933837890625,-0.00390625,0.781005859375,19,1,0
17359,0,17361,0.07776673883199692,-0.11006984114646912,9.858428955078125,17360,0.62445068359375,-0.00933837890625,-0.00390625,0.781005859375,19,1,0
17361,0,17361,0.07776673883199692,-0.11006984114646912,9.858428955078125,17360,0.62445068359375,-0.00933837890625,-0.00390625,0.781005859375,19,0,-1
17361,0,17362,0.07776673883199692,-0.11006984114646912,9.858428955078125,17360,0.62445068359375,-0.00933837890625,-0.00390625,0.781005859375,19,1,-1
17362,0,17362,0.07776673883199692,-0.11006984114646912,9.858428955078125,17360,0.62445068359375,-0.00933837890625,-0.00390625,0.781005859375,19,0,-1
17362,0,17363,0.07776673883199692,-0.11006984114646912,9.858428955078125,17363,0.62445068359375,-0.00933837890625,-0.00390625,0.781005859375,19,1,0
17363,0,17364,0.07776673883199692,-0.11006984114646912,9.858428955078125,17363,0.62445068359375,-0.00933837890625,-0.00390625,0.781005859375,19,1,-1
17364,0,17365,0.07776673883199692,-0.11006984114646912,9.858428955078125,17365,0.62445068359375,-0.00933837890625,-0.00390625,0.781005859375,19,1,0
17365,0,17365,0.07776673883199692,-0.11006984114646912,9.858428955078125,17365,0.62445068359375,-0.00933837890625,-0.00390625,0.781005859375,19,0,-1
17366,0,17366,0.07776673883199692,-0.11006984114646912,9.858428955078125,17365,0.62445068359375,-0.00933837890625,-0.00390625,0.781005859375,19,1,-1
17366,0,17366,0.07776673883199692,-0.11006984114646912,9.858428955078125,17365,0.62445068359375,-0.00933837890625,-0.00390625,0.781005859375,19,0,-1
17367,0,17366,0.07776673883199692,-0.11006984114646912,9.858428955078125,17365,0.62445068359375,-0.00933837890625,-0.00390625,0.781005859375,19,0,-1
17367,0,17367,0.07776673883199692,-0.11006984114646912,9.858428955078125,17365,0.62445068359375,-0.00933837890625,-0.00390625,0.781005859375,19,1,-1
17367,0,17369,0.07776673883199692,-0.11006984114646912,9.858428955078125,17368,0.62445068359375,-0.00933837890625,-0.00390625,0.781005859375,19,1,0
17369,0,17369,0.07776673883199692,-0.11006984114646912,9.858428955078125,17368,0.62445068359375,-0.00933837890625,-0.00390625,0.781005859375,19,0,-1
17369,0,17370,0.07776673883199692,-0.11006984114646912,9.858428955078125,17368,0.62445068359375,-0.00933837890625,-0.00390625,0.781005859375,19,1,-1
17370,0,17370,0.07776673883199692,-0.11006984114646912,9.858428955078125,17368,0.62445068359375,-0.00933837890625,-0.00390625,0.781005859375,19,0,-1
17370,0,17370,0.07776673883199692,-0.11006984114646912,9.858428955078125,17368,0.62445068359375,-0.00933837890625,-0.00390625,0.781005859375,19,0,-1
17370,0,17371,0.07776673883199692,-0.11006984114646912,9.858428955078125,17368,0.62445068359375,-0.00933837890625,-0.00390625,0.781005859375,19,1,-1
17371,0,17372,0.07776673883199692,-0.11006984114646912,9.858428955078125,17372,0.62445068359375,-0.00933837890625,-0.00390625,0.781005859375,19,1,0
17372,0,17374,0.07776673883199692,-0.10887342691421509,9.858428955078125,17373,0.62445068359375,-0.00933837890625,-0.00390625,0.781005859375,19,1,0
17374,0,17374,0.07776673883199692,-0.10887342691421509,9.858428955078125,17373,0.62445068359375,-0.00933837890625,-0.00390625,0.781005859375,19,1,-1
17374,0,17374,0.07776673883199692,-0.10887342691421509,9.858428955078125,17373,0.62445068359375,-0.00933837890625,-0.00390625,0.781005859375,19,0,-1
17375,0,17374,0.07776673883199692,-0.10887342691421509,9.858428955078125,17373,0.62445068359375,-0.00933837890625,-0.00390625,0.781005859375,19,0,-1
17375,0,17376,0.07776673883199692,-0.11006984114646912,9.858428955078125,17373,0.62445068359375,-0.00933837890625,-0.00390625,0.781005859375,19,1,-1
17376,0,17377,0.07776673883199692,-0.11006984114646912,9.858428955078125,17376,0.62445068359375,-0.00933837890625,-0.00390625,0.781005859375,19,1,0
17377,0,17377,0.07776673883199692,-0.11006984114646912,9.858428955078125,17376,0.62445068359375,-0.00933837890625,-0.00390625,0.781005859375,19,0,-1
17377,0,17378,0.07776673883199692,-0.11006984114646912,9.858428955078125,17376,0.62445068359375,-0.00933837890625,-0.00390625,0.781005859375,19,1,-1
17378,0,17378,0.07776673883199692,-0.11006984114646912,9.858428955078125,17376,0.62445068359375,-0.00933837890625,-0.00390625,0.781005859375,19,0,-1
17378,0,17378,0.07776673883199692,-0.11006984114646912,9.858428955078125,17376,0.62445068359375,-0.00933837890625,-0.00390625,0.781005859375,19,0,-1
17378,0,17380,0.07776673883199692,-0.11006984114646912,9.858428955078125,17379,0.62445068359375,-0.00933837890625,-0.00390625,0.781005859375,19,1,0
17380,0,17380,0.07776673883199692,-0.11006984114646912,9.858428955078125,17379,0.62445068359375,-0.00933837890625,-0.00390625,0.781005859375,19,1,-1
17380,0,17382,0.07776673883199692,-0.11006984114646912,9.858428955078125,17381,0.62445068359375,-0.00933837890625,-0.00390625,0.781005859375,19,1,0
17382,0,17383,0.07657032459974289,-0.11006984114646912,9.858428955078125,17381,0.62445068359375,-0.00933837890625,-0.00390625,0.781005859375,19,1,-1
17383,0,17383,0.07657032459974289,-0.11006984114646912,9.858428955078125,17381,0.62445068359375,-0.00933837890625,-0.00390625,0.781005859375,19,0,-1
17383,0,17384,0.07657032459974289,-0.11006984114646912,9.858428955078125,17384,0.62445068359375,-0.00933837890625,-0.00390625,0.781005859375,19,1,0
17384,0,17385,0.07657032459974289,-0.11006984114646912,9.858428955078125,17384,0.62445068359375,-0.00933837890625,-0.00390625,0.781005859375,19,1,-1
17385,0,17385,0.07657032459974289,-0.11006984114646912,9.858428955078125,17384,0.62445068359375,-0.00933837890625,-0.00390625,0.781005859375,19,0,-1
17385,0,17385,0.07657032459974289,-0.11006984114646912,9.858428955078125,17384,0.62445068359375,-0.00933837890625,-0.00390625,0.781005859375,19,0,-1
17385,0,17387,0.07776673883199692,-0.11006984114646912,9.858428955078125,17386,0.62445068359375,-0.00933837890625,-0.00390625,0.781005859375,19,1,0
17387,0,17388,0.07657032459974289,-0.11006984114646912,9.858428955078125,17388,0.62445068359375,-0.00933837890625,-0.00390625,0.781005859375,19,1,0
17388,0,17388,0.07657032459974289,-0.11006984114646912,9.858428955078125,17388,0.62445068359375,-0.00933837890625,-0.00390625,0.781005859375,19,0,-1
17388,0,17388,0.07657032459974289,-0.11006984114646912,9.858428955078125,17388,0.62445068359375,-0.00933837890625,-0.00390625,0.781005859375,19,0,-1
17389,0,17388,0.07657032459974289,-0.11006984114646912,9.858428955078125,17388,0.62445068359375,-0.00933837890625,-0.00390625,0.781005859375,19,0,-1
17389,0,17390,0.07657032459974289,-0.11006984114646912,9.858428955078125,17390,0.62445068359375,-0.00933837890625,-0.00390625,0.781005859375,19,1,0
17390,0,17391,0.07657032459974289,-0.11126624792814255,9.858428955078125,17390,0.62445068359375,-0.00933837890625,-0.00390625,0.781005859375,19,1,-1
17391,0,17391,0.07657032459974289,-0.11126624792814255,9.858428955078125,17390,0.62445068359375,-0.00933837890625,-0.00390625,0.781005859375,19,0,-1
17391,0,17393,0.07657032459974289,-0.11126624792814255,9.858428955078125,17392,0.62445068359375,-0.00933837890625,-0.00390625,0.781005859375,19,1,0
17393,0,17393,0.07776673883199692,-0.11006984114646912,9.858428955078125,17392,0.62445068359375,-0.00933837890625,-0.00390625,0.781005859375,19,1,-1
17393,0,17393,0.07776673883199692,-0.11006984114646912,9.858428955078125,17392,0.62445068359375,-0.00933837890625,-0.00390625,0.781005859375,19,0,-1
17394,0,17394,0.07657032459974289,-0.11006984114646912,9.858428955078125,17392,0.62445068359375,-0.00933837890625,-0.00390625,0.781005859375,19,1,-1
17394,0,17396,0.07657032459974289,-0.11006984114646912,9.858428955078125,17395,0.62445068359375,-0.00933837890625,-0.00390625,0.781005859375,19,1,0
17396,0,17397,0.07657032459974289,-0.11006984114646912,9.858428955078125,17395,0.62445068359375,-0.00933837890625,-0.00390625,0.781005859375,19,1,-1
17397,0,17398,0.07657032459974289,-0.11006984114646912,9.858428955078125,17398,0.62445068359375,-0.00933837890625,-0.00390625,0.781005859375,19,1,0
17398,0,17398,0.07657032459974289,-0.11006984114646912,9.858428955078125,17398,0.62445068359375,-0.00933837890625,-0.00390625,0.781005859375,19,0,-1
17398,0,17399,0.07657032459974289,-0.11006984114646912,9.857233047485352,17398,0.62445068359375,-0.00933837890625,-0.00390625,0.781005859375,19,1,-1
17399,0,17400,0.07657032459974289,-0.11006984114646912,9.857233047485352,17400,0.62445068359375,-0.00933837890625,-0.00390625,0.781005859375,19,1,0
17400,0,17400,0.07657032459974289,-0.11006984114646912,9.857233047485352,17400,0.62445068359375,-0.00933837890625,-0.00390625,0.781005859375,19,0,-1
17401,0,17401,0.07657032459974289,-0.11006984114646912,9.857233047485352,17400,0.62445068359375,-0.00933837890625,-0.00390625,0.781005859375,19,1,-1
17401,0,17403,0.07657032459974289,-0.11006984114646912,9.857233047485352,17402,0.62445068359375,-0.00933837890625,-0.00390625,0.781005859375,19,1,0
17403,0,17403,0.07657032459974289,-0.11006984114646912,9.857233047485352,17402,0.62445068359375,-0.00933837890625,-0.00390625,0.781005859375,19,0,-1
17403,0,17404,0.07657032459974289,-0.11006984114646912,9.857233047485352,17402,0.62445068359375,-0.00933837890625,-0.00390625,0.781005859375,19,1,-1
17404,0,17404,0.07657032459974289,-0.11006984114646912,9.857233047485352,17402,0.62445068359375,-0.00933837890625,-0.00390625,0.781005859375,19,0,-1
17404,0,17404,0.07657032459974289,-0.11006984114646912,9.857233047485352,17402,0.62445068359375,-0.00933837890625,-0.00390625,0.781005859375,19,0,-1
17404,0,17405,0.07657032459974289,-0.11006984114646912,9.857233047485352,17402,0.62445068359375,-0.00933837890625,-0.00390625,0.781005859375,19,1,-1
17405,0,17406,0.07657032459974289,-0.11006984114646912,9.857233047485352,17406,0.62445068359375,-0.00933837890625,-0.00396728515625,0.781005859375,19,1,0
17406,0,17406,0.07657032459974289,-0.11006984114646912,9.857233047485352,17406,0.62445068359375,-0.00933837890625,-0.00396728515625,0.781005859375,19,0,-1
17406,0,17407,0.07657032459974289,-0.11006984114646912,9.857233047485352,17406,0.62445068359375,-0.00933837890625,-0.00396728515625,0.781005859375,19,1,-1
17407,0,17409,0.07657032459974289,-0.11006984114646912,9.857233047485352,17408,0.62445068359375,-0.00933837890625,-0.00396728515625,0.781005859375,19,1,0
17409,0,17409,0.07657032459974289,-0.11006984114646912,9.857233047485352,17408,0.62445068359375,-0.00933837890625,-0.00396728515625,0.781005859375,19,0,-1
17409,0,17409,0.07657032459974289,-0.11006984114646912,9.857233047485352,17408,0.62445068359375,-0.00933837890625,-0.00396728515625,0.781005859375,19,1,-1
17409,0,17409,0.07657032459974289,-0.11006984114646912,9.857233047485352,17408,0.62445068359375,-0.00933837890625,-0.00396728515625,0.781005859375,19,0,-1
17410,0,17409,0.07657032459974289,-0.11006984114646912,9.857233047485352,17408,0.62445068359375,-0.00933837890625,-0.00396728515625,0.781005859375,19,0,-1
17410,0,17411,0.07657032459974289,-0.10887342691421509,9.856036186218262,17408,0.62445068359375,-0.00933837890625,-0.00396728515625,0.781005859375,19,1,-1
17411,0,17412,0.07657032459974289,-0.10887342691421509,9.857233047485352,17412,0.62445068359375,-0.00933837890625,-0.00396728515625,0.781005859375,19,1,0
17412,0,17412,0.07657032459974289,-0.10887342691421509,9.857233047485352,17412,0.62445068359375,-0.00933837890625,-0.00396728515625,0.781005859375,19,0,-1
17412,0,17413,0.07657032459974289,-0.11006984114646912,9.857233047485352,17412,0.62445068359375,-0.00933837890625,-0.00396728515625,0.781005859375,19,1,-1
17413,0,17413,0.07657032459974289,-0.11006984114646912,9.857233047485352,17412,0.62445068359375,-0.00933837890625,-0.00396728515625,0.781005859375,19,0,-1
17413,0,17413,0.07657032459974289,-0.11006984114646912,9.857233047485352,17412,0.62445068359375,-0.00933837890625,-0.00396728515625,0.781005859375,19,0,-1
17413,0,17415,0.07657032459974289,-0.11006984114646912,9.857233047485352,17414,0.62445068359375,-0.00933837890625,-0.00396728515625,0.781005859375,19,1,0
17415,0,17416,0.07657032459974289,-0.11006984114646912,9.857233047485352,17414,0.62445068359375,-0.00933837890625,-0.00396728515625,0.781005859375,19,1,-1
17416,0,17417,0.07657032459974289,-0.10887342691421509,9.857233047485352,17416,0.62445068359375,-0.00933837890625,-0.00396728515625,0.781005859375,19,1,0
17417,0,17418,0.07657032459974289,-0.10887342691421509,9.857233047485352,17416,0.62445068359375,-0.00933837890625,-0.00396728515625,0.781005859375,19,1,-1
17418,0,17418,0.07657032459974289,-0.10887342691421509,9.857233047485352,17416,0.62445068359375,-0.00933837890625,-0.00396728515625,0.781005859375,19,0,-1
17418,0,17419,0.07776673883199692,-0.10887342691421509,9.857233047485352,17419,0.62445068359375,-0.00933837890625,-0.00396728515625,0.781005859375,19,1,0
17419,0,17421,0.07776673883199692,-0.10887342691421509,9.857233047485352,17420,0.62445068359375,-0.00933837890625,-0.00396728515625,0.781005859375,19,1,0
17421,0,17421,0.07776673883199692,-0.10887342691421509,9.857233047485352,17420,0.62445068359375,-0.00933837890625,-0.00396728515625,0.781005859375,19,1,-1
17421,0,17421,0.07776673883199692,-0.10887342691421509,9.857233047485352,17420,0.62445068359375,-0.00933837890625,-0.00396728515625,0.781005859375,19,0,-1
17422,0,17422,0.07776673883199692,-0.10767702013254166,9.857233047485352,17420,0.62445068359375,-0.00933837890625,-0.00396728515625,0.781005859375,19,1,-1
17422,0,17424,0.07776673883199692,-0.10767702013254166,9.857233047485352,17423,0.62445068359375,-0.00933837890625,-0.00396728515625,0.781005859375,19,1,0
17424,0,17424,0.07776673883199692,-0.10767702013254166,9.857233047485352,17423,0.62445068359375,-0.00933837890625,-0.00396728515625,0.781005859375,19,0,-1
17424,0,17424,0.07776673883199692,-0.10767702013254166,9.857233047485352,17423,0.62445068359375,-0.00933837890625,-0.00396728515625,0.781005859375,19,0,-1
17424,0,17425,0.07776673883199692,-0.10767702013254166,9.856036186218262,17423,0.62445068359375,-0.00933837890625,-0.00396728515625,0.781005859375,19,1,-1
17425,0,17425,0.07776673883199692,-0.10767702013254166,9.856036186218262,17423,0.62445068359375,-0.00933837890625,-0.00396728515625,0.781005859375,19,0,-1
17425,0,17426,0.07776673883199692,-0.10887342691421509,9.857233047485352,17423,0.62445068359375,-0.00933837890625,-0.00396728515625,0.781005859375,19,1,-1
17426,0,17427,0.07776673883199692,-0.10767702013254166,9.856036186218262,17427,0.62445068359375,-0.00933837890625,-0.00396728515625,0.781005859375,19,1,0
17427,0,17427,0.07776673883199692,-0.10767702013254166,9.856036186218262,17427,0.62445068359375,-0.00933837890625,-0.00396728515625,0.781005859375,19,0,-1
17427,0,17427,0.07776673883199692,-0.10767702013254166,9.856036186218262,17427,0.62445068359375,-0.00933837890625,-0.00396728515625,0.781005859375,19,0,-1
17428,0,17428,0.07776673883199692,-0.10767702013254166,9.856036186218262,17427,0.62445068359375,-0.00933837890625,-0.00396728515625,0.781005859375,19,1,-1
17428,0,17430,0.07657032459974289,-0.10767702013254166,9.857233047485352,17429,0.62445068359375,-0.00933837890625,-0.00396728515625,0.781005859375,19,1,0
17430,0,17430,0.07657032459974289,-0.10767702013254166,9.857233047485352,17429,0.62445068359375,-0.00933837890625,-0.00396728515625,0.781005859375,19,0,-1
17430,0,17431,0.07657032459974289,-0.10887342691421509,9.857233047485352,17429,0.62445068359375,-0.00933837890625,-0.00396728515625,0.781005859375,19,1,-1
17431,0,17431,0.07657032459974289,-0.10887342691421509,9.857233047485352,17429,0.62445068359375,-0.00933837890625,-0.00396728515625,0.781005859375,19,0,-1
17431,0,17431,0.07657032459974289,-0.10887342691421509,9.857233047485352,17429,0.62445068359375,-0.00933837890625,-0.00396728515625,0.781005859375,19,0,-1
17431,0,17432,0.07657032459974289,-0.10887342691421509,9.857233047485352,17429,0.62445068359375,-0.00933837890625,-0.00396728515625,0.781005859375,19,1,-1
17432,0,17433,0.07657032459974289,-0.10887342691421509,9.857233047485352,17433,0.62445068359375,-0.00933837890625,-0.00396728515625,0.781005859375,19,1,0
17433,0,17434,0.07657032459974289,-0.10887342691421509,9.857233047485352,17433,0.62445068359375,-0.00933837890625,-0.00396728515625,0.781005859375,19,1,-1
17434,0,17435,0.07657032459974289,-0.10767702013254166,9.857233047485352,17435,0.62445068359375,-0.00933837890625,-0.00396728515625,0.781005859375,19,1,0
17435,0,17435,0.07657032459974289,-0.10767702013254166,9.857233047485352,17435,0.62445068359375,-0.00933837890625,-0.00396728515625,0.781005859375,19,0,-1
17436,0,17436,0.07657032459974289,-0.10767702013254166,9.857233047485352,17435,0.62445068359375,-0.00933837890625,-0.00396728515625,0.781005859375,19,1,-1
17436,0,17438,0.07657032459974289,-0.10767702013254166,9.857233047485352,17437,0.62445068359375,-0.00933837890625,-0.00396728515625,0.781005859375,19,1,0
17438,0,17438,0.07657032459974289,-0.10767702013254166,9.857233047485352,17437,0.62445068359375,-0.00933837890625,-0.00396728515625,0.781005859375,19,0,-1
17438,0,17439,0.07657032459974289,-0.10887342691421509,9.857233047485352,17437,0.62445068359375,-0.00933837890625,-0.00396728515625,0.781005859375,19,1,-1
17439,0,17439,0.07657032459974289,-0.10887342691421509,9.857233047485352,17437,0.62445068359375,-0.00933837890625,-0.00396728515625,0.781005859375,19,0,-1
17439,0,17439,0.07657032459974289,-0.10887342691421509,9.857233047485352,17437,0.62445068359375,-0.00933837890625,-0.00396728515625,0.781005859375,19,0,-1
17439,0,17441,0.07657032459974289,-0.10767702013254166,9.857233047485352,17440,0.62445068359375,-0.00933837890625,-0.00396728515625,0.781005859375,19,1,0
17441,0,17441,0.07657032459974289,-0.10887342691421509,9.857233047485352,17440,0.62445068359375,-0.00933837890625,-0.00396728515625,0.781005859375,19,1,-1
17441,0,17441,0.07657032459974289,-0.10887342691421509,9.857233047485352,17440,0.62445068359375,-0.00933837890625,-0.00396728515625,0.781005859375,19,0,-1
17441,0,17443,0.07657032459974289,-0.10887342691421509,9.857233047485352,17442,0.62445068359375,-0.00933837890625,-0.00396728515625,0.781005859375,19,1,0
17443,0,17444,0.07657032459974289,-0.10887342691421509,9.857233047485352,17442,0.62445068359375,-0.00933837890625,-0.00396728515625,0.781005859375,19,1,-1
17444,0,17444,0.07657032459974289,-0.10887342691421509,9.857233047485352,17442,0.62445068359375,-0.00933837890625,-0.00396728515625,0.781005859375,19,0,-1
17444,0,17444,0.07657032459974289,-0.10887342691421509,9.857233047485352,17442,0.62445068359375,-0.00933837890625,-0.00396728515625,0.781005859375,19,1,-1
17444,0,17446,0.07657032459974289,-0.10887342691421509,9.857233047485352,17445,0.62445068359375,-0.00933837890625,-0.00396728515625,0.781005859375,19,1,0
17446,0,17446,0.07657032459974289,-0.10887342691421509,9.857233047485352,17445,0.62445068359375,-0.00933837890625,-0.00396728515625,0.781005859375,19,0,-1
17446,0,17447,0.07657032459974289,-0.10887342691421509,9.858428955078125,17445,0.62445068359375,-0.00933837890625,-0.00396728515625,0.781005859375,19,1,-1
17447,0,17448,0.07657032459974289,-0.10887342691421509,9.858428955078125,17448,0.62445068359375,-0.00933837890625,-0.00396728515625,0.781005859375,19,1,0
17448,0,17448,0.07657032459974289,-0.10887342691421509,9.858428955078125,17448,0.62445068359375,-0.00933837890625,-0.00396728515625,0.781005859375,19,0,-1
17449,0,17449,0.07657032459974289,-0.10887342691421509,9.858428955078125,17448,0.62445068359375,-0.00933837890625,-0.00396728515625,0.781005859375,19,1,-1
17449,0,17451,0.07657032459974289,-0.10887342691421509,9.857233047485352,17450,0.62445068359375,-0.00933837890625,-0.00390625,0.781005859375,19,1,0
17451,0,17451,0.07657032459974289,-0.10887342691421509,9.857233047485352,17450,0.62445068359375,-0.00933837890625,-0.00390625,0.781005859375,19,1,-1
17451,0,17451,0.07657032459974289,-0.10887342691421509,9.857233047485352,17450,0.62445068359375,-0.00933837890625,-0.00390625,0.781005859375,19,0,-1
17452,0,17453,0.07776673883199692,-0.10887342691421509,9.857233047485352,17453,0.62445068359375,-0.00933837890625,-0.00390625,0.781005859375,19,1,0
17453,0,17454,0.07776673883199692,-0.10887342691421509,9.857233047485352,17453,0.62445068359375,-0.00933837890625,-0.00390625,0.781005859375,19,1,-1
17454,0,17455,0.07896314561367035,-0.10887342691421509,9.856036186218262,17455,0.62445068359375,-0.00933837890625,-0.00390625,0.781005859375,19,1,0
17455,0,17456,0.07776673883199692,-0.10887342691421509,9.856036186218262,17455,0.62445068359375,-0.00933837890625,-0.00390625,0.781005859375,19,1,-1
17456,0,17457,0.07776673883199692,-0.10887342691421509,9.856036186218262,17457,0.62445068359375,-0.00933837890625,-0.00390625,0.781005859375,19,1,0
17457,0,17457,0.07776673883199692,-0.10887342691421509,9.856036186218262,17457,0.62445068359375,-0.00933837890625,-0.00390625,0.781005859375,19,0,-1
17458,0,17458,0.07776673883199692,-0.10887342691421509,9.856036186218262,17457,0.62445068359375,-0.00933837890625,-0.00390625,0.781005859375,19,1,-1
17458,0,17458,0.07776673883199692,-0.10887342691421509,9.856036186218262,17457,0.62445068359375,-0.00933837890625,-0.00390625,0.781005859375,19,0,-1
17459,0,17458,0.07776673883199692,-0.10887342691421509,9.856036186218262,17457,0.62445068359375,-0.00933837890625,-0.00390625,0.781005859375,19,0,-1
17459,0,17460,0.07776673883199692,-0.10887342691421509,9.856036186218262,17460,0.62445068359375,-0.00933837890625,-0.00390625,0.781005859375,19,1,0
17460,0,17460,0.07776673883199692,-0.10887342691421509,9.856036186218262,17460,0.62445068359375,-0.00933837890625,-0.00390625,0.781005859375,19,0,-1
17461,0,17460,0.07776673883199692,-0.10887342691421509,9.856036186218262,17460,0.62445068359375,-0.00933837890625,-0.00390625,0.781005859375,19,0,-1
17461,0,17460,0.07776673883199692,-0.10887342691421509,9.856036186218262,17460,0.62445068359375,-0.00933837890625,-0.00390625,0.781005859375,19,0,-1
17461,0,17462,0.07896314561367035,-0.10887342691421509,9.856036186218262,17460,0.62445068359375,-0.00933837890625,-0.00390625,0.781005859375,19,1,-1
17462,0,17463,0.07896314561367035,-0.10887342691421509,9.856036186218262,17463,0.62445068359375,-0.00933837890625,-0.00390625,0.781005859375,19,1,0
17463,0,17463,0.07896314561367035,-0.10887342691421509,9.856036186218262,17463,0.62445068359375,-0.00933837890625,-0.00390625,0.781005859375,19,0,-1
17464,0,17464,0.07776673883199692,-0.10887342691421509,9.856036186218262,17463,0.62445068359375,-0.00933837890625,-0.00390625,0.781005859375,19,1,-1
17464,0,17466,0.07896314561367035,-0.10887342691421509,9.856036186218262,17465,0.62445068359375,-0.00933837890625,-0.00390625,0.781005859375,19,1,0
17466,0,17466,0.07896314561367035,-0.10887342691421509,9.856036186218262,17465,0.62445068359375,-0.00933837890625,-0.00390625,0.781005859375,19,0,-1
17466,0,17467,0.07896314561367035,-0.10887342691421509,9.856036186218262,17465,0.62445068359375,-0.00933837890625,-0.00390625,0.781005859375,19,1,-1
17467,0,17467,0.07896314561367035,-0.10887342691421509,9.856036186218262,17465,0.62445068359375,-0.00933837890625,-0.00390625,0.781005859375,19,0,-1
17467,0,17467,0.07896314561367035,-0.10887342691421509,9.856036186218262,17465,0.62445068359375,-0.00933837890625,-0.00390625,0.781005859375,19,0,-1
17467,0,17468,0.07896314561367035,-0.11006984114646912,9.856036186218262,17465,0.62445068359375,-0.00933837890625,-0.00390625,0.781005859375,19,1,-1
17468,0,17468,0.07896314561367035,-0.11006984114646912,9.856036186218262,17465,0.62445068359375,-0.00933837890625,-0.00390625,0.781005859375,19,0,-1
17468,0,17468,0.07896314561367035,-0.11006984114646912,9.856036186218262,17465,0.62445068359375,-0.00933837890625,-0.00390625,0.781005859375,19,0,-1
17468,0,17470,0.07896314561367035,-0.11006984114646912,9.856036186218262,17469,0.62445068359375,-0.00933837890625,-0.00390625,0.781005859375,19,1,0
17470,0,17470,0.07896314561367035,-0.11006984114646912,9.856036186218262,17469,0.62445068359375,-0.00933837890625,-0.00390625,0.781005859375,19,0,-1
17470,0,17471,0.07896314561367035,-0.11006984114646912,9.856036186218262,17471,0.62445068359375,-0.00933837890625,-0.00390625,0.781005859375,19,1,0
17471,0,17471,0.07896314561367035,-0.11006984114646912,9.856036186218262,17471,0.62445068359375,-0.00933837890625,-0.00390625,0.781005859375,19,0,-1
17472,0,17472,0.07896314561367035,-0.11006984114646912,9.856036186218262,17471,0.62445068359375,-0.00933837890625,-0.00390625,0.781005859375,19,1,-1
17472,0,17472,0.07896314561367035,-0.11006984114646912,9.856036186218262,17471,0.62445068359375,-0.00933837890625,-0.00390625,0.781005859375,19,0,-1
17473,0,17474,0.07896314561367035,-0.11006984114646912,9.856036186218262,17474,0.62445068359375,-0.00933837890625,-0.00390625,0.781005859375,19,1,0
17474,0,17475,0.07896314561367035,-0.10887342691421509,9.856036186218262,17474,0.62445068359375,-0.00933837890625,-0.00390625,0.781005859375,19,1,-1
17475,0,17475,0.07896314561367035,-0.10887342691421509,9.856036186218262,17474,0.62445068359375,-0.00933837890625,-0.00390625,0.781005859375,19,0,-1
17475,0,17475,0.07896314561367035,-0.10887342691421509,9.856036186218262,17474,0.62445068359375,-0.00933837890625,-0.00390625,0.781005859375,19,0,-1
17475,0,17476,0.07896314561367035,-0.10887342691421509,9.856036186218262,17474,0.62445068359375,-0.00933837890625,-0.00390625,0.781005859375,19,1,-1
17476,0,17477,0.07896314561367035,-0.10887342691421509,9.856036186218262,17477,0.62445068359375,-0.00933837890625,-0.00390625,0.781005859375,19,1,0
17477,0,17477,0.07896314561367035,-0.10887342691421509,9.856036186218262,17477,0.62445068359375,-0.00933837890625,-0.00390625,0.781005859375,19,0,-1
17478,0,17479,0.07896314561367035,-0.10887342691421509,9.856036186218262,17478,0.62445068359375,-0.00933837890625,-0.00390625,0.781005859375,19,1,0
17479,0,17480,0.07896314561367035,-0.10887342691421509,9.856036186218262,17478,0.62445068359375,-0.00933837890625,-0.00390625,0.781005859375,19,1,-1
17480,0,17480,0.07896314561367035,-0.10887342691421509,9.856036186218262,17478,0.62445068359375,-0.00933837890625,-0.00390625,0.781005859375,19,0,-1
17480,0,17480,0.07896314561367035,-0.10887342691421509,9.856036186218262,17478,0.62445068359375,-0.00933837890625,-0.00390625,0.781005859375,19,0,-1
17480,0,17481,0.07896314561367035,-0.10887342691421509,9.856036186218262,17478,0.62445068359375,-0.00933837890625,-0.00390625,0.781005859375,19,1,-1
17481,0,17482,0.07896314561367035,-0.10767702013254166,9.856036186218262,17482,0.62445068359375,-0.00933837890625,-0.00390625,0.781005859375,19,1,0
17482,0,17484,0.07896314561367035,-0.10767702013254166,9.856036186218262,17483,0.62445068359375,-0.00933837890625,-0.00390625,0.781005859375,19,1,0
17484,0,17484,0.07896314561367035,-0.10887342691421509,9.856036186218262,17483,0.62445068359375,-0.00933837890625,-0.00390625,0.781005859375,19,1,-1
17484,0,17484,0.07896314561367035,-0.10887342691421509,9.856036186218262,17483,0.62445068359375,-0.00933837890625,-0.00390625,0.781005859375,19,0,-1
17484,0,17484,0.07896314561367035,-0.10887342691421509,9.856036186218262,17483,0.62445068359375,-0.00933837890625,-0.00390625,0.781005859375,19,0,-1
17485,0,17485,0.07896314561367035,-0.10887342691421509,9.856036186218262,17483,0.62445068359375,-0.00933837890625,-0.00390625,0.781005859375,19,1,-1
17485,0,17485,0.07896314561367035,-0.10887342691421509,9.856036186218262,17483,0.62445068359375,-0.00933837890625,-0.00390625,0.781005859375,19,0,-1
17486,0,17487,0.07776673883199692,-0.10767702013254166,9.856036186218262,17487,0.62445068359375,-0.00933837890625,-0.00390625,0.781005859375,19,1,0
17487,0,17488,0.07776673883199692,-0.10767702013254166,9.856036186218262,17487,0.62445068359375,-0.00933837890625,-0.00390625,0.781005859375,19,1,-1
17488,0,17488,0.07776673883199692,-0.10767702013254166,9.856036186218262,17487,0.62445068359375,-0.00933837890625,-0.00390625,0.781005859375,19,0,-1
17488,0,17488,0.07776673883199692,-0.10767702013254166,9.856036186218262,17487,0.62445068359375,-0.00933837890625,-0.00390625,0.781005859375,19,0,-1
17488,0,17489,0.07776673883199692,-0.10887342691421509,9.856036186218262,17487,0.62445068359375,-0.00933837890625,-0.00390625,0.781005859375,19,1,-1
17489,0,17490,0.07776673883199692,-0.10767702013254166,9.856036186218262,17490,0.62445068359375,-0.00933837890625,-0.00390625,0.781005859375,19,1,0
17490,0,17491,0.07776673883199692,-0.10767702013254166,9.856036186218262,17490,0.62445068359375,-0.00933837890625,-0.00390625,0.781005859375,19,1,-1
17491,0,17492,0.07776673883199692,-0.10767702013254166,9.856036186218262,17492,0.62445068359375,-0.00933837890625,-0.00390625,0.781005859375,19,1,0
17492,0,17492,0.07776673883199692,-0.10767702013254166,9.856036186218262,17492,0.62445068359375,-0.00933837890625,-0.00390625,0.781005859375,19,0,-1
17493,0,17493,0.07776673883199692,-0.10887342691421509,9.856036186218262,17492,0.62445068359375,-0.00933837890625,-0.00390625,0.781005859375,19,1,-1
17493,0,17493,0.07776673883199692,-0.10887342691421509,9.856036186218262,17492,0.62445068359375,-0.00933837890625,-0.00390625,0.781005859375,19,0,-1
17494,0,17493,0.07776673883199692,-0.10887342691421509,9.856036186218262,17492,0.62445068359375,-0.00933837890625,-0.00390625,0.781005859375,19,0,-1
17494,0,17495,0.07776673883199692,-0.10887342691421509,9.856036186218262,17492,0.62445068359375,-0.00933837890625,-0.00390625,0.781005859375,19,1,-1
17495,0,17496,0.07776673883199692,-0.10767702013254166,9.856036186218262,17495,0.62445068359375,-0.00933837890625,-0.00396728515625,0.781005859375,19,1,0
17496,0,17496,0.07776673883199692,-0.10767702013254166,9.856036186218262,17495,0.62445068359375,-0.00933837890625,-0.00396728515625,0.781005859375,19,0,-1
17496,0,17497,0.07657032459974289,-0.10767702013254166,9.856036186218262,17495,0.62445068359375,-0.00933837890625,-0.00396728515625,0.781005859375,19,1,-1
17497,0,17498,0.07657032459974289,-0.10767702013254166,9.854840278625488,17498,0.62445068359375,-0.00933837890625,-0.00396728515625,0.781005859375,19,1,0
17498,0,17498,0.07657032459974289,-0.10767702013254166,9.854840278625488,17498,0.62445068359375,-0.00933837890625,-0.00396728515625,0.781005859375,19,0,-1
17498,0,17500,0.07657032459974289,-0.10767702013254166,9.854840278625488,17499,0.62445068359375,-0.00933837890625,-0.00396728515625,0.781005859375,19,1,0
17500,0,17501,0.07657032459974289,-0.10767702013254166,9.856036186218262,17499,0.62445068359375,-0.00933837890625,-0.00396728515625,0.781005859375,19,1,-1
17501,0,17501,0.07657032459974289,-0.10767702013254166,9.856036186218262,17499,0.62445068359375,-0.00933837890625,-0.00396728515625,0.781005859375,19,0,-1
17501,0,17501,0.07657032459974289,-0.10767702013254166,9.856036186218262,17499,0.62445068359375,-0.00933837890625,-0.00396728515625,0.781005859375,19,0,-1
17501,0,17502,0.07657032459974289,-0.10887342691421509,9.856036186218262,17499,0.62445068359375,-0.00933837890625,-0.00396728515625,0.781005859375,19,1,-1
17502,0,17503,0.07657032459974289,-0.10887342691421509,9.856036186218262,17503,0.62445068359375,-0.00933837890625,-0.00396728515625,0.781005859375,19,1,0
17503,0,17504,0.07657032459974289,-0.10887342691421509,9.856036186218262,17503,0.62445068359375,-0.00933837890625,-0.00396728515625,0.781005859375,19,1,-1
17504,0,17504,0.07657032459974289,-0.10887342691421509,9.856036186218262,17503,0.62445068359375,-0.00933837890625,-0.00396728515625,0.781005859375,19,0,-1
17504,0,17504,0.07657032459974289,-0.10887342691421509,9.856036186218262,17503,0.62445068359375,-0.00933837890625,-0.00396728515625,0.781005859375,19,0,-1
17504,0,17506,0.07657032459974289,-0.10887342691421509,9.856036186218262,17505,0.62445068359375,-0.00933837890625,-0.00396728515625,0.781005859375,19,1,0
17506,0,17506,0.07657032459974289,-0.10887342691421509,9.854840278625488,17505,0.62445068359375,-0.00933837890625,-0.00396728515625,0.781005859375,19,1,-1
17506,0,17508,0.07657032459974289,-0.10887342691421509,9.856036186218262,17507,0.62445068359375,-0.00933837890625,-0.00396728515625,0.781005859375,19,1,0
17508,0,17509,0.07776673883199692,-0.10887342691421509,9.854840278625488,17507,0.62445068359375,-0.00933837890625,-0.00396728515625,0.781005859375,19,1,-1
17509,0,17510,0.07776673883199692,-0.10887342691421509,9.854840278625488,17509,0.62445068359375,-0.00933837890625,-0.00396728515625,0.781005859375,19,1,0
17510,0,17510,0.07776673883199692,-0.10887342691421509,9.854840278625488,17509,0.62445068359375,-0.00933837890625,-0.00396728515625,0.781005859375,19,0,-1
17510,0,17511,0.07776673883199692,-0.10887342691421509,9.854840278625488,17509,0.62445068359375,-0.00933837890625,-0.00396728515625,0.781005859375,19,1,-1
17511,0,17511,0.07776673883199692,-0.10887342691421509,9.854840278625488,17509,0.62445068359375,-0.00933837890625,-0.00396728515625,0.781005859375,19,0,-1
17511,0,17511,0.07776673883199692,-0.10887342691421509,9.854840278625488,17509,0.62445068359375,-0.00933837890625,-0.00396728515625,0.781005859375,19,0,-1
17511,0,17513,0.07776673883199692,-0.10887342691421509,9.854840278625488,17512,0.62445068359375,-0.00933837890625,-0.00396728515625,0.781005859375,19,1,0
17513,0,17513,0.07776673883199692,-0.10887342691421509,9.856036186218262,17512,0.62445068359375,-0.00933837890625,-0.00396728515625,0.781005859375,19,1,-1
17513,0,17513,0.07776673883199692,-0.10887342691421509,9.856036186218262,17512,0.62445068359375,-0.00933837890625,-0.00396728515625,0.781005859375,19,0,-1
17514,0,17514,0.07776673883199692,-0.10887342691421509,9.856036186218262,17512,0.62445068359375,-0.00933837890625,-0.00396728515625,0.781005859375,19,1,-1
17514,0,17514,0.07776673883199692,-0.10887342691421509,9.856036186218262,17512,0.62445068359375,-0.00933837890625,-0.00396728515625,0.781005859375,19,0,-1
17515,0,17516,0.07776673883199692,-0.10887342691421509,9.854840278625488,17516,0.62445068359375,-0.00933837890625,-0.00396728515625,0.781005859375,19,1,0
17516,0,17517,0.07896314561367035,-0.10887342691421509,9.856036186218262,17517,0.62445068359375,-0.00933837890625,-0.00396728515625,0.781005859375,19,1,0
17517,0,17518,0.07896314561367035,-0.11006984114646912,9.856036186218262,17517,0.62445068359375,-0.00933837890625,-0.00396728515625,0.781005859375,19,1,-1
17518,0,17518,0.07896314561367035,-0.11006984114646912,9.856036186218262,17517,0.62445068359375,-0.00933837890625,-0.00396728515625,0.781005859375,19,0,-1
17518,0,17519,0.07776673883199692,-0.11006984114646912,9.856036186218262,17517,0.62445068359375,-0.00933837890625,-0.00396728515625,0.781005859375,19,1,-1
17519,0,17521,0.07896314561367035,-0.10887342691421509,9.854840278625488,17520,0.62445068359375,-0.00933837890625,-0.00396728515625,0.781005859375,19,1,0
17521,0,17521,0.07896314561367035,-0.10887342691421509,9.854840278625488,17520,0.62445068359375,-0.00933837890625,-0.00396728515625,0.781005859375,19,0,-1
17521,0,17522,0.07776673883199692,-0.11006984114646912,9.854840278625488,17520,0.62445068359375,-0.00933837890625,-0.00396728515625,0.781005859375,19,1,-1
17522,0,17522,0.07776673883199692,-0.11006984114646912,9.854840278625488,17520,0.62445068359375,-0.00933837890625,-0.00396728515625,0.781005859375,19,0,-1
17522,0,17523,0.07896314561367035,-0.10887342691421509,9.854840278625488,17523,0.6243896484375,-0.00933837890625,-0.00396728515625,0.781005859375,19,1,0
17523,0,17524,0.07896314561367035,-0.10887342691421509,9.856036186218262,17523,0.6243896484375,-0.00933837890625,-0.00396728515625,0.781005859375,19,1,-1
17524,0,17524,0.07896314561367035,-0.10887342691421509,9.856036186218262,17523,0.6243896484375,-0.00933837890625,-0.00396728515625,0.781005859375,19,0,-1
17524,0,17524,0.07896314561367035,-0.10887342691421509,9.856036186218262,17523,0.6243896484375,-0.00933837890625,-0.00396728515625,0.781005859375,19,0,-1
17524,0,17525,0.07776673883199692,-0.10887342691421509,9.854840278625488,17523,0.6243896484375,-0.00933837890625,-0.00396728515625,0.781005859375,19,1,-1
17525,0,17526,0.07776673883199692,-0.10887342691421509,9.856036186218262,17526,0.6243896484375,-0.00933837890625,-0.00396728515625,0.781005859375,19,1,0
17526,0,17526,0.07776673883199692,-0.10887342691421509,9.856036186218262,17526,0.6243896484375,-0.00933837890625,-0.00396728515625,0.781005859375,19,0,-1
17527,0,17528,0.07776673883199692,-0.10887342691421509,9.854840278625488,17528,0.62445068359375,-0.00933837890625,-0.00396728515625,0.781005859375,19,1,0
17528,0,17528,0.07776673883199692,-0.10887342691421509,9.854840278625488,17528,0.62445068359375,-0.00933837890625,-0.00396728515625,0.781005859375,19,0,-1
17529,0,17528,0.07776673883199692,-0.10887342691421509,9.854840278625488,17528,0.62445068359375,-0.00933837890625,-0.00396728515625,0.781005859375,19,0,-1
17529,0,17528,0.07776673883199692,-0.10887342691421509,9.854840278625488,17528,0.62445068359375,-0.00933837890625,-0.00396728515625,0.781005859375,19,0,-1
17529,0,17530,0.07896314561367035,-0.10887342691421509,9.854840278625488,17528,0.62445068359375,-0.00933837890625,-0.00396728515625,0.781005859375,19,1,-1
17530,0,17530,0.07896314561367035,-0.10887342691421509,9.854840278625488,17528,0.62445068359375,-0.00933837890625,-0.00396728515625,0.781005859375,19,0,-1
17530,0,17531,0.07896314561367035,-0.10887342691421509,9.854840278625488,17531,0.62445068359375,-0.00933837890625,-0.00396728515625,0.781005859375,19,1,0
17531,0,17532,0.07896314561367035,-0.10887342691421509,9.854840278625488,17531,0.62445068359375,-0.00933837890625,-0.00396728515625,0.781005859375,19,1,-1
17532,0,17532,0.07896314561367035,-0.10887342691421509,9.854840278625488,17531,0.62445068359375,-0.00933837890625,-0.00396728515625,0.781005859375,19,0,-1
17532,0,17534,0.07776673883199692,-0.10887342691421509,9.856036186218262,17533,0.62445068359375,-0.00933837890625,-0.00396728515625,0.781005859375,19,1,0
17534,0,17534,0.07896314561367035,-0.10887342691421509,9.854840278625488,17533,0.62445068359375,-0.00933837890625,-0.00396728515625,0.781005859375,19,1,-1
17534,0,17536,0.07896314561367035,-0.10887342691421509,9.856036186218262,17535,0.62445068359375,-0.00933837890625,-0.00396728515625,0.781005859375,19,1,0
17536,0,17537,0.07896314561367035,-0.10767702013254166,9.856036186218262,17537,0.62445068359375,-0.00933837890625,-0.00396728515625,0.781005859375,19,1,0
17537,0,17538,0.07896314561367035,-0.10767702013254166,9.856036186218262,17537,0.62445068359375,-0.00933837890625,-0.00396728515625,0.781005859375,19,1,-1
17538,0,17538,0.07896314561367035,-0.10767702013254166,9.856036186218262,17537,0.62445068359375,-0.00933837890625,-0.00396728515625,0.781005859375,19,0,-1
17538,0,17538,0.07896314561367035,-0.10767702013254166,9.856036186218262,17537,0.62445068359375,-0.00933837890625,-0.00396728515625,0.781005859375,19,0,-1
17538,0,17539,0.07896314561367035,-0.10887342691421509,9.856036186218262,17537,0.62445068359375,-0.00933837890625,-0.00396728515625,0.781005859375,19,1,-1
17539,0,17541,0.07896314561367035,-0.10887342691421509,9.856036186218262,17540,0.62445068359375,-0.00933837890625,-0.00396728515625,0.781005859375,19,1,0
17541,0,17541,0.07776673883199692,-0.10767702013254166,9.856036186218262,17540,0.62445068359375,-0.00933837890625,-0.00396728515625,0.781005859375,19,1,-1
17541,0,17541,0.07776673883199692,-0.10767702013254166,9.856036186218262,17540,0.62445068359375,-0.00933837890625,-0.00396728515625,0.781005859375,19,0,-1
17542,0,17543,0.07896314561367035,-0.10887342691421509,9.856036186218262,17542,0.62445068359375,-0.00933837890625,-0.00396728515625,0.781005859375,19,1,0
17543,0,17544,0.07776673883199692,-0.10887342691421509,9.856036186218262,17542,0.62445068359375,-0.00933837890625,-0.00396728515625,0.781005859375,19,1,-1
17544,0,17544,0.07776673883199692,-0.10887342691421509,9.856036186218262,17542,0.62445068359375,-0.00933837890625,-0.00396728515625,0.781005859375,19,0,-1
17544,0,17544,0.07776673883199692,-0.10887342691421509,9.856036186218262,17542,0.62445068359375,-0.00933837890625,-0.00396728515625,0.781005859375,19,0,-1
17544,0,17545,0.07896314561367035,-0.10767702013254166,9.856036186218262,17542,0.62445068359375,-0.00933837890625,-0.00396728515625,0.781005859375,19,1,-1
17545,0,17546,0.07896314561367035,-0.10767702013254166,9.856036186218262,17546,0.62445068359375,-0.00933837890625,-0.00396728515625,0.781005859375,19,1,0
17546,0,17546,0.07896314561367035,-0.10767702013254166,9.856036186218262,17546,0.62445068359375,-0.00933837890625,-0.00396728515625,0.781005859375,19,0,-1
17546,0,17547,0.07896314561367035,-0.10887342691421509,9.856036186218262,17546,0.62445068359375,-0.00933837890625,-0.00396728515625,0.781005859375,19,1,-1
17547,0,17547,0.07896314561367035,-0.10887342691421509,9.856036186218262,17546,0.62445068359375,-0.00933837890625,-0.00396728515625,0.781005859375,19,0,-1
17547,0,17549,0.07896314561367035,-0.10887342691421509,9.856036186218262,17548,0.62445068359375,-0.00933837890625,-0.00396728515625,0.781005859375,19,1,0
17549,0,17549,0.07896314561367035,-0.10887342691421509,9.856036186218262,17548,0.62445068359375,-0.00933837890625,-0.00396728515625,0.781005859375,19,1,-1
17549,0,17549,0.07896314561367035,-0.10887342691421509,9.856036186218262,17548,0.62445068359375,-0.00933837890625,-0.00396728515625,0.781005859375,19,0,-1
17550,0,17549,0.07896314561367035,-0.10887342691421509,9.856036186218262,17548,0.62445068359375,-0.00933837890625,-0.00396728515625,0.781005859375,19,0,-1
17550,0,17551,0.07896314561367035,-0.10887342691421509,9.856036186218262,17548,0.62445068359375,-0.00933837890625,-0.00396728515625,0.781005859375,19,1,-1
17551,0,17552,0.07896314561367035,-0.10887342691421509,9.856036186218262,17551,0.62445068359375,-0.00933837890625,-0.00396728515625,0.781005859375,19,1,0
17552,0,17553,0.07776673883199692,-0.10887342691421509,9.856036186218262,17553,0.62445068359375,-0.00933837890625,-0.00396728515625,0.781005859375,19,1,0
17553,0,17553,0.07776673883199692,-0.10887342691421509,9.856036186218262,17553,0.62445068359375,-0.00933837890625,-0.00396728515625,0.781005859375,19,0,-1
17554,0,17554,0.07776673883199692,-0.10767702013254166,9.856036186218262,17553,0.62445068359375,-0.00933837890625,-0.00396728515625,0.781005859375,19,1,-1
17554,0,17554,0.07776673883199692,-0.10767702013254166,9.856036186218262,17553,0.62445068359375,-0.00933837890625,-0.00396728515625,0.781005859375,19,0,-1
17554,0,17554,0.07776673883199692,-0.10767702013254166,9.856036186218262,17553,0.62445068359375,-0.00933837890625,-0.00396728515625,0.781005859375,19,0,-1
17555,0,17556,0.07776673883199692,-0.10767702013254166,9.856036186218262,17556,0.62445068359375,-0.00933837890625,-0.00396728515625,0.781005859375,19,1,0
17556,0,17556,0.07776673883199692,-0.10767702013254166,9.856036186218262,17556,0.62445068359375,-0.00933837890625,-0.00396728515625,0.781005859375,19,0,-1
17556,0,17556,0.07776673883199692,-0.10767702013254166,9.856036186218262,17556,0.62445068359375,-0.00933837890625,-0.00396728515625,0.781005859375,19,0,-1
17557,0,17556,0.07776673883199692,-0.10767702013254166,9.856036186218262,17556,0.62445068359375,-0.00933837890625,-0.00396728515625,0.781005859375,19,0,-1
17557,0,17558,0.07896314561367035,-0.10767702013254166,9.856036186218262,17556,0.62445068359375,-0.00933837890625,-0.00396728515625,0.781005859375,19,1,-1
17558,0,17559,0.07776673883199692,-0.10887342691421509,9.856036186218262,17558,0.62445068359375,-0.00933837890625,-0.00396728515625,0.781005859375,19,1,0
17559,0,17559,0.07776673883199692,-0.10887342691421509,9.856036186218262,17558,0.62445068359375,-0.00933837890625,-0.00396728515625,0.781005859375,19,0,-1
17559,0,17560,0.07776673883199692,-0.10767702013254166,9.856036186218262,17558,0.62445068359375,-0.00933837890625,-0.00396728515625,0.781005859375,19,1,-1
17560,0,17561,0.07896314561367035,-0.10767702013254166,9.856036186218262,17561,0.62445068359375,-0.00933837890625,-0.00396728515625,0.781005859375,19,1,0
17561,0,17561,0.07896314561367035,-0.10767702013254166,9.856036186218262,17561,0.62445068359375,-0.00933837890625,-0.00396728515625,0.781005859375,19,0,-1
17562,0,17562,0.07776673883199692,-0.10767702013254166,9.856036186218262,17561,0.62445068359375,-0.00933837890625,-0.00396728515625,0.781005859375,19,1,-1
17562,0,17564,0.07776673883199692,-0.10767702013254166,9.856036186218262,17563,0.62445068359375,-0.00933837890625,-0.00396728515625,0.781005859375,19,1,0
17564,0,17565,0.07776673883199692,-0.10887342691421509,9.856036186218262,17564,0.62445068359375,-0.00933837890625,-0.00396728515625,0.781005859375,19,1,0
17565,0,17565,0.07776673883199692,-0.10887342691421509,9.856036186218262,17564,0.62445068359375,-0.00933837890625,-0.00396728515625,0.781005859375,19,0,-1
17565,0,17566,0.07776673883199692,-0.10887342691421509,9.856036186218262,17564,0.62445068359375,-0.00933837890625,-0.00396728515625,0.781005859375,19,1,-1
17566,0,17566,0.07776673883199692,-0.10887342691421509,9.856036186218262,17564,0.62445068359375,-0.00933837890625,-0.00396728515625,0.781005859375,19,0,-1
17566,0,17567,0.07776673883199692,-0.10767702013254166,9.856036186218262,17564,0.62445068359375,-0.00933837890625,-0.00396728515625,0.781005859375,19,1,-1
17567,0,17567,0.07776673883199692,-0.10767702013254166,9.856036186218262,17564,0.62445068359375,-0.00933837890625,-0.00396728515625,0.781005859375,19,0,-1
17567,0,17568,0.07776673883199692,-0.10767702013254166,9.856036186218262,17568,0.62445068359375,-0.00933837890625,-0.00396728515625,0.781005859375,19,1,0
17568,0,17568,0.07776673883199692,-0.10767702013254166,9.856036186218262,17568,0.62445068359375,-0.00933837890625,-0.00396728515625,0.781005859375,19,0,-1
17569,0,17569,0.07896314561367035,-0.10767702013254166,9.856036186218262,17568,0.62445068359375,-0.00933837890625,-0.00396728515625,0.781005859375,19,1,-1
17569,0,17569,0.07896314561367035,-0.10767702013254166,9.856036186218262,17568,0.62445068359375,-0.00933837890625,-0.00396728515625,0.781005859375,19,0,-1
17570,0,17570,0.07896314561367035,-0.10767702013254166,9.856036186218262,17568,0.62445068359375,-0.00933837890625,-0.00396728515625,0.781005859375,19,1,-1
17570,0,17572,0.07896314561367035,-0.10767702013254166,9.856036186218262,17571,0.62445068359375,-0.00933837890625,-0.00396728515625,0.781005859375,19,1,0
17572,0,17572,0.07896314561367035,-0.10767702013254166,9.856036186218262,17571,0.62445068359375,-0.00933837890625,-0.00396728515625,0.781005859375,19,0,-1
17572,0,17573,0.07896314561367035,-0.10767702013254166,9.856036186218262,17573,0.62445068359375,-0.00933837890625,-0.00396728515625,0.781005859375,19,1,0
17573,0,17574,0.07896314561367035,-0.10767702013254166,9.856036186218262,17573,0.62445068359375,-0.00933837890625,-0.00396728515625,0.781005859375,19,1,-1
17574,0,17574,0.07896314561367035,-0.10767702013254166,9.856036186218262,17573,0.62445068359375,-0.00933837890625,-0.00396728515625,0.781005859375,19,0,-1
17574,0,17574,0.07896314561367035,-0.10767702013254166,9.856036186218262,17573,0.62445068359375,-0.00933837890625,-0.00396728515625,0.781005859375,19,0,-1
17575,0,17575,0.07896314561367035,-0.10767702013254166,9.856036186218262,17573,0.62445068359375,-0.00933837890625,-0.00396728515625,0.781005859375,19,1,-1
17575,0,17577,0.07896314561367035,-0.10767702013254166,9.856036186218262,17576,0.62445068359375,-0.00933837890625,-0.00390625,0.781005859375,19,1,0
17577,0,17577,0.07896314561367035,-0.10767702013254166,9.856036186218262,17576,0.62445068359375,-0.00933837890625,-0.00390625,0.781005859375,19,0,-1
17577,0,17577,0.07896314561367035,-0.10767702013254166,9.856036186218262,17576,0.62445068359375,-0.00933837890625,-0.00390625,0.781005859375,19,1,-1
17577,0,17577,0.07896314561367035,-0.10767702013254166,9.856036186218262,17576,0.62445068359375,-0.00933837890625,-0.00390625,0.781005859375,19,0,-1
17578,0,17577,0.07896314561367035,-0.10767702013254166,9.856036186218262,17576,0.62445068359375,-0.00933837890625,-0.00390625,0.781005859375,19,0,-1
17578,0,17579,0.07896314561367035,-0.10767702013254166,9.856036186218262,17576,0.62445068359375,-0.00933837890625,-0.00390625,0.781005859375,19,1,-1
17579,0,17580,0.07896314561367035,-0.10767702013254166,9.856036186218262,17580,0.62445068359375,-0.00933837890625,-0.00390625,0.781005859375,19,1,0
17580,0,17582,0.07896314561367035,-0.10767702013254166,9.856036186218262,17581,0.62445068359375,-0.00933837890625,-0.00390625,0.781005859375,19,1,0
17582,0,17582,0.07896314561367035,-0.10767702013254166,9.856036186218262,17581,0.62445068359375,-0.00933837890625,-0.00390625,0.781005859375,19,1,-1
17582,0,17582,0.07896314561367035,-0.10767702013254166,9.856036186218262,17581,0.62445068359375,-0.00933837890625,-0.00390625,0.781005859375,19,0,-1
17582,0,17584,0.07896314561367035,-0.10767702013254166,9.856036186218262,17583,0.62445068359375,-0.00933837890625,-0.00390625,0.781005859375,19,1,0
17584,0,17585,0.07896314561367035,-0.10767702013254166,9.856036186218262,17583,0.62445068359375,-0.00933837890625,-0.00390625,0.781005859375,19,1,-1
17585,0,17586,0.07896314561367035,-0.10767702013254166,9.856036186218262,17585,0.62445068359375,-0.00933837890625,-0.00390625,0.781005859375,19,1,0
17586,0,17586,0.07896314561367035,-0.10767702013254166,9.856036186218262,17585,0.62445068359375,-0.00933837890625,-0.00390625,0.781005859375,19,0,-1
17586,0,17587,0.07896314561367035,-0.10767702013254166,9.856036186218262,17585,0.62445068359375,-0.00933837890625,-0.00390625,0.781005859375,19,1,-1
17587,0,17588,0.07776673883199692,-0.10767702013254166,9.856036186218262,17588,0.62445068359375,-0.00933837890625,-0.00396728515625,0.781005859375,19,1,0
17588,0,17588,0.07776673883199692,-0.10767702013254166,9.856036186218262,17588,0.62445068359375,-0.00933837890625,-0.00396728515625,0.781005859375,19,0,-1
17588,0,17589,0.07776673883199692,-0.10767702013254166,9.854840278625488,17588,0.62445068359375,-0.00933837890625,-0.00396728515625,0.781005859375,19,1,-1
17589,0,17589,0.07776673883199692,-0.10767702013254166,9.854840278625488,17588,0.62445068359375,-0.00933837890625,-0.00396728515625,0.781005859375,19,0,-1
17589,0,17589,0.07776673883199692,-0.10767702013254166,9.854840278625488,17588,0.62445068359375,-0.00933837890625,-0.00396728515625,0.781005859375,19,0,-1
17590,0,17590,0.07776673883199692,-0.10767702013254166,9.854840278625488,17588,0.62445068359375,-0.00933837890625,-0.00396728515625,0.781005859375,19,1,-1
17590,0,17592,0.07896314561367035,-0.10767702013254166,9.854840278625488,17591,0.62445068359375,-0.00933837890625,-0.00396728515625,0.781005859375,19,1,0
17592,0,17593,0.07896314561367035,-0.10767702013254166,9.854840278625488,17593,0.62445068359375,-0.00933837890625,-0.00396728515625,0.781005859375,19,1,0
17593,0,17594,0.07896314561367035,-0.10767702013254166,9.854840278625488,17593,0.62445068359375,-0.00933837890625,-0.00396728515625,0.781005859375,19,1,-1
17594,0,17594,0.07896314561367035,-0.10767702013254166,9.854840278625488,17593,0.62445068359375,-0.00933837890625,-0.00396728515625,0.781005859375,19,0,-1
17594,0,17596,0.07896314561367035,-0.10767702013254166,9.854840278625488,17595,0.62445068359375,-0.00933837890625,-0.00396728515625,0.781005859375,19,1,0
17596,0,17596,0.07896314561367035,-0.10767702013254166,9.854840278625488,17595,0.62445068359375,-0.00933837890625,-0.00396728515625,0.781005859375,19,1,-1
17596,0,17596,0.07896314561367035,-0.10767702013254166,9.854840278625488,17595,0.62445068359375,-0.00933837890625,-0.00396728515625,0.781005859375,19,0,-1
17597,0,17597,0.07896314561367035,-0.10767702013254166,9.854840278625488,17595,0.62445068359375,-0.00933837890625,-0.00396728515625,0.781005859375,19,1,-1
17597,0,17597,0.07896314561367035,-0.10767702013254166,9.854840278625488,17595,0.62445068359375,-0.00933837890625,-0.00396728515625,0.781005859375,19,0,-1
17597,0,17599,0.07896314561367035,-0.10767702013254166,9.854840278625488,17598,0.62445068359375,-0.00933837890625,-0.00396728515625,0.781005859375,19,1,0
17599,0,17600,0.07896314561367035,-0.10767702013254166,9.853643417358398,17600,0.62445068359375,-0.00933837890625,-0.00390625,0.781005859375,19,1,0
17600,0,17601,0.07896314561367035,-0.10767702013254166,9.854840278625488,17600,0.62445068359375,-0.00933837890625,-0.00390625,0.781005859375,19,1,-1
17601,0,17601,0.07896314561367035,-0.10767702013254166,9.854840278625488,17600,0.62445068359375,-0.00933837890625,-0.00390625,0.781005859375,19,0,-1
17601,0,17601,0.07896314561367035,-0.10767702013254166,9.854840278625488,17600,0.62445068359375,-0.00933837890625,-0.00390625,0.781005859375,19,0,-1
17601,0,17602,0.07896314561367035,-0.10767702013254166,9.854840278625488,17600,0.62445068359375,-0.00933837890625,-0.00390625,0.781005859375,19,1,-1
17602,0,17603,0.07896314561367035,-0.10767702013254166,9.856036186218262,17603,0.62445068359375,-0.00933837890625,-0.00390625,0.781005859375,19,1,0
17603,0,17603,0.07896314561367035,-0.10767702013254166,9.856036186218262,17603,0.62445068359375,-0.00933837890625,-0.00390625,0.781005859375,19,0,-1
17604,0,17604,0.07896314561367035,-0.10767702013254166,9.854840278625488,17603,0.62445068359375,-0.00933837890625,-0.00390625,0.781005859375,19,1,-1
17604,0,17604,0.07896314561367035,-0.10767702013254166,9.854840278625488,17603,0.62445068359375,-0.00933837890625,-0.00390625,0.781005859375,19,0,-1
17605,0,17604,0.07896314561367035,-0.10767702013254166,9.854840278625488,17603,0.62445068359375,-0.00933837890625,-0.00390625,0.781005859375,19,0,-1
17605,0,17606,0.07896314561367035,-0.10767702013254166,9.854840278625488,17603,0.62445068359375,-0.00933837890625,-0.00390625,0.781005859375,19,1,-1
17606,0,17607,0.07896314561367035,-0.10767702013254166,9.854840278625488,17606,0.62445068359375,-0.00933837890625,-0.00396728515625,0.781005859375,19,1,0
17607,0,17607,0.07896314561367035,-0.10767702013254166,9.854840278625488,17606,0.62445068359375,-0.00933837890625,-0.00396728515625,0.781005859375,19,0,-1
17607,0,17609,0.07896314561367035,-0.10767702013254166,9.854840278625488,17608,0.62445068359375,-0.00933837890625,-0.00396728515625,0.781005859375,19,1,0
17609,0,17609,0.07896314561367035,-0.10767702013254166,9.854840278625488,17608,0.62445068359375,-0.00933837890625,-0.00396728515625,0.781005859375,19,0,-1
17609,0,17609,0.07896314561367035,-0.10767702013254166,9.854840278625488,17608,0.62445068359375,-0.00933837890625,-0.00396728515625,0.781005859375,19,0,-1
17609,0,17609,0.07896314561367035,-0.10767702013254166,9.854840278625488,17608,0.62445068359375,-0.00933837890625,-0.00396728515625,0.781005859375,19,0,-1
17610,0,17610,0.08015955239534378,-0.10767702013254166,9.856036186218262,17608,0.62445068359375,-0.00933837890625,-0.00396728515625,0.781005859375,19,1,-1
17610,0,17610,0.08015955239534378,-0.10767702013254166,9.856036186218262,17608,0.62445068359375,-0.00933837890625,-0.00396728515625,0.781005859375,19,0,-1
17610,0,17610,0.08015955239534378,-0.10767702013254166,9.856036186218262,17608,0.62445068359375,-0.00933837890625,-0.00396728515625,0.781005859375,19,0,-1
17611,0,17612,0.08015955239534378,-0.10767702013254166,9.854840278625488,17612,0.62445068359375,-0.00933837890625,-0.00396728515625,0.781005859375,19,1,0
17612,0,17612,0.08015955239534378,-0.10767702013254166,9.854840278625488,17612,0.62445068359375,-0.00933837890625,-0.00396728515625,0.781005859375,19,0,-1
17612,0,17612,0.08015955239534378,-0.10767702013254166,9.854840278625488,17612,0.62445068359375,-0.00933837890625,-0.00396728515625,0.781005859375,19,0,-1
17613,0,17612,0.08015955239534378,-0.10767702013254166,9.854840278625488,17612,0.62445068359375,-0.00933837890625,-0.00396728515625,0.781005859375,19,0,-1
17613,0,17614,0.07896314561367035,-0.10887342691421509,9.854840278625488,17612,0.62445068359375,-0.00933837890625,-0.00396728515625,0.781005859375,19,1,-1
17614,0,17615,0.07896314561367035,-0.10767702013254166,9.854840278625488,17614,0.62445068359375,-0.00933837890625,-0.00390625,0.781005859375,19,1,0
17615,0,17615,0.07896314561367035,-0.10767702013254166,9.854840278625488,17614,0.62445068359375,-0.00933837890625,-0.00390625,0.781005859375,19,0,-1
17615,0,17616,0.07896314561367035,-0.10767702013254166,9.856036186218262,17614,0.62445068359375,-0.00933837890625,-0.00390625,0.781005859375,19,1,-1
17616,0,17617,0.08015955239534378,-0.10767702013254166,9.856036186218262,17617,0.62445068359375,-0.00933837890625,-0.00390625,0.781005859375,19,1,0
17617,0,17617,0.08015955239534378,-0.10767702013254166,9.856036186218262,17617,0.62445068359375,-0.00933837890625,-0.00390625,0.781005859375,19,0,-1
17618,0,17618,0.07896314561367035,-0.10767702013254166,9.854840278625488,17617,0.62445068359375,-0.00933837890625,-0.00390625,0.781005859375,19,1,-1
17618,0,17620,0.07896314561367035,-0.10767702013254166,9.854840278625488,17619,0.62445068359375,-0.00933837890625,-0.00396728515625,0.781005859375,19,1,0
17620,0,17620,0.07896314561367035,-0.10767702013254166,9.854840278625488,17619,0.62445068359375,-0.00933837890625,-0.00396728515625,0.781005859375,19,0,-1
17620,0,17620,0.07896314561367035,-0.10767702013254166,9.854840278625488,17619,0.62445068359375,-0.00933837890625,-0.00396728515625,0.781005859375,19,0,-1
17620,0,17621,0.07896314561367035,-0.10767702013254166,9.854840278625488,17619,0.62445068359375,-0.00933837890625,-0.00396728515625,0.781005859375,19,1,-1
17621,0,17622,0.07896314561367035,-0.10767702013254166,9.854840278625488,17622,0.62445068359375,-0.00933837890625,-0.00396728515625,0.781005859375,19,1,0
17622,0,17622,0.07896314561367035,-0.10767702013254166,9.854840278625488,17622,0.62445068359375,-0.00933837890625,-0.00396728515625,0.781005859375,19,0,-1
17622,0,17623,0.07896314561367035,-0.10767702013254166,9.854840278625488,17622,0.62445068359375,-0.00933837890625,-0.00396728515625,0.781005859375,19,1,-1
17623,0,17623,0.07896314561367035,-0.10767702013254166,9.854840278625488,17622,0.62445068359375,-0.00933837890625,-0.00396728515625,0.781005859375,19,0,-1
17623,0,17624,0.07896314561367035,-0.10767702013254166,9.854840278625488,17622,0.62445068359375,-0.00933837890625,-0.00396728515625,0.781005859375,19,1,-1
17624,0,17625,0.07896314561367035,-0.10767702013254166,9.854840278625488,17625,0.62445068359375,-0.00933837890625,-0.00396728515625,0.781005859375,19,1,0
17625,0,17625,0.07896314561367035,-0.10767702013254166,9.854840278625488,17625,0.62445068359375,-0.00933837890625,-0.00396728515625,0.781005859375,19,0,-1
17626,0,17626,0.07896314561367035,-0.10767702013254166,9.854840278625488,17625,0.62445068359375,-0.00933837890625,-0.00396728515625,0.781005859375,19,1,-1
17626,0,17628,0.07896314561367035,-0.10767702013254166,9.854840278625488,17627,0.62445068359375,-0.00933837890625,-0.00390625,0.781005859375,19,1,0
17628,0,17628,0.07896314561367035,-0.10767702013254166,9.854840278625488,17627,0.62445068359375,-0.00933837890625,-0.00390625,0.781005859375,19,0,-1
17628,0,17629,0.07896314561367035,-0.10767702013254166,9.856036186218262,17627,0.62445068359375,-0.00933837890625,-0.00390625,0.781005859375,20,1,-1
17629,0,17629,0.07896314561367035,-0.10767702013254166,9.856036186218262,17627,0.62445068359375,-0.00933837890625,-0.00390625,0.781005859375,20,0,-1
17629,0,17629,0.07896314561367035,-0.10767702013254166,9.856036186218262,17627,0.62445068359375,-0.00933837890625,-0.00390625,0.781005859375,20,0,-1
17629,0,17630,0.07896314561367035,-0.10767702013254166,9.856036186218262,17627,0.62445068359375,-0.00933837890625,-0.00390625,0.781005859375,20,1,-1
17630,0,17631,0.07896314561367035,-0.10767702013254166,9.854840278625488,17631,0.62445068359375,-0.00933837890625,-0.00390625,0.781005859375,20,1,0
17631,0,17631,0.07896314561367035,-0.10767702013254166,9.854840278625488,17631,0.62445068359375,-0.00933837890625,-0.00390625,0.781005859375,20,0,-1
17632,0,17632,0.07896314561367035,-0.10767702013254166,9.856036186218262,17631,0.62445068359375,-0.00933837890625,-0.00390625,0.781005859375,20,1,-1
17632,0,17632,0.07896314561367035,-0.10767702013254166,9.856036186218262,17631,0.62445068359375,-0.00933837890625,-0.00390625,0.781005859375,20,0,-1
17633,0,17632,0.07896314561367035,-0.10767702013254166,9.856036186218262,17631,0.62445068359375,-0.00933837890625,-0.00390625,0.781005859375,20,0,-1
17633,0,17634,0.07896314561367035,-0.10767702013254166,9.856036186218262,17634,0.62445068359375,-0.00927734375,-0.00390625,0.781005859375,20,1,0
17634,0,17634,0.07896314561367035,-0.10767702013254166,9.856036186218262,17634,0.62445068359375,-0.00927734375,-0.00390625,0.781005859375,20,0,-1
17635,0,17636,0.07896314561367035,-0.10767702013254166,9.854840278625488,17635,0.62445068359375,-0.00927734375,-0.00390625,0.781005859375,20,1,0
17636,0,17636,0.07896314561367035,-0.10767702013254166,9.854840278625488,17635,0.62445068359375,-0.00927734375,-0.00390625,0.781005859375,20,0,-1
17636,0,17637,0.07896314561367035,-0.10767702013254166,9.854840278625488,17635,0.62445068359375,-0.00927734375,-0.00390625,0.781005859375,20,1,-1
17637,0,17637,0.07896314561367035,-0.10767702013254166,9.854840278625488,17635,0.62445068359375,-0.00927734375,-0.00390625,0.781005859375,20,0,-1
17637,0,17637,0.07896314561367035,-0.10767702013254166,9.854840278625488,17635,0.62445068359375,-0.00927734375,-0.00390625,0.781005859375,20,0,-1
17637,0,17639,0.07776673883199692,-0.10767702013254166,9.854840278625488,17638,0.62445068359375,-0.00927734375,-0.00390625,0.781005859375,20,1,0
17639,0,17639,0.07896314561367035,-0.10767702013254166,9.854840278625488,17638,0.62445068359375,-0.00927734375,-0.00390625,0.781005859375,20,1,-1
17639,0,17639,0.07896314561367035,-0.10767702013254166,9.854840278625488,17638,0.62445068359375,-0.00927734375,-0.00390625,0.781005859375,20,0,-1
17640,0,17640,0.07776673883199692,-0.10767702013254166,9.854840278625488,17638,0.62445068359375,-0.00927734375,-0.00390625,0.781005859375,20,1,-1
17640,0,17640,0.07776673883199692,-0.10767702013254166,9.854840278625488,17638,0.62445068359375,-0.00927734375,-0.00390625,0.781005859375,20,0,-1
17641,0,17642,0.07896314561367035,-0.10767702013254166,9.854840278625488,17642,0.62445068359375,-0.00927734375,-0.00390625,0.781005859375,20,1,0
17642,0,17643,0.07776673883199692,-0.10767702013254166,9.854840278625488,17643,0.62445068359375,-0.00927734375,-0.00390625,0.781005859375,20,1,0
17643,0,17644,0.07776673883199692,-0.10767702013254166,9.853643417358398,17643,0.62445068359375,-0.00927734375,-0.00390625,0.781005859375,20,1,-1
17644,0,17644,0.07776673883199692,-0.10767702013254166,9.853643417358398,17643,0.62445068359375,-0.00927734375,-0.00390625,0.781005859375,20,0,-1
17644,0,17644,0.07776673883199692,-0.10767702013254166,9.853643417358398,17643,0.62445068359375,-0.00927734375,-0.00390625,0.781005859375,20,0,-1
17645,0,17645,0.07896314561367035,-0.10767702013254166,9.854840278625488,17643,0.62445068359375,-0.00927734375,-0.00390625,0.781005859375,20,1,-1
17645,0,17647,0.07896314561367035,-0.10887342691421509,9.854840278625488,17646,0.62445068359375,-0.00927734375,-0.00390625,0.781005859375,20,1,0
17647,0,17647,0.07896314561367035,-0.10887342691421509,9.854840278625488,17646,0.62445068359375,-0.00927734375,-0.00390625,0.781005859375,20,0,-1
17647,0,17648,0.07776673883199692,-0.10767702013254166,9.854840278625488,17646,0.62445068359375,-0.00927734375,-0.00390625,0.781005859375,19,1,-1
17648,0,17648,0.07776673883199692,-0.10767702013254166,9.854840278625488,17646,0.62445068359375,-0.00927734375,-0.00390625,0.781005859375,19,0,-1
17648,0,17649,0.07896314561367035,-0.10767702013254166,9.854840278625488,17649,0.62445068359375,-0.00927734375,-0.00390625,0.781005859375,19,1,0
17649,0,17650,0.07776673883199692,-0.10767702013254166,9.854840278625488,17649,0.62445068359375,-0.00927734375,-0.00390625,0.781005859375,19,1,-1
17650,0,17650,0.07776673883199692,-0.10767702013254166,9.854840278625488,17649,0.62445068359375,-0.00927734375,-0.00390625,0.781005859375,19,0,-1
17650,0,17651,0.07776673883199692,-0.10767702013254166,9.854840278625488,17649,0.62445068359375,-0.00927734375,-0.00390625,0.781005859375,19,1,-1
17651,0,17652,0.07776673883199692,-0.10767702013254166,9.854840278625488,17652,0.62445068359375,-0.00927734375,-0.00390625,0.781005859375,19,1,0
17652,0,17652,0.07776673883199692,-0.10767702013254166,9.854840278625488,17652,0.62445068359375,-0.00927734375,-0.00390625,0.781005859375,19,0,-1
17653,0,17653,0.07776673883199692,-0.10767702013254166,9.854840278625488,17652,0.62445068359375,-0.00927734375,-0.00390625,0.781005859375,19,1,-1
17653,0,17655,0.07776673883199692,-0.10767702013254166,9.854840278625488,17654,0.62445068359375,-0.00927734375,-0.00390625,0.781005859375,19,1,0
17655,0,17655,0.07776673883199692,-0.10767702013254166,9.854840278625488,17654,0.62445068359375,-0.00927734375,-0.00390625,0.781005859375,19,0,-1
17655,0,17655,0.07896314561367035,-0.10767702013254166,9.856036186218262,17654,0.62445068359375,-0.00927734375,-0.00390625,0.781005859375,19,1,-1
17655,0,17657,0.07896314561367035,-0.10767702013254166,9.854840278625488,17656,0.62445068359375,-0.00927734375,-0.00396728515625,0.781005859375,19,1,0
17657,0,17657,0.07896314561367035,-0.10767702013254166,9.854840278625488,17656,0.62445068359375,-0.00927734375,-0.00396728515625,0.781005859375,19,0,-1
17657,0,17657,0.07896314561367035,-0.10767702013254166,9.854840278625488,17656,0.62445068359375,-0.00927734375,-0.00396728515625,0.781005859375,19,0,-1
17657,0,17658,0.07896314561367035,-0.10767702013254166,9.854840278625488,17656,0.62445068359375,-0.00927734375,-0.00396728515625,0.781005859375,19,1,-1
17658,0,17658,0.07896314561367035,-0.10767702013254166,9.854840278625488,17656,0.62445068359375,-0.00927734375,-0.00396728515625,0.781005859375,19,0,-1
17658,0,17659,0.07896314561367035,-0.10767702013254166,9.854840278625488,17656,0.62445068359375,-0.00927734375,-0.00396728515625,0.781005859375,19,1,-1
17659,0,17660,0.07896314561367035,-0.10767702013254166,9.854840278625488,17660,0.62445068359375,-0.00927734375,-0.00396728515625,0.781005859375,19,1,0
17660,0,17660,0.07896314561367035,-0.10767702013254166,9.854840278625488,17660,0.62445068359375,-0.00927734375,-0.00396728515625,0.781005859375,19,0,-1
17661,0,17660,0.07896314561367035,-0.10767702013254166,9.854840278625488,17660,0.62445068359375,-0.00927734375,-0.00396728515625,0.781005859375,19,0,-1
17661,0,17662,0.07896314561367035,-0.10767702013254166,9.854840278625488,17660,0.62445068359375,-0.00927734375,-0.00396728515625,0.781005859375,19,1,-1
17662,0,17663,0.07896314561367035,-0.10767702013254166,9.854840278625488,17662,0.62445068359375,-0.00927734375,-0.00396728515625,0.781005859375,19,1,0
17663,0,17663,0.07896314561367035,-0.10767702013254166,9.854840278625488,17662,0.62445068359375,-0.00927734375,-0.00396728515625,0.781005859375,19,0,-1
17663,0,17664,0.07896314561367035,-0.10767702013254166,9.854840278625488,17662,0.62445068359375,-0.00927734375,-0.00396728515625,0.781005859375,19,1,-1
17664,0,17665,0.07896314561367035,-0.10767702013254166,9.854840278625488,17665,0.62445068359375,-0.00927734375,-0.00390625,0.781005859375,19,1,0
17665,0,17665,0.07896314561367035,-0.10767702013254166,9.854840278625488,17665,0.62445068359375,-0.00927734375,-0.00390625,0.781005859375,19,0,-1
17666,0,17666,0.07896314561367035,-0.10648060590028763,9.854840278625488,17665,0.62445068359375,-0.00927734375,-0.00390625,0.781005859375,19,1,-1
17666,0,17666,0.07896314561367035,-0.10648060590028763,9.854840278625488,17665,0.62445068359375,-0.00927734375,-0.00390625,0.781005859375,19,0,-1
17666,0,17666,0.07896314561367035,-0.10648060590028763,9.854840278625488,17665,0.62445068359375,-0.00927734375,-0.00390625,0.781005859375,19,0,-1
17667,0,17667,0.07896314561367035,-0.10767702013254166,9.854840278625488,17665,0.62445068359375,-0.00927734375,-0.00390625,0.781005859375,19,1,-1
17667,0,17667,0.07896314561367035,-0.10767702013254166,9.854840278625488,17665,0.62445068359375,-0.00927734375,-0.00390625,0.781005859375,19,0,-1
17668,0,17669,0.07896314561367035,-0.10767702013254166,9.853643417358398,17669,0.62445068359375,-0.00927734375,-0.00390625,0.781005859375,19,1,0
17669,0,17670,0.07896314561367035,-0.10767702013254166,9.853643417358398,17669,0.62445068359375,-0.00927734375,-0.00390625,0.781005859375,19,1,-1
17670,0,17671,0.07896314561367035,-0.10767702013254166,9.853643417358398,17671,0.62445068359375,-0.00927734375,-0.00390625,0.781005859375,19,1,0
17671,0,17671,0.07896314561367035,-0.10767702013254166,9.853643417358398,17671,0.62445068359375,-0.00927734375,-0.00390625,0.781005859375,19,0,-1
17671,0,17672,0.07896314561367035,-0.10648060590028763,9.853643417358398,17671,0.62445068359375,-0.00927734375,-0.00390625,0.781005859375,19,1,-1
17672,0,17672,0.07896314561367035,-0.10648060590028763,9.853643417358398,17671,0.62445068359375,-0.00927734375,-0.00390625,0.781005859375,19,0,-1
17672,0,17674,0.07896314561367035,-0.10648060590028763,9.853643417358398,17673,0.62445068359375,-0.00927734375,-0.00390625,0.781005859375,19,1,0
17674,0,17675,0.07896314561367035,-0.10648060590028763,9.853643417358398,17675,0.62445068359375,-0.00927734375,-0.00390625,0.781005859375,19,1,0
17675,0,17676,0.07896314561367035,-0.10648060590028763,9.853643417358398,17675,0.62445068359375,-0.00927734375,-0.00390625,0.781005859375,19,1,-1
17676,0,17676,0.07896314561367035,-0.10648060590028763,9.853643417358398,17675,0.62445068359375,-0.00927734375,-0.00390625,0.781005859375,19,0,-1
17676,0,17677,0.07896314561367035,-0.10648060590028763,9.853643417358398,17675,0.62445068359375,-0.00927734375,-0.00390625,0.781005859375,19,1,-1
17677,0,17678,0.07776673883199692,-0.10648060590028763,9.853643417358398,17678,0.62445068359375,-0.00927734375,-0.00390625,0.781005859375,19,1,0
17678,0,17678,0.07776673883199692,-0.10648060590028763,9.853643417358398,17678,0.62445068359375,-0.00927734375,-0.00390625,0.781005859375,19,0,-1
17678,0,17679,0.07896314561367035,-0.10648060590028763,9.853643417358398,17678,0.62445068359375,-0.00927734375,-0.00390625,0.781005859375,19,1,-1
17679,0,17679,0.07896314561367035,-0.10648060590028763,9.853643417358398,17678,0.62445068359375,-0.00927734375,-0.00390625,0.781005859375,19,0,-1
17679,0,17679,0.07896314561367035,-0.10648060590028763,9.853643417358398,17678,0.62445068359375,-0.00927734375,-0.00390625,0.781005859375,19,0,-1
17679,0,17680,0.07896314561367035,-0.10767702013254166,9.853643417358398,17678,0.62445068359375,-0.00927734375,-0.00390625,0.781005859375,19,1,-1
17680,0,17681,0.07896314561367035,-0.10767702013254166,9.853643417358398,17681,0.62445068359375,-0.00927734375,-0.00390625,0.781005859375,19,1,0
17681,0,17683,0.07896314561367035,-0.10767702013254166,9.854840278625488,17682,0.62445068359375,-0.00927734375,-0.00390625,0.781005859375,19,1,0
17683,0,17684,0.07896314561367035,-0.10767702013254166,9.854840278625488,17682,0.62445068359375,-0.00927734375,-0.00390625,0.781005859375,19,1,-1
17684,0,17684,0.07896314561367035,-0.10767702013254166,9.854840278625488,17682,0.62445068359375,-0.00927734375,-0.00390625,0.781005859375,19,0,-1
17684,0,17684,0.07896314561367035,-0.10767702013254166,9.854840278625488,17682,0.62445068359375,-0.00927734375,-0.00390625,0.781005859375,19,0,-1
17684,0,17685,0.07776673883199692,-0.10767702013254166,9.854840278625488,17682,0.62445068359375,-0.00927734375,-0.00390625,0.781005859375,19,1,-1
17685,0,17686,0.07896314561367035,-0.10767702013254166,9.853643417358398,17686,0.62445068359375,-0.00927734375,-0.00390625,0.781005859375,19,1,0
17686,0,17686,0.07896314561367035,-0.10767702013254166,9.853643417358398,17686,0.62445068359375,-0.00927734375,-0.00390625,0.781005859375,19,0,-1
17686,0,17687,0.07776673883199692,-0.10767702013254166,9.853643417358398,17686,0.62445068359375,-0.00927734375,-0.00390625,0.781005859375,19,1,-1
17687,0,17687,0.07776673883199692,-0.10767702013254166,9.853643417358398,17686,0.62445068359375,-0.00927734375,-0.00390625,0.781005859375,19,0,-1
17687,0,17687,0.07776673883199692,-0.10767702013254166,9.853643417358398,17686,0.62445068359375,-0.00927734375,-0.00390625,0.781005859375,19,0,-1
17688,0,17688,0.07896314561367035,-0.10767702013254166,9.853643417358398,17686,0.62445068359375,-0.00927734375,-0.00390625,0.781005859375,19,1,-1
17688,0,17690,0.07896314561367035,-0.10767702013254166,9.853643417358398,17689,0.62445068359375,-0.00927734375,-0.00390625,0.781005859375,19,1,0
17690,0,17690,0.07896314561367035,-0.10767702013254166,9.853643417358398,17689,0.62445068359375,-0.00927734375,-0.00390625,0.781005859375,19,0,-1
17690,0,17691,0.07896314561367035,-0.10767702013254166,9.854840278625488,17689,0.62445068359375,-0.00927734375,-0.00390625,0.781005859375,19,1,-1
17691,0,17692,0.07896314561367035,-0.10767702013254166,9.854840278625488,17691,0.62445068359375,-0.00927734375,-0.00390625,0.781005859375,19,1,0
17692,0,17692,0.07896314561367035,-0.10767702013254166,9.854840278625488,17691,0.62445068359375,-0.00927734375,-0.00390625,0.781005859375,19,0,-1
17692,0,17693,0.07896314561367035,-0.10648060590028763,9.854840278625488,17691,0.62445068359375,-0.00927734375,-0.00390625,0.781005859375,19,1,-1
17693,0,17693,0.07896314561367035,-0.10648060590028763,9.854840278625488,17691,0.62445068359375,-0.00927734375,-0.00390625,0.781005859375,19,0,-1
17693,0,17693,0.07896314561367035,-0.10648060590028763,9.854840278625488,17691,0.62445068359375,-0.00927734375,-0.00390625,0.781005859375,19,0,-1
17693,0,17694,0.07896314561367035,-0.10648060590028763,9.854840278625488,17691,0.62445068359375,-0.00927734375,-0.00390625,0.781005859375,19,1,-1
17694,0,17695,0.07896314561367035,-0.10648060590028763,9.854840278625488,17695,0.62445068359375,-0.00927734375,-0.00390625,0.781005859375,19,1,0
17695,0,17695,0.07896314561367035,-0.10648060590028763,9.854840278625488,17695,0.62445068359375,-0.00927734375,-0.00390625,0.781005859375,19,0,-1
17696,0,17696,0.07896314561367035,-0.10648060590028763,9.854840278625488,17695,0.62445068359375,-0.00927734375,-0.00390625,0.781005859375,19,1,-1
17696,0,17698,0.07896314561367035,-0.10648060590028763,9.854840278625488,17697,0.62445068359375,-0.00927734375,-0.00390625,0.781005859375,19,1,0
17698,0,17698,0.07896314561367035,-0.10648060590028763,9.854840278625488,17697,0.62445068359375,-0.00927734375,-0.00390625,0.781005859375,19,0,-1
17698,0,17699,0.07896314561367035,-0.10648060590028763,9.854840278625488,17699,0.62445068359375,-0.00927734375,-0.00390625,0.781005859375,19,1,0
17699,0,17700,0.07896314561367035,-0.10648060590028763,9.854840278625488,17699,0.62445068359375,-0.00927734375,-0.00390625,0.781005859375,19,1,-1
17700,0,17700,0.07896314561367035,-0.10648060590028763,9.854840278625488,17699,0.62445068359375,-0.00927734375,-0.00390625,0.781005859375,19,0,-1
17700,0,17702,0.07896314561367035,-0.10648060590028763,9.854840278625488,17701,0.62445068359375,-0.00927734375,-0.00390625,0.781005859375,19,1,0
17702,0,17702,0.07896314561367035,-0.10648060590028763,9.854840278625488,17701,0.62445068359375,-0.00927734375,-0.00390625,0.781005859375,19,1,-1
17702,0,17702,0.07896314561367035,-0.10648060590028763,9.854840278625488,17701,0.62445068359375,-0.00927734375,-0.00390625,0.781005859375,19,0,-1
17703,0,17703,0.07896314561367035,-0.10648060590028763,9.854840278625488,17701,0.62445068359375,-0.00927734375,-0.00390625,0.781005859375,19,1,-1
17703,0,17705,0.07896314561367035,-0.1052841916680336,9.854840278625488,17704,0.62445068359375,-0.00927734375,-0.00390625,0.781005859375,19,1,0
17705,0,17705,0.07896314561367035,-0.1052841916680336,9.854840278625488,17704,0.62445068359375,-0.00927734375,-0.00390625,0.781005859375,19,0,-1
17705,0,17706,0.08015955239534378,-0.10648060590028763,9.854840278625488,17704,0.62445068359375,-0.00927734375,-0.00390625,0.781005859375,19,1,-1
17706,0,17706,0.08015955239534378,-0.10648060590028763,9.854840278625488,17704,0.62445068359375,-0.00927734375,-0.00390625,0.781005859375,19,0,-1
17706,0,17706,0.08015955239534378,-0.10648060590028763,9.854840278625488,17704,0.62445068359375,-0.00927734375,-0.00390625,0.781005859375,19,0,-1
17706,0,17707,0.07896314561367035,-0.10648060590028763,9.854840278625488,17704,0.62445068359375,-0.00927734375,-0.00390625,0.781005859375,19,1,-1
17707,0,17707,0.07896314561367035,-0.10648060590028763,9.854840278625488,17704,0.62445068359375,-0.00927734375,-0.00390625,0.781005859375,19,0,-1
17707,0,17707,0.07896314561367035,-0.10648060590028763,9.854840278625488,17704,0.62445068359375,-0.00927734375,-0.00390625,0.781005859375,19,0,-1
17707,0,17709,0.07896314561367035,-0.1052841916680336,9.854840278625488,17708,0.62445068359375,-0.00927734375,-0.00390625,0.781005859375,19,1,0
17709,0,17710,0.07896314561367035,-0.10648060590028763,9.854840278625488,17710,0.62445068359375,-0.00927734375,-0.00390625,0.781005859375,19,1,0
17710,0,17710,0.07896314561367035,-0.10648060590028763,9.854840278625488,17710,0.62445068359375,-0.00927734375,-0.00390625,0.781005859375,19,0,-1
17710,0,17710,0.07896314561367035,-0.10648060590028763,9.854840278625488,17710,0.62445068359375,-0.00927734375,-0.00390625,0.781005859375,19,0,-1
17711,0,17710,0.07896314561367035,-0.10648060590028763,9.854840278625488,17710,0.62445068359375,-0.00927734375,-0.00390625,0.781005859375,19,0,-1
17711,0,17712,0.07896314561367035,-0.10648060590028763,9.854840278625488,17710,0.62445068359375,-0.00927734375,-0.00390625,0.781005859375,19,1,-1
17712,0,17712,0.07896314561367035,-0.10648060590028763,9.854840278625488,17710,0.62445068359375,-0.00927734375,-0.00390625,0.781005859375,19,0,-1
17712,0,17713,0.07896314561367035,-0.10648060590028763,9.854840278625488,17713,0.62445068359375,-0.00927734375,-0.00390625,0.781005859375,19,1,0
17713,0,17714,0.08015955239534378,-0.10648060590028763,9.853643417358398,17713,0.62445068359375,-0.00927734375,-0.00390625,0.781005859375,19,1,-1
17714,0,17714,0.08015955239534378,-0.10648060590028763,9.853643417358398,17713,0.62445068359375,-0.00927734375,-0.00390625,0.781005859375,19,0,-1
17714,0,17714,0.08015955239534378,-0.10648060590028763,9.853643417358398,17713,0.62445068359375,-0.00927734375,-0.00390625,0.781005859375,19,0,-1
17715,0,17715,0.07896314561367035,-0.10648060590028763,9.854840278625488,17713,0.62445068359375,-0.00927734375,-0.00390625,0.781005859375,19,1,-1
17715,0,17717,0.07896314561367035,-0.10648060590028763,9.854840278625488,17716,0.62445068359375,-0.00927734375,-0.00390625,0.781005859375,19,1,0
17717,0,17717,0.07896314561367035,-0.10648060590028763,9.854840278625488,17716,0.62445068359375,-0.00927734375,-0.00390625,0.781005859375,19,0,-1
17717,0,17718,0.07896314561367035,-0.10648060590028763,9.853643417358398,17718,0.62445068359375,-0.00927734375,-0.00390625,0.781005859375,19,1,0
17718,0,17719,0.07896314561367035,-0.10648060590028763,9.853643417358398,17718,0.62445068359375,-0.00927734375,-0.00390625,0.781005859375,19,1,-1
17719,0,17719,0.07896314561367035,-0.10648060590028763,9.853643417358398,17718,0.62445068359375,-0.00927734375,-0.00390625,0.781005859375,19,0,-1
17719,0,17720,0.07896314561367035,-0.1052841916680336,9.853643417358398,17718,0.62445068359375,-0.00927734375,-0.00390625,0.781005859375,19,1,-1
17720,0,17721,0.07896314561367035,-0.10648060590028763,9.853643417358398,17721,0.62445068359375,-0.00927734375,-0.00390625,0.781005859375,19,1,0
17721,0,17721,0.07896314561367035,-0.10648060590028763,9.853643417358398,17721,0.62445068359375,-0.00927734375,-0.00390625,0.781005859375,19,0,-1
17721,0,17722,0.07896314561367035,-0.1052841916680336,9.853643417358398,17721,0.62445068359375,-0.00927734375,-0.00390625,0.781005859375,19,1,-1
17722,0,17722,0.07896314561367035,-0.1052841916680336,9.853643417358398,17721,0.62445068359375,-0.00927734375,-0.00390625,0.781005859375,19,0,-1
17722,0,17722,0.07896314561367035,-0.1052841916680336,9.853643417358398,17721,0.62445068359375,-0.00927734375,-0.00390625,0.781005859375,19,0,-1
17723,0,17724,0.07896314561367035,-0.1052841916680336,9.853643417358398,17724,0.62445068359375,-0.00927734375,-0.00390625,0.781005859375,19,1,0
17724,0,17725,0.07896314561367035,-0.1052841916680336,9.853643417358398,17724,0.62445068359375,-0.00927734375,-0.00390625,0.781005859375,19,1,-1
17725,0,17726,0.07776673883199692,-0.1052841916680336,9.853643417358398,17726,0.62445068359375,-0.00927734375,-0.00390625,0.781005859375,19,1,0
17726,0,17727,0.07896314561367035,-0.1052841916680336,9.853643417358398,17726,0.62445068359375,-0.00927734375,-0.00390625,0.781005859375,19,1,-1
17727,0,17727,0.07896314561367035,-0.1052841916680336,9.853643417358398,17726,0.62445068359375,-0.00927734375,-0.00390625,0.781005859375,19,0,-1
17727,0,17727,0.07896314561367035,-0.1052841916680336,9.853643417358398,17726,0.62445068359375,-0.00927734375,-0.00390625,0.781005859375,19,0,-1
17727,0,17728,0.07896314561367035,-0.1052841916680336,9.853643417358398,17726,0.62445068359375,-0.00927734375,-0.00390625,0.781005859375,19,1,-1
17728,0,17729,0.07896314561367035,-0.1052841916680336,9.853643417358398,17729,0.62445068359375,-0.00927734375,-0.00396728515625,0.781005859375,19,1,0
17729,0,17729,0.07896314561367035,-0.1052841916680336,9.853643417358398,17729,0.62445068359375,-0.00927734375,-0.00396728515625,0.781005859375,19,0,-1
17730,0,17730,0.07896314561367035,-0.1052841916680336,9.853643417358398,17729,0.62445068359375,-0.00927734375,-0.00396728515625,0.781005859375,19,1,-1
17730,0,17732,0.07896314561367035,-0.1052841916680336,9.854840278625488,17731,0.62445068359375,-0.00927734375,-0.00390625,0.781005859375,19,1,0
17732,0,17732,0.07896314561367035,-0.1052841916680336,9.854840278625488,17731,0.62445068359375,-0.00927734375,-0.00390625,0.781005859375,19,0,-1
17732,0,17733,0.07896314561367035,-0.1052841916680336,9.854840278625488,17731,0.62445068359375,-0.00927734375,-0.00390625,0.781005859375,19,1,-1
17733,0,17733,0.07896314561367035,-0.1052841916680336,9.854840278625488,17731,0.62445068359375,-0.00927734375,-0.00390625,0.781005859375,19,0,-1
17733,0,17733,0.07896314561367035,-0.1052841916680336,9.854840278625488,17731,0.62445068359375,-0.00927734375,-0.00390625,0.781005859375,19,0,-1
17733,0,17734,0.07896314561367035,-0.1052841916680336,9.854840278625488,17731,0.62445068359375,-0.00927734375,-0.00390625,0.781005859375,19,1,-1
17734,0,17735,0.07896314561367035,-0.1052841916680336,9.853643417358398,17735,0.62445068359375,-0.00927734375,-0.00390625,0.781005859375,19,1,0
17735,0,17736,0.07896314561367035,-0.10408778488636017,9.853643417358398,17735,0.62445068359375,-0.00927734375,-0.00390625,0.781005859375,19,1,-1
17736,0,17738,0.07896314561367035,-0.10408778488636017,9.853643417358398,17737,0.62445068359375,-0.00927734375,-0.00390625,0.781005859375,19,1,0
17738,0,17739,0.07896314561367035,-0.1052841916680336,9.853643417358398,17737,0.62445068359375,-0.00927734375,-0.00390625,0.781005859375,19,1,-1
17739,0,17739,0.07896314561367035,-0.1052841916680336,9.853643417358398,17737,0.62445068359375,-0.00927734375,-0.00390625,0.781005859375,19,0,-1
17739,0,17740,0.07896314561367035,-0.1052841916680336,9.853643417358398,17740,0.62445068359375,-0.00927734375,-0.00390625,0.781005859375,19,1,0
17740,0,17741,0.07896314561367035,-0.1052841916680336,9.853643417358398,17740,0.62445068359375,-0.00927734375,-0.00390625,0.781005859375,19,1,-1
17741,0,17741,0.07896314561367035,-0.1052841916680336,9.853643417358398,17740,0.62445068359375,-0.00927734375,-0.00390625,0.781005859375,19,0,-1
17741,0,17742,0.07896314561367035,-0.1052841916680336,9.853643417358398,17740,0.62445068359375,-0.00927734375,-0.00390625,0.781005859375,19,1,-1
17742,0,17743,0.07896314561367035,-0.1052841916680336,9.853643417358398,17743,0.62445068359375,-0.00927734375,-0.00390625,0.781005859375,19,1,0
17743,0,17743,0.07896314561367035,-0.1052841916680336,9.853643417358398,17743,0.62445068359375,-0.00927734375,-0.00390625,0.781005859375,19,0,-1
17744,0,17745,0.07896314561367035,-0.1052841916680336,9.854840278625488,17745,0.62445068359375,-0.00927734375,-0.00390625,0.781005859375,19,1,0
17745,0,17745,0.07896314561367035,-0.1052841916680336,9.854840278625488,17745,0.62445068359375,-0.00927734375,-0.00390625,0.781005859375,19,0,-1
17745,0,17745,0.07896314561367035,-0.1052841916680336,9.854840278625488,17745,0.62445068359375,-0.00927734375,-0.00390625,0.781005859375,19,0,-1
17746,0,17745,0.07896314561367035,-0.1052841916680336,9.854840278625488,17745,0.62445068359375,-0.00927734375,-0.00390625,0.781005859375,19,0,-1
17746,0,17747,0.07896314561367035,-0.1052841916680336,9.854840278625488,17745,0.62445068359375,-0.00927734375,-0.00390625,0.781005859375,19,1,-1
17747,0,17747,0.07896314561367035,-0.1052841916680336,9.854840278625488,17745,0.62445068359375,-0.00927734375,-0.00390625,0.781005859375,19,0,-1
17747,0,17748,0.07896314561367035,-0.1052841916680336,9.854840278625488,17748,0.62445068359375,-0.00927734375,-0.00390625,0.781005859375,19,1,0
17748,0,17749,0.07896314561367035,-0.1052841916680336,9.854840278625488,17748,0.62445068359375,-0.00927734375,-0.00390625,0.781005859375,19,1,-1
17749,0,17749,0.07896314561367035,-0.1052841916680336,9.854840278625488,17748,0.62445068359375,-0.00927734375,-0.00390625,0.781005859375,19,0,-1
17749,0,17749,0.07896314561367035,-0.1052841916680336,9.854840278625488,17748,0.62445068359375,-0.00927734375,-0.00390625,0.781005859375,19,0,-1
17750,0,17750,0.07896314561367035,-0.1052841916680336,9.854840278625488,17748,0.62445068359375,-0.00927734375,-0.00390625,0.781005859375,19,1,-1
17750,0,17752,0.07896314561367035,-0.1052841916680336,9.854840278625488,17751,0.62445068359375,-0.00927734375,-0.00390625,0.781005859375,19,1,0
17752,0,17752,0.07896314561367035,-0.1052841916680336,9.854840278625488,17751,0.62445068359375,-0.00927734375,-0.00390625,0.781005859375,19,0,-1
17752,0,17753,0.07896314561367035,-0.1052841916680336,9.854840278625488,17753,0.62445068359375,-0.00927734375,-0.00390625,0.781005859375,19,1,0
17753,0,17753,0.07896314561367035,-0.1052841916680336,9.854840278625488,17753,0.62445068359375,-0.00927734375,-0.00390625,0.781005859375,19,0,-1
17754,0,17753,0.07896314561367035,-0.1052841916680336,9.854840278625488,17753,0.62445068359375,-0.00927734375,-0.00390625,0.781005859375,19,0,-1
17754,0,17753,0.07896314561367035,-0.1052841916680336,9.854840278625488,17753,0.62445068359375,-0.00927734375,-0.00390625,0.781005859375,19,0,-1
17754,0,17755,0.07896314561367035,-0.10648060590028763,9.856036186218262,17753,0.62445068359375,-0.00927734375,-0.00390625,0.781005859375,19,1,-1
17755,0,17756,0.07896314561367035,-0.1052841916680336,9.856036186218262,17756,0.62445068359375,-0.00927734375,-0.00390625,0.781005859375,19,1,0
17756,0,17758,0.07896314561367035,-0.10648060590028763,9.856036186218262,17757,0.62445068359375,-0.00933837890625,-0.00390625,0.781005859375,19,1,0
17758,0,17758,0.08015955239534378,-0.10648060590028763,9.856036186218262,17757,0.62445068359375,-0.00933837890625,-0.00390625,0.781005859375,19,1,-1
17758,0,17758,0.08015955239534378,-0.10648060590028763,9.856036186218262,17757,0.62445068359375,-0.00933837890625,-0.00390625,0.781005859375,19,0,-1
17759,0,17758,0.08015955239534378,-0.10648060590028763,9.856036186218262,17757,0.62445068359375,-0.00933837890625,-0.00390625,0.781005859375,19,0,-1
17759,0,17759,0.08015955239534378,-0.10648060590028763,9.856036186218262,17757,0.62445068359375,-0.00933837890625,-0.00390625,0.781005859375,19,1,-1
17759,0,17761,0.08015955239534378,-0.10648060590028763,9.856036186218262,17760,0.62445068359375,-0.00927734375,-0.00390625,0.781005859375,19,1,0
17761,0,17761,0.08015955239534378,-0.10648060590028763,9.856036186218262,17760,0.62445068359375,-0.00927734375,-0.00390625,0.781005859375,19,0,-1
17761,0,17762,0.08015955239534378,-0.10648060590028763,9.856036186218262,17760,0.62445068359375,-0.00927734375,-0.00390625,0.781005859375,19,1,-1
17762,0,17762,0.08015955239534378,-0.10648060590028763,9.856036186218262,17760,0.62445068359375,-0.00927734375,-0.00390625,0.781005859375,19,0,-1
17762,0,17762,0.08015955239534378,-0.10648060590028763,9.856036186218262,17760,0.62445068359375,-0.00927734375,-0.00390625,0.781005859375,19,0,-1
17762,0,17764,0.08015955239534378,-0.10648060590028763,9.854840278625488,17763,0.62445068359375,-0.00927734375,-0.00390625,0.781005859375,19,1,0
17764,0,17764,0.08015955239534378,-0.10648060590028763,9.856036186218262,17763,0.62445068359375,-0.00927734375,-0.00390625,0.781005859375,19,1,-1
17764,0,17764,0.08015955239534378,-0.10648060590028763,9.856036186218262,17763,0.62445068359375,-0.00927734375,-0.00390625,0.781005859375,19,0,-1
17765,0,17766,0.07896314561367035,-0.10648060590028763,9.856036186218262,17766,0.62445068359375,-0.00927734375,-0.00390625,0.781005859375,19,1,0
17766,0,17767,0.07896314561367035,-0.1052841916680336,9.856036186218262,17766,0.62445068359375,-0.00927734375,-0.00390625,0.781005859375,19,1,-1
17767,0,17767,0.07896314561367035,-0.1052841916680336,9.856036186218262,17766,0.62445068359375,-0.00927734375,-0.00390625,0.781005859375,19,0,-1
17767,0,17768,0.07896314561367035,-0.10648060590028763,9.856036186218262,17766,0.62445068359375,-0.00927734375,-0.00390625,0.781005859375,19,1,-1
17768,0,17769,0.07896314561367035,-0.10648060590028763,9.856036186218262,17768,0.62445068359375,-0.00927734375,-0.00390625,0.781005859375,19,1,0
17769,0,17769,0.07896314561367035,-0.10648060590028763,9.856036186218262,17768,0.62445068359375,-0.00927734375,-0.00390625,0.781005859375,19,0,-1
17769,0,17770,0.07896314561367035,-0.10648060590028763,9.856036186218262,17768,0.62445068359375,-0.00927734375,-0.00390625,0.781005859375,19,1,-1
17770,0,17771,0.07896314561367035,-0.1052841916680336,9.856036186218262,17771,0.62445068359375,-0.00933837890625,-0.00390625,0.781005859375,19,1,0
17771,0,17773,0.07896314561367035,-0.10648060590028763,9.856036186218262,17772,0.62445068359375,-0.00933837890625,-0.00390625,0.781005859375,19,1,0
17773,0,17773,0.07896314561367035,-0.10648060590028763,9.856036186218262,17772,0.62445068359375,-0.00933837890625,-0.00390625,0.781005859375,19,1,-1
17773,0,17775,0.07896314561367035,-0.10648060590028763,9.856036186218262,17774,0.62445068359375,-0.00933837890625,-0.00390625,0.781005859375,19,1,0
17775,0,17775,0.07896314561367035,-0.10648060590028763,9.856036186218262,17774,0.62445068359375,-0.00933837890625,-0.00390625,0.781005859375,19,0,-1
17775,0,17776,0.07896314561367035,-0.10648060590028763,9.856036186218262,17774,0.62445068359375,-0.00933837890625,-0.00390625,0.781005859375,19,1,-1
17776,0,17776,0.07896314561367035,-0.10648060590028763,9.856036186218262,17774,0.62445068359375,-0.00933837890625,-0.00390625,0.781005859375,19,0,-1
17776,0,17776,0.07896314561367035,-0.10648060590028763,9.856036186218262,17774,0.62445068359375,-0.00933837890625,-0.00390625,0.781005859375,19,0,-1
17776,0,17777,0.07896314561367035,-0.10648060590028763,9.856036186218262,17774,0.62445068359375,-0.00933837890625,-0.00390625,0.781005859375,19,1,-1
17777,0,17778,0.07896314561367035,-0.10648060590028763,9.857233047485352,17778,0.62445068359375,-0.00933837890625,-0.00390625,0.781005859375,19,1,0
17778,0,17778,0.07896314561367035,-0.10648060590028763,9.857233047485352,17778,0.62445068359375,-0.00933837890625,-0.00390625,0.781005859375,19,0,-1
17779,0,17779,0.07776673883199692,-0.10648060590028763,9.857233047485352,17778,0.62445068359375,-0.00933837890625,-0.00390625,0.781005859375,19,1,-1
17779,0,17781,0.07896314561367035,-0.10648060590028763,9.856036186218262,17780,0.62445068359375,-0.00933837890625,-0.00390625,0.781005859375,19,1,0
17781,0,17781,0.07896314561367035,-0.10648060590028763,9.856036186218262,17780,0.62445068359375,-0.00933837890625,-0.00390625,0.781005859375,19,0,-1
17781,0,17782,0.07776673883199692,-0.10767702013254166,9.856036186218262,17782,0.62445068359375,-0.00933837890625,-0.00390625,0.781005859375,19,1,0
17782,0,17783,0.07776673883199692,-0.10767702013254166,9.856036186218262,17782,0.62445068359375,-0.00933837890625,-0.00390625,0.781005859375,19,1,-1
17783,0,17784,0.07776673883199692,-0.10767702013254166,9.856036186218262,17784,0.62445068359375,-0.00933837890625,-0.00390625,0.781005859375,19,1,0
17784,0,17785,0.07896314561367035,-0.10767702013254166,9.856036186218262,17784,0.62445068359375,-0.00933837890625,-0.00390625,0.781005859375,19,1,-1
17785,0,17785,0.07896314561367035,-0.10767702013254166,9.856036186218262,17784,0.62445068359375,-0.00933837890625,-0.00390625,0.781005859375,19,0,-1
17785,0,17785,0.07896314561367035,-0.10767702013254166,9.856036186218262,17784,0.62445068359375,-0.00933837890625,-0.00390625,0.781005859375,19,0,-1
17786,0,17786,0.07776673883199692,-0.10767702013254166,9.856036186218262,17784,0.62445068359375,-0.00933837890625,-0.00390625,0.781005859375,19,1,-1
17786,0,17788,0.07776673883199692,-0.10767702013254166,9.856036186218262,17787,0.62445068359375,-0.00933837890625,-0.00390625,0.781005859375,19,1,0
17788,0,17788,0.07776673883199692,-0.10767702013254166,9.856036186218262,17787,0.62445068359375,-0.00933837890625,-0.00390625,0.781005859375,19,0,-1
17788,0,17788,0.07776673883199692,-0.10767702013254166,9.856036186218262,17787,0.62445068359375,-0.00933837890625,-0.00390625,0.781005859375,19,1,-1
17788,0,17788,0.07776673883199692,-0.10767702013254166,9.856036186218262,17787,0.62445068359375,-0.00933837890625,-0.00390625,0.781005859375,19,0,-1
17789,0,17788,0.07776673883199692,-0.10767702013254166,9.856036186218262,17787,0.62445068359375,-0.00933837890625,-0.00390625,0.781005859375,19,0,-1
17789,0,17790,0.07896314561367035,-0.10767702013254166,9.856036186218262,17787,0.62445068359375,-0.00933837890625,-0.00390625,0.781005859375,19,1,-1
17790,0,17791,0.07776673883199692,-0.10767702013254166,9.856036186218262,17791,0.62445068359375,-0.00933837890625,-0.00390625,0.781005859375,19,1,0
17791,0,17793,0.07776673883199692,-0.10767702013254166,9.856036186218262,17792,0.62445068359375,-0.00933837890625,-0.00390625,0.781005859375,19,1,0
17793,0,17793,0.07776673883199692,-0.10648060590028763,9.856036186218262,17792,0.62445068359375,-0.00933837890625,-0.00390625,0.781005859375,19,1,-1
17793,0,17793,0.07776673883199692,-0.10648060590028763,9.856036186218262,17792,0.62445068359375,-0.00933837890625,-0.00390625,0.781005859375,19,0,-1
17793,0,17795,0.07776673883199692,-0.10648060590028763,9.856036186218262,17795,0.62445068359375,-0.00933837890625,-0.00390625,0.781005859375,19,1,0
17795,0,17796,0.07776673883199692,-0.10648060590028763,9.856036186218262,17795,0.62445068359375,-0.00933837890625,-0.00390625,0.781005859375,19,1,-1
17796,0,17796,0.07776673883199692,-0.10648060590028763,9.856036186218262,17795,0.62445068359375,-0.00933837890625,-0.00390625,0.781005859375,19,0,-1
17796,0,17797,0.07776673883199692,-0.10648060590028763,9.856036186218262,17795,0.62445068359375,-0.00933837890625,-0.00390625,0.781005859375,19,1,-1
17797,0,17798,0.07776673883199692,-0.10648060590028763,9.856036186218262,17798,0.62445068359375,-0.00933837890625,-0.00390625,0.781005859375,19,1,0
17798,0,17800,0.07776673883199692,-0.10767702013254166,9.856036186218262,17799,0.62445068359375,-0.00933837890625,-0.00390625,0.781005859375,19,1,0
17800,0,17800,0.07657032459974289,-0.10767702013254166,9.856036186218262,17799,0.62445068359375,-0.00933837890625,-0.00390625,0.781005859375,19,1,-1
17800,0,17800,0.07657032459974289,-0.10767702013254166,9.856036186218262,17799,0.62445068359375,-0.00933837890625,-0.00390625,0.781005859375,19,0,-1
17800,0,17800,0.07657032459974289,-0.10767702013254166,9.856036186218262,17799,0.62445068359375,-0.00933837890625,-0.00390625,0.781005859375,19,0,-1
17801,0,17802,0.07657032459974289,-0.10767702013254166,9.856036186218262,17802,0.62445068359375,-0.00933837890625,-0.00390625,0.781005859375,19,1,0
17802,0,17803,0.07657032459974289,-0.10767702013254166,9.856036186218262,17802,0.62445068359375,-0.00933837890625,-0.00390625,0.781005859375,19,1,-1
17803,0,17803,0.07657032459974289,-0.10767702013254166,9.856036186218262,17802,0.62445068359375,-0.00933837890625,-0.00390625,0.781005859375,19,0,-1
17803,0,17804,0.07657032459974289,-0.10767702013254166,9.856036186218262,17802,0.62445068359375,-0.00933837890625,-0.00390625,0.781005859375,19,1,-1
17804,0,17805,0.07657032459974289,-0.10767702013254166,9.856036186218262,17805,0.62445068359375,-0.00933837890625,-0.00390625,0.781005859375,19,1,0
17805,0,17805,0.07657032459974289,-0.10767702013254166,9.856036186218262,17805,0.62445068359375,-0.00933837890625,-0.00390625,0.781005859375,19,0,-1
17805,0,17806,0.07776673883199692,-0.10767702013254166,9.856036186218262,17805,0.62445068359375,-0.00933837890625,-0.00390625,0.781005859375,19,1,-1
17806,0,17808,0.07657032459974289,-0.10767702013254166,9.856036186218262,17807,0.62445068359375,-0.00933837890625,-0.00390625,0.781005859375,19,1,0
17808,0,17808,0.07657032459974289,-0.10767702013254166,9.856036186218262,17807,0.62445068359375,-0.00933837890625,-0.00390625,0.781005859375,19,0,-1
17808,0,17808,0.07657032459974289,-0.10767702013254166,9.856036186218262,17807,0.62445068359375,-0.00933837890625,-0.00390625,0.781005859375,19,1,-1
17808,0,17810,0.07776673883199692,-0.10648060590028763,9.856036186218262,17810,0.62445068359375,-0.00933837890625,-0.00390625,0.781005859375,19,1,0
17810,0,17812,0.07776673883199692,-0.10648060590028763,9.856036186218262,17811,0.62445068359375,-0.00933837890625,-0.00390625,0.781005859375,19,1,0
17812,0,17812,0.07776673883199692,-0.10767702013254166,9.856036186218262,17811,0.62445068359375,-0.00933837890625,-0.00390625,0.781005859375,19,1,-1
17812,0,17812,0.07776673883199692,-0.10767702013254166,9.856036186218262,17811,0.62445068359375,-0.00933837890625,-0.00390625,0.781005859375,19,0,-1
17812,0,17813,0.07776673883199692,-0.10767702013254166,9.856036186218262,17811,0.62445068359375,-0.00933837890625,-0.00390625,0.781005859375,19,1,-1
17813,0,17814,0.07776673883199692,-0.10767702013254166,9.857233047485352,17814,0.62445068359375,-0.00933837890625,-0.00390625,0.781005859375,19,1,0
17814,0,17814,0.07776673883199692,-0.10767702013254166,9.857233047485352,17814,0.62445068359375,-0.00933837890625,-0.00390625,0.781005859375,19,0,-1
17815,0,17815,0.07776673883199692,-0.10767702013254166,9.857233047485352,17814,0.62445068359375,-0.00933837890625,-0.00390625,0.781005859375,19,1,-1
17815,0,17815,0.07776673883199692,-0.10767702013254166,9.857233047485352,17814,0.62445068359375,-0.00933837890625,-0.00390625,0.781005859375,19,0,-1
17816,0,17815,0.07776673883199692,-0.10767702013254166,9.857233047485352,17814,0.62445068359375,-0.00933837890625,-0.00390625,0.781005859375,19,0,-1
17816,0,17817,0.07776673883199692,-0.10767702013254166,9.858428955078125,17814,0.62445068359375,-0.00933837890625,-0.00390625,0.781005859375,19,1,-1
17817,0,17818,0.07776673883199692,-0.10767702013254166,9.858428955078125,17818,0.62445068359375,-0.00933837890625,-0.00390625,0.781005859375,19,1,0
17818,0,17819,0.07776673883199692,-0.10767702013254166,9.858428955078125,17819,0.62445068359375,-0.00933837890625,-0.00390625,0.781005859375,19,1,0
17819,0,17820,0.07776673883199692,-0.10767702013254166,9.858428955078125,17819,0.62445068359375,-0.00933837890625,-0.00390625,0.781005859375,19,1,-1
17820,0,17820,0.07776673883199692,-0.10767702013254166,9.858428955078125,17819,0.62445068359375,-0.00933837890625,-0.00390625,0.781005859375,19,0,-1
17820,0,17822,0.07776673883199692,-0.10767702013254166,9.858428955078125,17821,0.62445068359375,-0.00933837890625,-0.00390625,0.781005859375,19,1,0
17822,0,17822,0.07776673883199692,-0.10767702013254166,9.858428955078125,17821,0.62445068359375,-0.00933837890625,-0.00390625,0.781005859375,19,1,-1
17822,0,17822,0.07776673883199692,-0.10767702013254166,9.858428955078125,17821,0.62445068359375,-0.00933837890625,-0.00390625,0.781005859375,19,0,-1
17823,0,17822,0.07776673883199692,-0.10767702013254166,9.858428955078125,17821,0.62445068359375,-0.00933837890625,-0.00390625,0.781005859375,19,0,-1
17823,0,17824,0.07776673883199692,-0.10648060590028763,9.858428955078125,17821,0.62445068359375,-0.00933837890625,-0.00390625,0.781005859375,19,1,-1
17824,0,17824,0.07776673883199692,-0.10648060590028763,9.858428955078125,17821,0.62445068359375,-0.00933837890625,-0.00390625,0.781005859375,19,0,-1
17824,0,17824,0.07776673883199692,-0.10648060590028763,9.858428955078125,17821,0.62445068359375,-0.00933837890625,-0.00390625,0.781005859375,19,0,-1
17824,0,17825,0.07776673883199692,-0.10648060590028763,9.858428955078125,17821,0.62445068359375,-0.00933837890625,-0.00390625,0.781005859375,19,1,-1
17825,0,17826,0.07657032459974289,-0.10767702013254166,9.858428955078125,17826,0.62445068359375,-0.00933837890625,-0.00390625,0.781005859375,19,1,0
17826,0,17826,0.07657032459974289,-0.10767702013254166,9.858428955078125,17826,0.62445068359375,-0.00933837890625,-0.00390625,0.781005859375,19,0,-1
17826,0,17827,0.07657032459974289,-0.10767702013254166,9.858428955078125,17826,0.62445068359375,-0.00933837890625,-0.00390625,0.781005859375,19,1,-1
17827,0,17828,0.07657032459974289,-0.10767702013254166,9.858428955078125,17828,0.62445068359375,-0.00933837890625,-0.00390625,0.781005859375,19,1,0
17828,0,17828,0.07657032459974289,-0.10767702013254166,9.858428955078125,17828,0.62445068359375,-0.00933837890625,-0.00390625,0.781005859375,19,0,-1
17829,0,17829,0.07776673883199692,-0.10767702013254166,9.858428955078125,17828,0.62445068359375,-0.00933837890625,-0.00390625,0.781005859375,19,1,-1
17829,0,17829,0.07776673883199692,-0.10767702013254166,9.858428955078125,17828,0.62445068359375,-0.00933837890625,-0.00390625,0.781005859375,19,0,-1
17830,0,17829,0.07776673883199692,-0.10767702013254166,9.858428955078125,17828,0.62445068359375,-0.00933837890625,-0.00390625,0.781005859375,19,0,-1
17830,0,17831,0.07776673883199692,-0.10767702013254166,9.857233047485352,17831,0.62445068359375,-0.00933837890625,-0.00390625,0.781005859375,19,1,0
17831,0,17832,0.07776673883199692,-0.10767702013254166,9.857233047485352,17831,0.62445068359375,-0.00933837890625,-0.00390625,0.781005859375,19,1,-1
17832,0,17832,0.07776673883199692,-0.10767702013254166,9.857233047485352,17831,0.62445068359375,-0.00933837890625,-0.00390625,0.781005859375,19,0,-1
17832,0,17834,0.07776673883199692,-0.10767702013254166,9.858428955078125,17833,0.62445068359375,-0.00933837890625,-0.00390625,0.781005859375,19,1,0
17834,0,17835,0.07776673883199692,-0.10887342691421509,9.858428955078125,17835,0.62445068359375,-0.00933837890625,-0.00390625,0.781005859375,19,1,0
17835,0,17835,0.07776673883199692,-0.10887342691421509,9.858428955078125,17835,0.62445068359375,-0.00933837890625,-0.00390625,0.781005859375,19,0,-1
17835,0,17835,0.07776673883199692,-0.10887342691421509,9.858428955078125,17835,0.62445068359375,-0.00933837890625,-0.00390625,0.781005859375,19,0,-1
17836,0,17835,0.07776673883199692,-0.10887342691421509,9.858428955078125,17835,0.62445068359375,-0.00933837890625,-0.00390625,0.781005859375,19,0,-1
17836,0,17837,0.07776673883199692,-0.10887342691421509,9.857233047485352,17835,0.62445068359375,-0.00933837890625,-0.00390625,0.781005859375,19,1,-1
17837,0,17837,0.07776673883199692,-0.10887342691421509,9.857233047485352,17835,0.62445068359375,-0.00933837890625,-0.00390625,0.781005859375,19,0,-1
17837,0,17837,0.07776673883199692,-0.10887342691421509,9.857233047485352,17835,0.62445068359375,-0.00933837890625,-0.00390625,0.781005859375,19,0,-1
17837,0,17838,0.07776673883199692,-0.10767702013254166,9.857233047485352,17835,0.62445068359375,-0.00933837890625,-0.00390625,0.781005859375,19,1,-1
17838,0,17838,0.07776673883199692,-0.10767702013254166,9.857233047485352,17835,0.62445068359375,-0.00933837890625,-0.00390625,0.781005859375,19,0,-1
17838,0,17839,0.07657032459974289,-0.10887342691421509,9.858428955078125,17839,0.62445068359375,-0.00933837890625,-0.00390625,0.781005859375,19,1,0
17839,0,17840,0.07657032459974289,-0.10767702013254166,9.857233047485352,17839,0.62445068359375,-0.00933837890625,-0.00390625,0.781005859375,19,1,-1
17840,0,17840,0.07657032459974289,-0.10767702013254166,9.857233047485352,17839,0.62445068359375,-0.00933837890625,-0.00390625,0.781005859375,19,0,-1
17840,0,17840,0.07657032459974289,-0.10767702013254166,9.857233047485352,17839,0.62445068359375,-0.00933837890625,-0.00390625,0.781005859375,19,0,-1
17841,0,17841,0.07657032459974289,-0.10767702013254166,9.858428955078125,17839,0.62445068359375,-0.00933837890625,-0.00390625,0.781005859375,19,1,-1
17841,0,17843,0.07776673883199692,-0.10887342691421509,9.858428955078125,17842,0.62445068359375,-0.00933837890625,-0.00390625,0.781005859375,19,1,0
17843,0,17843,0.07776673883199692,-0.10887342691421509,9.858428955078125,17842,0.62445068359375,-0.00933837890625,-0.00390625,0.781005859375,19,0,-1
17843,0,17844,0.07776673883199692,-0.10887342691421509,9.857233047485352,17842,0.62445068359375,-0.00933837890625,-0.00390625,0.781005859375,19,1,-1
17844,0,17844,0.07776673883199692,-0.10887342691421509,9.857233047485352,17842,0.62445068359375,-0.00933837890625,-0.00390625,0.781005859375,19,0,-1
17844,0,17844,0.07776673883199692,-0.10887342691421509,9.857233047485352,17842,0.62445068359375,-0.00933837890625,-0.00390625,0.781005859375,19,0,-1
17844,0,17845,0.07776673883199692,-0.10887342691421509,9.858428955078125,17842,0.62445068359375,-0.00933837890625,-0.00390625,0.781005859375,19,1,-1
17845,0,17845,0.07776673883199692,-0.10887342691421509,9.858428955078125,17842,0.62445068359375,-0.00933837890625,-0.00390625,0.781005859375,19,0,-1
17845,0,17846,0.07657032459974289,-0.10887342691421509,9.858428955078125,17846,0.6243896484375,-0.00933837890625,-0.00390625,0.781005859375,19,1,0
17846,0,17847,0.07657032459974289,-0.10767702013254166,9.858428955078125,17846,0.6243896484375,-0.00933837890625,-0.00390625,0.781005859375,19,1,-1
17847,0,17847,0.07657032459974289,-0.10767702013254166,9.858428955078125,17846,0.6243896484375,-0.00933837890625,-0.00390625,0.781005859375,19,0,-1
17847,0,17847,0.07657032459974289,-0.10767702013254166,9.858428955078125,17846,0.6243896484375,-0.00933837890625,-0.00390625,0.781005859375,19,0,-1
17848,0,17849,0.07657032459974289,-0.10887342691421509,9.858428955078125,17848,0.6243896484375,-0.00933837890625,-0.00390625,0.781005859375,19,1,0
17849,0,17849,0.07657032459974289,-0.10887342691421509,9.858428955078125,17848,0.6243896484375,-0.00933837890625,-0.00390625,0.781005859375,19,0,-1
17849,0,17849,0.07657032459974289,-0.10887342691421509,9.858428955078125,17848,0.6243896484375,-0.00933837890625,-0.00390625,0.781005859375,19,0,-1
17850,0,17849,0.07657032459974289,-0.10887342691421509,9.858428955078125,17848,0.6243896484375,-0.00933837890625,-0.00390625,0.781005859375,19,0,-1
17850,0,17850,0.07776673883199692,-0.10767702013254166,9.858428955078125,17848,0.6243896484375,-0.00933837890625,-0.00390625,0.781005859375,19,1,-1
17850,0,17850,0.07776673883199692,-0.10767702013254166,9.858428955078125,17848,0.6243896484375,-0.00933837890625,-0.00390625,0.781005859375,19,0,-1
17851,0,17852,0.07776673883199692,-0.10887342691421509,9.858428955078125,17852,0.6243896484375,-0.00933837890625,-0.00390625,0.781005859375,19,1,0
17852,0,17853,0.07776673883199692,-0.10767702013254166,9.857233047485352,17852,0.6243896484375,-0.00933837890625,-0.00390625,0.781005859375,19,1,-1
17853,0,17853,0.07776673883199692,-0.10767702013254166,9.857233047485352,17852,0.6243896484375,-0.00933837890625,-0.00390625,0.781005859375,19,0,-1
17853,0,17854,0.07776673883199692,-0.10767702013254166,9.857233047485352,17854,0.6243896484375,-0.00933837890625,-0.00390625,0.781005859375,19,1,0
17854,0,17855,0.07776673883199692,-0.10767702013254166,9.857233047485352,17854,0.6243896484375,-0.00933837890625,-0.00390625,0.781005859375,19,1,-1
17855,0,17857,0.07776673883199692,-0.10767702013254166,9.857233047485352,17856,0.6243896484375,-0.00933837890625,-0.00390625,0.781005859375,19,1,0
17857,0,17857,0.07776673883199692,-0.10767702013254166,9.857233047485352,17856,0.6243896484375,-0.00933837890625,-0.00390625,0.781005859375,19,0,-1
17857,0,17857,0.07776673883199692,-0.10767702013254166,9.857233047485352,17856,0.6243896484375,-0.00933837890625,-0.00390625,0.781005859375,19,1,-1
17857,0,17857,0.07776673883199692,-0.10767702013254166,9.857233047485352,17856,0.6243896484375,-0.00933837890625,-0.00390625,0.781005859375,19,0,-1
17858,0,17857,0.07776673883199692,-0.10767702013254166,9.857233047485352,17856,0.6243896484375,-0.00933837890625,-0.00390625,0.781005859375,19,0,-1
17858,0,17859,0.07776673883199692,-0.10767702013254166,9.857233047485352,17856,0.6243896484375,-0.00933837890625,-0.00390625,0.781005859375,19,1,-1
17859,0,17860,0.07776673883199692,-0.10767702013254166,9.857233047485352,17860,0.6243896484375,-0.00933837890625,-0.00390625,0.781005859375,19,1,0
17860,0,17860,0.07776673883199692,-0.10767702013254166,9.857233047485352,17860,0.6243896484375,-0.00933837890625,-0.00390625,0.781005859375,19,0,-1
17860,0,17861,0.07776673883199692,-0.10767702013254166,9.857233047485352,17860,0.6243896484375,-0.00933837890625,-0.00390625,0.781005859375,19,1,-1
17861,0,17862,0.07776673883199692,-0.10767702013254166,9.857233047485352,17862,0.6243896484375,-0.00927734375,-0.00390625,0.781005859375,19,1,0
17862,0,17862,0.07776673883199692,-0.10767702013254166,9.857233047485352,17862,0.6243896484375,-0.00927734375,-0.00390625,0.781005859375,19,0,-1
17863,0,17863,0.07776673883199692,-0.10767702013254166,9.857233047485352,17862,0.6243896484375,-0.00927734375,-0.00390625,0.781005859375,19,1,-1
17863,0,17865,0.07896314561367035,-0.10767702013254166,9.857233047485352,17865,0.6243896484375,-0.00927734375,-0.00390625,0.781005859375,19,1,0
17865,0,17866,0.07896314561367035,-0.10767702013254166,9.857233047485352,17865,0.6243896484375,-0.00927734375,-0.00390625,0.781005859375,19,1,-1
17866,0,17867,0.07896314561367035,-0.10767702013254166,9.857233047485352,17867,0.6243896484375,-0.00933837890625,-0.00390625,0.781005859375,19,1,0
17867,0,17867,0.07896314561367035,-0.10767702013254166,9.857233047485352,17867,0.6243896484375,-0.00933837890625,-0.00390625,0.781005859375,19,0,-1
17867,0,17868,0.07896314561367035,-0.10767702013254166,9.857233047485352,17867,0.6243896484375,-0.00933837890625,-0.00390625,0.781005859375,19,1,-1
17868,0,17869,0.07896314561367035,-0.10767702013254166,9.857233047485352,17869,0.6243896484375,-0.00933837890625,-0.00390625,0.781005859375,19,1,0
17869,0,17869,0.07896314561367035,-0.10767702013254166,9.857233047485352,17869,0.6243896484375,-0.00933837890625,-0.00390625,0.781005859375,19,0,-1
17870,0,17870,0.07896314561367035,-0.10767702013254166,9.857233047485352,17869,0.6243896484375,-0.00933837890625,-0.00390625,0.781005859375,19,1,-1
17870,0,17870,0.07896314561367035,-0.10767702013254166,9.857233047485352,17869,0.6243896484375,-0.00933837890625,-0.00390625,0.781005859375,19,0,-1
17871,0,17870,0.07896314561367035,-0.10767702013254166,9.857233047485352,17869,0.6243896484375,-0.00933837890625,-0.00390625,0.781005859375,19,0,-1
17871,0,17873,0.07896314561367035,-0.10767702013254166,9.857233047485352,17872,0.6243896484375,-0.00927734375,-0.00390625,0.781005859375,19,1,0
17873,0,17873,0.07896314561367035,-0.10767702013254166,9.857233047485352,17872,0.6243896484375,-0.00927734375,-0.00390625,0.781005859375,19,0,-1
17873,0,17873,0.07896314561367035,-0.10767702013254166,9.857233047485352,17872,0.6243896484375,-0.00927734375,-0.00390625,0.781005859375,19,0,-1
17873,0,17874,0.07776673883199692,-0.10767702013254166,9.857233047485352,17874,0.6243896484375,-0.00927734375,-0.00390625,0.781005859375,19,1,0
17874,0,17875,0.07896314561367035,-0.10767702013254166,9.857233047485352,17874,0.6243896484375,-0.00927734375,-0.00390625,0.781005859375,19,1,-1
17875,0,17875,0.07896314561367035,-0.10767702013254166,9.857233047485352,17874,0.6243896484375,-0.00927734375,-0.00390625,0.781005859375,19,0,-1
17875,0,17877,0.07776673883199692,-0.10767702013254166,9.857233047485352,17876,0.6243896484375,-0.00927734375,-0.00390625,0.781005859375,19,1,0
17877,0,17877,0.07896314561367035,-0.10767702013254166,9.856036186218262,17876,0.6243896484375,-0.00927734375,-0.00390625,0.781005859375,19,1,-1
17877,0,17877,0.07896314561367035,-0.10767702013254166,9.856036186218262,17876,0.6243896484375,-0.00927734375,-0.00390625,0.781005859375,19,0,-1
17878,0,17878,0.07896314561367035,-0.10767702013254166,9.856036186218262,17876,0.6243896484375,-0.00927734375,-0.00390625,0.781005859375,19,1,-1
17878,0,17880,0.07896314561367035,-0.10767702013254166,9.856036186218262,17879,0.62445068359375,-0.00927734375,-0.00390625,0.781005859375,19,1,0
17880,0,17880,0.07896314561367035,-0.10767702013254166,9.856036186218262,17879,0.62445068359375,-0.00927734375,-0.00390625,0.781005859375,19,0,-1
17880,0,17881,0.07896314561367035,-0.10887342691421509,9.856036186218262,17879,0.62445068359375,-0.00927734375,-0.00390625,0.781005859375,19,1,-1
17881,0,17882,0.07896314561367035,-0.10767702013254166,9.857233047485352,17882,0.62445068359375,-0.00927734375,-0.00390625,0.781005859375,19,1,0
17882,0,17882,0.07896314561367035,-0.10767702013254166,9.857233047485352,17882,0.62445068359375,-0.00927734375,-0.00390625,0.781005859375,19,0,-1
17882,0,17883,0.07896314561367035,-0.10767702013254166,9.857233047485352,17882,0.62445068359375,-0.00927734375,-0.00390625,0.781005859375,19,1,-1
17883,0,17885,0.07896314561367035,-0.10887342691421509,9.856036186218262,17884,0.62445068359375,-0.00927734375,-0.00390625,0.781005859375,19,1,0
17885,0,17885,0.07896314561367035,-0.10887342691421509,9.856036186218262,17884,0.62445068359375,-0.00927734375,-0.00390625,0.781005859375,19,0,-1
17885,0,17885,0.07896314561367035,-0.10887342691421509,9.856036186218262,17884,0.62445068359375,-0.00927734375,-0.00390625,0.781005859375,19,1,-1
17885,0,17885,0.07896314561367035,-0.10887342691421509,9.856036186218262,17884,0.62445068359375,-0.00927734375,-0.00390625,0.781005859375,19,0,-1
17886,0,17885,0.07896314561367035,-0.10887342691421509,9.856036186218262,17884,0.62445068359375,-0.00927734375,-0.00390625,0.781005859375,19,0,-1
17886,0,17887,0.07896314561367035,-0.10887342691421509,9.856036186218262,17884,0.62445068359375,-0.00927734375,-0.00390625,0.781005859375,19,1,-1
17887,0,17887,0.07896314561367035,-0.10887342691421509,9.856036186218262,17884,0.62445068359375,-0.00927734375,-0.00390625,0.781005859375,19,0,-1
17887,0,17887,0.07896314561367035,-0.10887342691421509,9.856036186218262,17884,0.62445068359375,-0.00927734375,-0.00390625,0.781005859375,19,0,-1
17887,0,17888,0.07896314561367035,-0.10767702013254166,9.856036186218262,17884,0.62445068359375,-0.00927734375,-0.00390625,0.781005859375,19,1,-1
17888,0,17889,0.07896314561367035,-0.10767702013254166,9.856036186218262,17889,0.62445068359375,-0.00933837890625,-0.00390625,0.781005859375,19,1,0
17889,0,17891,0.07896314561367035,-0.10887342691421509,9.856036186218262,17890,0.62445068359375,-0.00933837890625,-0.00390625,0.781005859375,19,1,0
17891,0,17891,0.07896314561367035,-0.10767702013254166,9.856036186218262,17890,0.62445068359375,-0.00933837890625,-0.00390625,0.781005859375,19,1,-1
17891,0,17891,0.07896314561367035,-0.10767702013254166,9.856036186218262,17890,0.62445068359375,-0.00933837890625,-0.00390625,0.781005859375,19,0,-1
17892,0,17891,0.07896314561367035,-0.10767702013254166,9.856036186218262,17890,0.62445068359375,-0.00933837890625,-0.00390625,0.781005859375,19,0,-1
17892,0,17893,0.07896314561367035,-0.10767702013254166,9.856036186218262,17893,0.62445068359375,-0.00933837890625,-0.00390625,0.781005859375,19,1,0
17893,0,17895,0.07896314561367035,-0.10767702013254166,9.856036186218262,17894,0.62445068359375,-0.00933837890625,-0.00390625,0.781005859375,19,1,0
17895,0,17895,0.07896314561367035,-0.10767702013254166,9.856036186218262,17894,0.62445068359375,-0.00933837890625,-0.00390625,0.781005859375,19,0,-1
17895,0,17895,0.07896314561367035,-0.10767702013254166,9.856036186218262,17894,0.62445068359375,-0.00933837890625,-0.00390625,0.781005859375,19,0,-1
17895,0,17895,0.07896314561367035,-0.10767702013254166,9.856036186218262,17894,0.62445068359375,-0.00933837890625,-0.00390625,0.781005859375,19,0,-1
17895,0,17896,0.07896314561367035,-0.10767702013254166,9.856036186218262,17894,0.62445068359375,-0.00933837890625,-0.00390625,0.781005859375,19,1,-1
17896,0,17896,0.07896314561367035,-0.10767702013254166,9.856036186218262,17894,0.62445068359375,-0.00933837890625,-0.00390625,0.781005859375,19,0,-1
17896,0,17897,0.07896314561367035,-0.10887342691421509,9.856036186218262,17894,0.62445068359375,-0.00933837890625,-0.00390625,0.781005859375,19,1,-1
17897,0,17898,0.07896314561367035,-0.10767702013254166,9.856036186218262,17898,0.62445068359375,-0.00927734375,-0.00390625,0.781005859375,19,1,0
17898,0,17898,0.07896314561367035,-0.10767702013254166,9.856036186218262,17898,0.62445068359375,-0.00927734375,-0.00390625,0.781005859375,19,0,-1
17899,0,17898,0.07896314561367035,-0.10767702013254166,9.856036186218262,17898,0.62445068359375,-0.00927734375,-0.00390625,0.781005859375,19,0,-1
17899,0,17900,0.07896314561367035,-0.10887342691421509,9.856036186218262,17898,0.62445068359375,-0.00927734375,-0.00390625,0.781005859375,19,1,-1
17900,0,17901,0.07896314561367035,-0.10887342691421509,9.856036186218262,17900,0.62445068359375,-0.00927734375,-0.00390625,0.781005859375,19,1,0
17901,0,17902,0.07896314561367035,-0.10767702013254166,9.856036186218262,17902,0.62445068359375,-0.00927734375,-0.00390625,0.781005859375,19,1,0
17902,0,17903,0.07896314561367035,-0.10887342691421509,9.856036186218262,17902,0.62445068359375,-0.00927734375,-0.00390625,0.781005859375,19,1,-1
17903,0,17903,0.07896314561367035,-0.10887342691421509,9.856036186218262,17902,0.62445068359375,-0.00927734375,-0.00390625,0.781005859375,19,0,-1
17903,0,17903,0.07896314561367035,-0.10887342691421509,9.856036186218262,17902,0.62445068359375,-0.00927734375,-0.00390625,0.781005859375,19,0,-1
17904,0,17904,0.07896314561367035,-0.10767702013254166,9.856036186218262,17902,0.62445068359375,-0.00927734375,-0.00390625,0.781005859375,19,1,-1
17904,0,17904,0.07896314561367035,-0.10767702013254166,9.856036186218262,17902,0.62445068359375,-0.00927734375,-0.00390625,0.781005859375,19,0,-1
17904,0,17906,0.07896314561367035,-0.10887342691421509,9.856036186218262,17905,0.62445068359375,-0.00927734375,-0.00390625,0.781005859375,19,1,0
17906,0,17906,0.07896314561367035,-0.10767702013254166,9.856036186218262,17905,0.62445068359375,-0.00927734375,-0.00390625,0.781005859375,19,1,-1
17906,0,17906,0.07896314561367035,-0.10767702013254166,9.856036186218262,17905,0.62445068359375,-0.00927734375,-0.00390625,0.781005859375,19,0,-1
17907,0,17906,0.07896314561367035,-0.10767702013254166,9.856036186218262,17905,0.62445068359375,-0.00927734375,-0.00390625,0.781005859375,19,0,-1
17907,0,17908,0.07896314561367035,-0.10887342691421509,9.856036186218262,17905,0.62445068359375,-0.00927734375,-0.00390625,0.781005859375,19,1,-1
17908,0,17908,0.07896314561367035,-0.10887342691421509,9.856036186218262,17905,0.62445068359375,-0.00927734375,-0.00390625,0.781005859375,19,0,-1
17908,0,17909,0.07896314561367035,-0.10887342691421509,9.856036186218262,17909,0.62445068359375,-0.00927734375,-0.00390625,0.781005859375,19,1,0
17909,0,17910,0.07896314561367035,-0.10887342691421509,9.856036186218262,17909,0.62445068359375,-0.00927734375,-0.00390625,0.781005859375,19,1,-1
17910,0,17911,0.07896314561367035,-0.10887342691421509,9.856036186218262,17911,0.62445068359375,-0.00927734375,-0.00390625,0.781005859375,19,1,0
17911,0,17911,0.07896314561367035,-0.10887342691421509,9.856036186218262,17911,0.62445068359375,-0.00927734375,-0.00390625,0.781005859375,19,0,-1
17912,0,17912,0.07896314561367035,-0.10887342691421509,9.856036186218262,17911,0.62445068359375,-0.00927734375,-0.00390625,0.781005859375,19,1,-1
17912,0,17912,0.07896314561367035,-0.10887342691421509,9.856036186218262,17911,0.62445068359375,-0.00927734375,-0.00390625,0.781005859375,19,0,-1
17913,0,17912,0.07896314561367035,-0.10887342691421509,9.856036186218262,17911,0.62445068359375,-0.00927734375,-0.00390625,0.781005859375,19,0,-1
17913,0,17913,0.07896314561367035,-0.10887342691421509,9.854840278625488,17911,0.62445068359375,-0.00927734375,-0.00390625,0.781005859375,19,1,-1
17913,0,17915,0.07896314561367035,-0.10887342691421509,9.854840278625488,17914,0.62445068359375,-0.00927734375,-0.00390625,0.781005859375,19,1,0
17915,0,17915,0.07896314561367035,-0.10887342691421509,9.854840278625488,17914,0.62445068359375,-0.00927734375,-0.00390625,0.781005859375,19,0,-1
17915,0,17916,0.07896314561367035,-0.10887342691421509,9.856036186218262,17914,0.62445068359375,-0.00927734375,-0.00390625,0.781005859375,19,1,-1
17916,0,17917,0.07896314561367035,-0.10887342691421509,9.856036186218262,17917,0.62445068359375,-0.00927734375,-0.00390625,0.781005859375,19,1,0
17917,0,17918,0.07896314561367035,-0.10887342691421509,9.856036186218262,17917,0.62445068359375,-0.00927734375,-0.00390625,0.781005859375,19,1,-1
17918,0,17919,0.07896314561367035,-0.11006984114646912,9.856036186218262,17919,0.62445068359375,-0.00927734375,-0.00390625,0.781005859375,19,1,0
17919,0,17919,0.07896314561367035,-0.11006984114646912,9.856036186218262,17919,0.62445068359375,-0.00927734375,-0.00390625,0.781005859375,19,0,-1
17920,0,17920,0.07896314561367035,-0.11006984114646912,9.856036186218262,17919,0.62445068359375,-0.00927734375,-0.00390625,0.781005859375,19,1,-1
17920,0,17922,0.07896314561367035,-0.10887342691421509,9.856036186218262,17922,0.62445068359375,-0.00927734375,-0.00390625,0.781005859375,19,1,0
17922,0,17922,0.07896314561367035,-0.10887342691421509,9.856036186218262,17922,0.62445068359375,-0.00927734375,-0.00390625,0.781005859375,19,0,-1
17923,0,17922,0.07896314561367035,-0.10887342691421509,9.856036186218262,17922,0.62445068359375,-0.00927734375,-0.00390625,0.781005859375,19,0,-1
17923,0,17922,0.07896314561367035,-0.10887342691421509,9.856036186218262,17922,0.62445068359375,-0.00927734375,-0.00390625,0.781005859375,19,0,-1
17923,0,17924,0.07896314561367035,-0.11006984114646912,9.854840278625488,17922,0.62445068359375,-0.00927734375,-0.00390625,0.781005859375,19,1,-1
17924,0,17924,0.07896314561367035,-0.11006984114646912,9.854840278625488,17922,0.62445068359375,-0.00927734375,-0.00390625,0.781005859375,19,0,-1
17924,0,17926,0.07896314561367035,-0.11006984114646912,9.856036186218262,17925,0.62445068359375,-0.00927734375,-0.00390625,0.781005859375,19,1,0
17926,0,17926,0.07896314561367035,-0.11006984114646912,9.856036186218262,17925,0.62445068359375,-0.00927734375,-0.00390625,0.781005859375,19,1,-1
17926,0,17926,0.07896314561367035,-0.11006984114646912,9.856036186218262,17925,0.62445068359375,-0.00927734375,-0.00390625,0.781005859375,19,0,-1
17926,0,17926,0.07896314561367035,-0.11006984114646912,9.856036186218262,17925,0.62445068359375,-0.00927734375,-0.00390625,0.781005859375,19,0,-1
17927,0,17927,0.07896314561367035,-0.11006984114646912,9.856036186218262,17925,0.62445068359375,-0.00927734375,-0.00390625,0.781005859375,19,1,-1
17927,0,17927,0.07896314561367035,-0.11006984114646912,9.856036186218262,17925,0.62445068359375,-0.00927734375,-0.00390625,0.781005859375,19,0,-1
17928,0,17929,0.07896314561367035,-0.11006984114646912,9.854840278625488,17929,0.62445068359375,-0.00927734375,-0.00390625,0.781005859375,19,1,0
17929,0,17930,0.07896314561367035,-0.11006984114646912,9.854840278625488,17929,0.62445068359375,-0.00927734375,-0.00390625,0.781005859375,19,1,-1
17930,0,17930,0.07896314561367035,-0.11006984114646912,9.854840278625488,17929,0.62445068359375,-0.00927734375,-0.00390625,0.781005859375,19,0,-1
17930,0,17931,0.07896314561367035,-0.10887342691421509,9.856036186218262,17931,0.62445068359375,-0.00927734375,-0.00390625,0.781005859375,19,1,0
17931,0,17932,0.07896314561367035,-0.11006984114646912,9.854840278625488,17931,0.62445068359375,-0.00927734375,-0.00390625,0.781005859375,19,1,-1
17932,0,17932,0.07896314561367035,-0.11006984114646912,9.854840278625488,17931,0.62445068359375,-0.00927734375,-0.00390625,0.781005859375,19,0,-1
17932,0,17932,0.07896314561367035,-0.11006984114646912,9.854840278625488,17931,0.62445068359375,-0.00927734375,-0.00390625,0.781005859375,19,0,-1
17933,0,17933,0.07776673883199692,-0.10887342691421509,9.856036186218262,17931,0.62445068359375,-0.00927734375,-0.00390625,0.781005859375,19,1,-1
17933,0,17935,0.07776673883199692,-0.11006984114646912,9.854840278625488,17934,0.62445068359375,-0.00933837890625,-0.00390625,0.781005859375,19,1,0
17935,0,17935,0.07896314561367035,-0.10887342691421509,9.854840278625488,17934,0.62445068359375,-0.00933837890625,-0.00390625,0.781005859375,19,1,-1
17935,0,17937,0.07776673883199692,-0.10887342691421509,9.854840278625488,17936,0.62445068359375,-0.00933837890625,-0.00390625,0.781005859375,19,1,0
17937,0,17937,0.07776673883199692,-0.10887342691421509,9.854840278625488,17936,0.62445068359375,-0.00933837890625,-0.00390625,0.781005859375,19,0,-1
17937,0,17938,0.07896314561367035,-0.11006984114646912,9.856036186218262,17936,0.62445068359375,-0.00933837890625,-0.00390625,0.781005859375,19,1,-1
17938,0,17939,0.07896314561367035,-0.11006984114646912,9.854840278625488,17939,0.62445068359375,-0.00933837890625,-0.00390625,0.781005859375,19,1,0
17939,0,17939,0.07896314561367035,-0.11006984114646912,9.854840278625488,17939,0.62445068359375,-0.00933837890625,-0.00390625,0.781005859375,19,0,-1
17940,0,17940,0.07896314561367035,-0.11006984114646912,9.854840278625488,17939,0.62445068359375,-0.00933837890625,-0.00390625,0.781005859375,19,1,-1
17940,0,17940,0.07896314561367035,-0.11006984114646912,9.854840278625488,17939,0.62445068359375,-0.00933837890625,-0.00390625,0.781005859375,19,0,-1
17940,0,17942,0.07896314561367035,-0.10887342691421509,9.854840278625488,17941,0.62445068359375,-0.00933837890625,-0.00390625,0.781005859375,19,1,0
17942,0,17943,0.07896314561367035,-0.11006984114646912,9.854840278625488,17941,0.62445068359375,-0.00933837890625,-0.00390625,0.781005859375,19,1,-1
17943,0,17943,0.07896314561367035,-0.11006984114646912,9.854840278625488,17941,0.62445068359375,-0.00933837890625,-0.00390625,0.781005859375,19,0,-1
17943,0,17943,0.07896314561367035,-0.11006984114646912,9.854840278625488,17941,0.62445068359375,-0.00933837890625,-0.00390625,0.781005859375,19,0,-1
17943,0,17944,0.07896314561367035,-0.11006984114646912,9.854840278625488,17941,0.62445068359375,-0.00933837890625,-0.00390625,0.781005859375,19,1,-1
17944,0,17944,0.07896314561367035,-0.11006984114646912,9.854840278625488,17941,0.62445068359375,-0.00933837890625,-0.00390625,0.781005859375,19,0,-1
17944,0,17944,0.07896314561367035,-0.11006984114646912,9.854840278625488,17941,0.62445068359375,-0.00933837890625,-0.00390625,0.781005859375,19,0,-1
17944,0,17946,0.07776673883199692,-0.11006984114646912,9.853643417358398,17945,0.62445068359375,-0.00933837890625,-0.00390625,0.781005859375,19,1,0
17946,0,17947,0.07896314561367035,-0.11006984114646912,9.854840278625488,17947,0.62445068359375,-0.00933837890625,-0.00390625,0.781005859375,19,1,0
17947,0,17947,0.07896314561367035,-0.11006984114646912,9.854840278625488,17947,0.62445068359375,-0.00933837890625,-0.00390625,0.781005859375,19,0,-1
17947,0,17947,0.07896314561367035,-0.11006984114646912,9.854840278625488,17947,0.62445068359375,-0.00933837890625,-0.00390625,0.781005859375,19,0,-1
17948,0,17947,0.07896314561367035,-0.11006984114646912,9.854840278625488,17947,0.62445068359375,-0.00933837890625,-0.00390625,0.781005859375,19,0,-1
17948,0,17949,0.07896314561367035,-0.11006984114646912,9.854840278625488,17947,0.62445068359375,-0.00933837890625,-0.00390625,0.781005859375,19,1,-1
17949,0,17949,0.07896314561367035,-0.11006984114646912,9.854840278625488,17947,0.62445068359375,-0.00933837890625,-0.00390625,0.781005859375,19,0,-1
17949,0,17949,0.07896314561367035,-0.11006984114646912,9.856036186218262,17947,0.62445068359375,-0.00933837890625,-0.00390625,0.781005859375,19,1,-1
17949,0,17951,0.07896314561367035,-0.11006984114646912,9.856036186218262,17950,0.62445068359375,-0.00933837890625,-0.00390625,0.781005859375,19,1,0
17951,0,17951,0.07896314561367035,-0.11006984114646912,9.856036186218262,17950,0.62445068359375,-0.00933837890625,-0.00390625,0.781005859375,19,0,-1
17951,0,17952,0.07896314561367035,-0.11006984114646912,9.854840278625488,17950,0.62445068359375,-0.00933837890625,-0.00390625,0.781005859375,19,1,-1
17952,0,17953,0.07896314561367035,-0.11006984114646912,9.856036186218262,17953,0.62445068359375,-0.00933837890625,-0.00390625,0.781005859375,19,1,0
17953,0,17955,0.07896314561367035,-0.11006984114646912,9.856036186218262,17954,0.62445068359375,-0.00933837890625,-0.00390625,0.781005859375,19,1,0
17955,0,17956,0.07896314561367035,-0.11006984114646912,9.854840278625488,17954,0.62445068359375,-0.00933837890625,-0.00390625,0.781005859375,19,1,-1
17956,0,17957,0.07896314561367035,-0.11006984114646912,9.854840278625488,17957,0.62445068359375,-0.00933837890625,-0.00390625,0.781005859375,19,1,0
17957,0,17958,0.07896314561367035,-0.11006984114646912,9.856036186218262,17957,0.62445068359375,-0.00933837890625,-0.00390625,0.781005859375,19,1,-1
17958,0,17959,0.07896314561367035,-0.11006984114646912,9.854840278625488,17959,0.62445068359375,-0.00933837890625,-0.00390625,0.781005859375,19,1,0
17959,0,17959,0.07896314561367035,-0.11006984114646912,9.854840278625488,17959,0.62445068359375,-0.00933837890625,-0.00390625,0.781005859375,19,0,-1
17959,0,17959,0.07896314561367035,-0.11006984114646912,9.854840278625488,17959,0.62445068359375,-0.00933837890625,-0.00390625,0.781005859375,19,0,-1
17960,0,17960,0.07896314561367035,-0.11006984114646912,9.856036186218262,17959,0.62445068359375,-0.00933837890625,-0.00390625,0.781005859375,19,1,-1
17960,0,17960,0.07896314561367035,-0.11006984114646912,9.856036186218262,17959,0.62445068359375,-0.00933837890625,-0.00390625,0.781005859375,19,0,-1
17960,0,17962,0.07896314561367035,-0.11006984114646912,9.856036186218262,17961,0.62445068359375,-0.00933837890625,-0.00390625,0.781005859375,19,1,0
17962,0,17963,0.07896314561367035,-0.11006984114646912,9.856036186218262,17961,0.62445068359375,-0.00933837890625,-0.00390625,0.781005859375,19,1,-1
17963,0,17963,0.07896314561367035,-0.11006984114646912,9.856036186218262,17961,0.62445068359375,-0.00933837890625,-0.00390625,0.781005859375,19,0,-1
17963,0,17963,0.07896314561367035,-0.11006984114646912,9.854840278625488,17961,0.62445068359375,-0.00933837890625,-0.00390625,0.781005859375,19,1,-1
17963,0,17965,0.07896314561367035,-0.11006984114646912,9.854840278625488,17964,0.62445068359375,-0.00933837890625,-0.00390625,0.78094482421875,19,1,0
17965,0,17965,0.07896314561367035,-0.11006984114646912,9.854840278625488,17964,0.62445068359375,-0.00933837890625,-0.00390625,0.78094482421875,19,0,-1
17965,0,17965,0.07896314561367035,-0.11006984114646912,9.854840278625488,17964,0.62445068359375,-0.00933837890625,-0.00390625,0.78094482421875,19,0,-1
17965,0,17966,0.07776673883199692,-0.11006984114646912,9.856036186218262,17964,0.62445068359375,-0.00933837890625,-0.00390625,0.78094482421875,19,1,-1
17966,0,17967,0.07896314561367035,-0.11006984114646912,9.854840278625488,17967,0.62445068359375,-0.00933837890625,-0.00390625,0.781005859375,19,1,0
17967,0,17967,0.07896314561367035,-0.11006984114646912,9.854840278625488,17967,0.62445068359375,-0.00933837890625,-0.00390625,0.781005859375,19,0,-1
17968,0,17968,0.07896314561367035,-0.11006984114646912,9.856036186218262,17967,0.62445068359375,-0.00933837890625,-0.00390625,0.781005859375,19,1,-1
17968,0,17968,0.07896314561367035,-0.11006984114646912,9.856036186218262,17967,0.62445068359375,-0.00933837890625,-0.00390625,0.781005859375,19,0,-1
17969,0,17968,0.07896314561367035,-0.11006984114646912,9.856036186218262,17967,0.62445068359375,-0.00933837890625,-0.00390625,0.781005859375,19,0,-1
17969,0,17970,0.07776673883199692,-0.11006984114646912,9.856036186218262,17970,0.62445068359375,-0.00933837890625,-0.00390625,0.781005859375,19,1,0
17970,0,17970,0.07776673883199692,-0.11006984114646912,9.856036186218262,17970,0.62445068359375,-0.00933837890625,-0.00390625,0.781005859375,19,0,-1
17971,0,17970,0.07776673883199692,-0.11006984114646912,9.856036186218262,17970,0.62445068359375,-0.00933837890625,-0.00390625,0.781005859375,19,0,-1
17971,0,17970,0.07776673883199692,-0.11006984114646912,9.856036186218262,17970,0.62445068359375,-0.00933837890625,-0.00390625,0.781005859375,19,0,-1
17971,0,17972,0.07896314561367035,-0.10887342691421509,9.856036186218262,17970,0.62445068359375,-0.00933837890625,-0.00390625,0.781005859375,19,1,-1
17972,0,17973,0.07776673883199692,-0.10887342691421509,9.856036186218262,17973,0.62445068359375,-0.00933837890625,-0.00390625,0.781005859375,19,1,0
17973,0,17975,0.07896314561367035,-0.10887342691421509,9.856036186218262,17974,0.62445068359375,-0.00933837890625,-0.00390625,0.781005859375,19,1,0
17975,0,17975,0.07776673883199692,-0.11006984114646912,9.856036186218262,17974,0.62445068359375,-0.00933837890625,-0.00390625,0.781005859375,19,1,-1
17975,0,17975,0.07776673883199692,-0.11006984114646912,9.856036186218262,17974,0.62445068359375,-0.00933837890625,-0.00390625,0.781005859375,19,0,-1
17975,0,17975,0.07776673883199692,-0.11006984114646912,9.856036186218262,17974,0.62445068359375,-0.00933837890625,-0.00390625,0.781005859375,19,0,-1
17976,0,17976,0.07896314561367035,-0.10887342691421509,9.856036186218262,17974,0.62445068359375,-0.00933837890625,-0.00390625,0.781005859375,19,1,-1
17976,0,17976,0.07896314561367035,-0.10887342691421509,9.856036186218262,17974,0.62445068359375,-0.00933837890625,-0.00390625,0.781005859375,19,0,-1
17977,0,17978,0.07896314561367035,-0.10887342691421509,9.856036186218262,17978,0.62445068359375,-0.00933837890625,-0.00390625,0.781005859375,19,1,0
17978,0,17979,0.07896314561367035,-0.11006984114646912,9.856036186218262,17978,0.62445068359375,-0.00933837890625,-0.00390625,0.781005859375,19,1,-1
17979,0,17979,0.07896314561367035,-0.11006984114646912,9.856036186218262,17978,0.62445068359375,-0.00933837890625,-0.00390625,0.781005859375,19,0,-1
17979,0,17979,0.07896314561367035,-0.11006984114646912,9.856036186218262,17978,0.62445068359375,-0.00933837890625,-0.00390625,0.781005859375,19,0,-1
17979,0,17981,0.07776673883199692,-0.11006984114646912,9.856036186218262,17980,0.62445068359375,-0.00933837890625,-0.00390625,0.78094482421875,19,1,0
17981,0,17982,0.07776673883199692,-0.11006984114646912,9.856036186218262,17981,0.62451171875,-0.00933837890625,-0.00390625,0.78094482421875,19,1,0
17982,0,17982,0.07776673883199692,-0.11006984114646912,9.856036186218262,17981,0.62451171875,-0.00933837890625,-0.00390625,0.78094482421875,19,0,-1
17982,0,17982,0.07776673883199692,-0.11006984114646912,9.856036186218262,17981,0.62451171875,-0.00933837890625,-0.00390625,0.78094482421875,19,0,-1
17983,0,17982,0.07776673883199692,-0.11006984114646912,9.856036186218262,17981,0.62451171875,-0.00933837890625,-0.00390625,0.78094482421875,19,0,-1
17983,0,17983,0.07896314561367035,-0.11006984114646912,9.856036186218262,17981,0.62451171875,-0.00933837890625,-0.00390625,0.78094482421875,19,1,-1
17983,0,17985,0.07896314561367035,-0.11006984114646912,9.856036186218262,17984,0.62451171875,-0.00933837890625,-0.00396728515625,0.78094482421875,19,1,0
17985,0,17985,0.07896314561367035,-0.11006984114646912,9.856036186218262,17984,0.62451171875,-0.00933837890625,-0.00396728515625,0.78094482421875,19,0,-1
17985,0,17986,0.07896314561367035,-0.11006984114646912,9.856036186218262,17984,0.62451171875,-0.00933837890625,-0.00396728515625,0.78094482421875,19,1,-1
17986,0,17987,0.07776673883199692,-0.11006984114646912,9.854840278625488,17987,0.62451171875,-0.00933837890625,-0.00396728515625,0.78094482421875,19,1,0
17987,0,17987,0.07776673883199692,-0.11006984114646912,9.854840278625488,17987,0.62451171875,-0.00933837890625,-0.00396728515625,0.78094482421875,19,0,-1
17987,0,17988,0.07776673883199692,-0.11006984114646912,9.856036186218262,17987,0.62451171875,-0.00933837890625,-0.00396728515625,0.78094482421875,19,1,-1
17988,0,17988,0.07776673883199692,-0.11006984114646912,9.856036186218262,17987,0.62451171875,-0.00933837890625,-0.00396728515625,0.78094482421875,19,0,-1
17988,0,17988,0.07776673883199692,-0.11006984114646912,9.856036186218262,17987,0.62451171875,-0.00933837890625,-0.00396728515625,0.78094482421875,19,0,-1
17989,0,17989,0.07776673883199692,-0.11006984114646912,9.856036186218262,17987,0.62451171875,-0.00933837890625,-0.00396728515625,0.78094482421875,19,1,-1
17989,0,17991,0.07896314561367035,-0.11006984114646912,9.854840278625488,17990,0.62451171875,-0.00933837890625,-0.00390625,0.78094482421875,19,1,0
17991,0,17992,0.07776673883199692,-0.11006984114646912,9.854840278625488,17992,0.62451171875,-0.00933837890625,-0.00390625,0.78094482421875,19,1,0
17992,0,17993,0.07776673883199692,-0.11006984114646912,9.854840278625488,17992,0.62451171875,-0.00933837890625,-0.00390625,0.78094482421875,19,1,-1
17993,0,17993,0.07776673883199692,-0.11006984114646912,9.854840278625488,17992,0.62451171875,-0.00933837890625,-0.00390625,0.78094482421875,19,0,-1
17993,0,17993,0.07776673883199692,-0.11006984114646912,9.854840278625488,17992,0.62451171875,-0.00933837890625,-0.00390625,0.78094482421875,19,0,-1
17993,0,17995,0.07776673883199692,-0.11006984114646912,9.854840278625488,17994,0.62451171875,-0.00933837890625,-0.00390625,0.78094482421875,19,1,0
17995,0,17995,0.07776673883199692,-0.11006984114646912,9.854840278625488,17994,0.62451171875,-0.00933837890625,-0.00390625,0.78094482421875,19,0,-1
17995,0,17995,0.07776673883199692,-0.11006984114646912,9.854840278625488,17994,0.62451171875,-0.00933837890625,-0.00390625,0.78094482421875,19,0,-1
17995,0,17995,0.07776673883199692,-0.11006984114646912,9.854840278625488,17994,0.62451171875,-0.00933837890625,-0.00390625,0.78094482421875,19,0,-1
17996,0,17996,0.07776673883199692,-0.11006984114646912,9.854840278625488,17994,0.62451171875,-0.00933837890625,-0.00390625,0.78094482421875,19,1,-1
17996,0,17996,0.07776673883199692,-0.11006984114646912,9.854840278625488,17994,0.62451171875,-0.00933837890625,-0.00390625,0.78094482421875,19,0,-1
17996,0,17998,0.07776673883199692,-0.11006984114646912,9.854840278625488,17997,0.62451171875,-0.00933837890625,-0.00390625,0.78094482421875,19,1,0
17998,0,17999,0.07776673883199692,-0.11006984114646912,9.854840278625488,17997,0.62451171875,-0.00933837890625,-0.00390625,0.78094482421875,19,1,-1
17999,0,17999,0.07776673883199692,-0.11006984114646912,9.854840278625488,17997,0.62451171875,-0.00933837890625,-0.00390625,0.78094482421875,19,0,-1
17999,0,18000,0.07776673883199692,-0.11006984114646912,9.854840278625488,18000,0.62451171875,-0.00933837890625,-0.00390625,0.78094482421875,19,1,0
18000,0,18001,0.07776673883199692,-0.11006984114646912,9.854840278625488,18000,0.62451171875,-0.00933837890625,-0.00390625,0.78094482421875,19,1,-1
18001,0,18002,0.07776673883199692,-0.11006984114646912,9.854840278625488,18002,0.62445068359375,-0.00933837890625,-0.00390625,0.781005859375,19,1,0
18002,0,18002,0.07776673883199692,-0.11006984114646912,9.854840278625488,18002,0.62445068359375,-0.00933837890625,-0.00390625,0.781005859375,19,0,-1
18003,0,18003,0.07776673883199692,-0.11006984114646912,9.856036186218262,18002,0.62445068359375,-0.00933837890625,-0.00390625,0.781005859375,19,1,-1
18003,0,18003,0.07776673883199692,-0.11006984114646912,9.856036186218262,18002,0.62445068359375,-0.00933837890625,-0.00390625,0.781005859375,19,0,-1
18003,0,18003,0.07776673883199692,-0.11006984114646912,9.856036186218262,18002,0.62445068359375,-0.00933837890625,-0.00390625,0.781005859375,19,0,-1
18004,0,18005,0.07776673883199692,-0.11006984114646912,9.854840278625488,18005,0.62445068359375,-0.00933837890625,-0.00390625,0.781005859375,19,1,0
18005,0,18006,0.07896314561367035,-0.11006984114646912,9.854840278625488,18005,0.62445068359375,-0.00933837890625,-0.00390625,0.781005859375,19,1,-1
18006,0,18007,0.07896314561367035,-0.10887342691421509,9.854840278625488,18007,0.62445068359375,-0.00933837890625,-0.00390625,0.781005859375,19,1,0
18007,0,18008,0.07896314561367035,-0.10887342691421509,9.854840278625488,18007,0.62445068359375,-0.00933837890625,-0.00390625,0.781005859375,19,1,-1
18008,0,18008,0.07896314561367035,-0.10887342691421509,9.854840278625488,18007,0.62445068359375,-0.00933837890625,-0.00390625,0.781005859375,19,0,-1
18008,0,18008,0.07896314561367035,-0.10887342691421509,9.854840278625488,18007,0.62445068359375,-0.00933837890625,-0.00390625,0.781005859375,19,0,-1
18008,0,18009,0.07896314561367035,-0.10767702013254166,9.854840278625488,18007,0.62445068359375,-0.00933837890625,-0.00390625,0.781005859375,19,1,-1
18009,0,18009,0.07896314561367035,-0.10767702013254166,9.854840278625488,18007,0.62445068359375,-0.00933837890625,-0.00390625,0.781005859375,19,0,-1
18009,0,18009,0.07896314561367035,-0.10767702013254166,9.854840278625488,18007,0.62445068359375,-0.00933837890625,-0.00390625,0.781005859375,19,0,-1
18010,0,18010,0.07896314561367035,-0.10887342691421509,9.854840278625488,18007,0.62445068359375,-0.00933837890625,-0.00390625,0.781005859375,19,1,-1
18010,0,18012,0.07776673883199692,-0.10767702013254166,9.854840278625488,18011,0.62445068359375,-0.00933837890625,-0.00390625,0.781005859375,19,1,0
18012,0,18012,0.07776673883199692,-0.10767702013254166,9.854840278625488,18011,0.62445068359375,-0.00933837890625,-0.00390625,0.781005859375,19,0,-1
18012,0,18013,0.07896314561367035,-0.10767702013254166,9.854840278625488,18011,0.62445068359375,-0.00933837890625,-0.00390625,0.781005859375,19,1,-1
18013,0,18013,0.07896314561367035,-0.10767702013254166,9.854840278625488,18011,0.62445068359375,-0.00933837890625,-0.00390625,0.781005859375,19,0,-1
18013,0,18013,0.07896314561367035,-0.10767702013254166,9.854840278625488,18011,0.62445068359375,-0.00933837890625,-0.00390625,0.781005859375,19,0,-1
18013,0,18014,0.07896314561367035,-0.10767702013254166,9.854840278625488,18011,0.62445068359375,-0.00933837890625,-0.00390625,0.781005859375,19,1,-1
18014,0,18015,0.07896314561367035,-0.10767702013254166,9.854840278625488,18015,0.62445068359375,-0.00933837890625,-0.00390625,0.781005859375,19,1,0
18015,0,18015,0.07896314561367035,-0.10767702013254166,9.854840278625488,18015,0.62445068359375,-0.00933837890625,-0.00390625,0.781005859375,19,0,-1
18015,0,18016,0.07896314561367035,-0.10767702013254166,9.853643417358398,18015,0.62445068359375,-0.00933837890625,-0.00390625,0.781005859375,19,1,-1
18016,0,18016,0.07896314561367035,-0.10767702013254166,9.853643417358398,18015,0.62445068359375,-0.00933837890625,-0.00390625,0.781005859375,19,0,-1
18016,0,18016,0.07896314561367035,-0.10767702013254166,9.853643417358398,18015,0.62445068359375,-0.00933837890625,-0.00390625,0.781005859375,19,0,-1
18017,0,18017,0.07896314561367035,-0.10767702013254166,9.853643417358398,18015,0.62445068359375,-0.00933837890625,-0.00390625,0.781005859375,19,1,-1
18017,0,18019,0.07896314561367035,-0.10767702013254166,9.854840278625488,18018,0.62445068359375,-0.00933837890625,-0.00390625,0.781005859375,19,1,0
18019,0,18020,0.07896314561367035,-0.10767702013254166,9.853643417358398,18020,0.62445068359375,-0.00933837890625,-0.00390625,0.781005859375,19,1,0
18020,0,18021,0.07896314561367035,-0.10767702013254166,9.853643417358398,18020,0.62445068359375,-0.00933837890625,-0.00390625,0.781005859375,19,1,-1
18021,0,18021,0.07896314561367035,-0.10767702013254166,9.853643417358398,18020,0.62445068359375,-0.00933837890625,-0.00390625,0.781005859375,19,0,-1
18021,0,18021,0.07896314561367035,-0.10767702013254166,9.853643417358398,18020,0.62445068359375,-0.00933837890625,-0.00390625,0.781005859375,19,0,-1
18021,0,18023,0.07896314561367035,-0.10767702013254166,9.853643417358398,18022,0.62445068359375,-0.00933837890625,-0.00390625,0.781005859375,19,1,0
18023,0,18023,0.07896314561367035,-0.10767702013254166,9.853643417358398,18022,0.62445068359375,-0.00933837890625,-0.00390625,0.781005859375,19,1,-1
18023,0,18023,0.07896314561367035,-0.10767702013254166,9.853643417358398,18022,0.62445068359375,-0.00933837890625,-0.00390625,0.781005859375,19,0,-1
18024,0,18024,0.07896314561367035,-0.10767702013254166,9.853643417358398,18022,0.62445068359375,-0.00933837890625,-0.00390625,0.781005859375,19,1,-1
18024,0,18024,0.07896314561367035,-0.10767702013254166,9.853643417358398,18022,0.62445068359375,-0.00933837890625,-0.00390625,0.781005859375,19,0,-1
18024,0,18026,0.07896314561367035,-0.10887342691421509,9.853643417358398,18025,0.62445068359375,-0.00933837890625,-0.00390625,0.781005859375,19,1,0
18026,0,18027,0.07896314561367035,-0.10767702013254166,9.853643417358398,18027,0.62445068359375,-0.00933837890625,-0.00390625,0.781005859375,19,1,0
18027,0,18028,0.07896314561367035,-0.10767702013254166,9.853643417358398,18027,0.62445068359375,-0.00933837890625,-0.00390625,0.781005859375,19,1,-1
18028,0,18028,0.07896314561367035,-0.10767702013254166,9.853643417358398,18027,0.62445068359375,-0.00933837890625,-0.00390625,0.781005859375,19,0,-1
18028,0,18028,0.07896314561367035,-0.10767702013254166,9.853643417358398,18027,0.62445068359375,-0.00933837890625,-0.00390625,0.781005859375,19,0,-1
18028,0,18029,0.07896314561367035,-0.10767702013254166,9.853643417358398,18027,0.62445068359375,-0.00933837890625,-0.00390625,0.781005859375,19,1,-1
18029,0,18029,0.07896314561367035,-0.10767702013254166,9.853643417358398,18027,0.62445068359375,-0.00933837890625,-0.00390625,0.781005859375,19,0,-1
18029,0,18029,0.07896314561367035,-0.10767702013254166,9.853643417358398,18027,0.62445068359375,-0.00933837890625,-0.00390625,0.781005859375,19,0,-1
18030,0,18031,0.07896314561367035,-0.10887342691421509,9.853643417358398,18030,0.62445068359375,-0.00933837890625,-0.00390625,0.781005859375,19,1,0
18031,0,18031,0.07896314561367035,-0.10887342691421509,9.853643417358398,18030,0.62445068359375,-0.00933837890625,-0.00390625,0.781005859375,19,0,-1
18031,0,18031,0.07896314561367035,-0.10887342691421509,9.853643417358398,18030,0.62445068359375,-0.00933837890625,-0.00390625,0.781005859375,19,0,-1
18032,0,18031,0.07896314561367035,-0.10887342691421509,9.853643417358398,18030,0.62445068359375,-0.00933837890625,-0.00390625,0.781005859375,19,0,-1
18032,0,18033,0.08015955239534378,-0.10767702013254166,9.853643417358398,18033,0.62445068359375,-0.00933837890625,-0.00390625,0.781005859375,19,1,0
18033,0,18035,0.08015955239534378,-0.10767702013254166,9.853643417358398,18034,0.62445068359375,-0.00927734375,-0.00390625,0.781005859375,19,1,0
18035,0,18035,0.08015955239534378,-0.10767702013254166,9.853643417358398,18034,0.62445068359375,-0.00927734375,-0.00390625,0.781005859375,19,0,-1
18035,0,18035,0.08015955239534378,-0.10767702013254166,9.853643417358398,18034,0.62445068359375,-0.00927734375,-0.00390625,0.781005859375,19,0,-1
18035,0,18036,0.07896314561367035,-0.10767702013254166,9.853643417358398,18034,0.62445068359375,-0.00927734375,-0.00390625,0.781005859375,19,1,-1
18036,0,18036,0.07896314561367035,-0.10767702013254166,9.853643417358398,18034,0.62445068359375,-0.00927734375,-0.00390625,0.781005859375,19,0,-1
18036,0,18036,0.07896314561367035,-0.10767702013254166,9.853643417358398,18034,0.62445068359375,-0.00927734375,-0.00390625,0.781005859375,19,0,-1
18036,0,18037,0.07896314561367035,-0.10767702013254166,9.853643417358398,18034,0.62445068359375,-0.00927734375,-0.00390625,0.781005859375,19,1,-1
18037,0,18037,0.07896314561367035,-0.10767702013254166,9.853643417358398,18034,0.62445068359375,-0.00927734375,-0.00390625,0.781005859375,19,0,-1
18037,0,18039,0.07896314561367035,-0.10767702013254166,9.853643417358398,18038,0.62445068359375,-0.00927734375,-0.00390625,0.781005859375,19,1,0
18039,0,18039,0.07896314561367035,-0.10767702013254166,9.853643417358398,18038,0.62445068359375,-0.00927734375,-0.00390625,0.781005859375,19,1,-1
18039,0,18039,0.07896314561367035,-0.10767702013254166,9.853643417358398,18038,0.62445068359375,-0.00927734375,-0.00390625,0.781005859375,19,0,-1
18040,0,18039,0.07896314561367035,-0.10767702013254166,9.853643417358398,18038,0.62445068359375,-0.00927734375,-0.00390625,0.781005859375,19,0,-1
18040,0,18041,0.07896314561367035,-0.10767702013254166,9.853643417358398,18038,0.62445068359375,-0.00927734375,-0.00390625,0.781005859375,19,1,-1
18041,0,18042,0.07896314561367035,-0.10767702013254166,9.853643417358398,18042,0.62445068359375,-0.00927734375,-0.00390625,0.781005859375,19,1,0
18042,0,18042,0.07896314561367035,-0.10767702013254166,9.853643417358398,18042,0.62445068359375,-0.00927734375,-0.00390625,0.781005859375,19,0,-1
18042,0,18043,0.07896314561367035,-0.10767702013254166,9.853643417358398,18042,0.62445068359375,-0.00927734375,-0.00390625,0.781005859375,19,1,-1
18043,0,18044,0.07776673883199692,-0.10767702013254166,9.853643417358398,18044,0.62445068359375,-0.00927734375,-0.00390625,0.781005859375,19,1,0
18044,0,18044,0.07776673883199692,-0.10767702013254166,9.853643417358398,18044,0.62445068359375,-0.00927734375,-0.00390625,0.781005859375,19,0,-1
18045,0,18045,0.07776673883199692,-0.10648060590028763,9.853643417358398,18044,0.62445068359375,-0.00927734375,-0.00390625,0.781005859375,19,1,-1
18045,0,18047,0.07776673883199692,-0.10648060590028763,9.853643417358398,18046,0.62445068359375,-0.00933837890625,-0.00390625,0.781005859375,19,1,0
18047,0,18047,0.07776673883199692,-0.10648060590028763,9.853643417358398,18046,0.62445068359375,-0.00933837890625,-0.00390625,0.781005859375,19,0,-1
18047,0,18048,0.07776673883199692,-0.10648060590028763,9.853643417358398,18046,0.62445068359375,-0.00933837890625,-0.00390625,0.781005859375,19,1,-1
18048,0,18048,0.07776673883199692,-0.10648060590028763,9.853643417358398,18046,0.62445068359375,-0.00933837890625,-0.00390625,0.781005859375,19,0,-1
18048,0,18048,0.07776673883199692,-0.10648060590028763,9.853643417358398,18046,0.62445068359375,-0.00933837890625,-0.00390625,0.781005859375,19,0,-1
18048,0,18049,0.07776673883199692,-0.10767702013254166,9.853643417358398,18046,0.62445068359375,-0.00933837890625,-0.00390625,0.781005859375,19,1,-1
18049,0,18049,0.07776673883199692,-0.10767702013254166,9.853643417358398,18046,0.62445068359375,-0.00933837890625,-0.00390625,0.781005859375,19,0,-1
18049,0,18049,0.07776673883199692,-0.10767702013254166,9.853643417358398,18046,0.62445068359375,-0.00933837890625,-0.00390625,0.781005859375,19,0,-1
18049,0,18051,0.07776673883199692,-0.10767702013254166,9.853643417358398,18050,0.62445068359375,-0.00927734375,-0.00390625,0.781005859375,19,1,0
18051,0,18051,0.07776673883199692,-0.10767702013254166,9.853643417358398,18050,0.62445068359375,-0.00927734375,-0.00390625,0.781005859375,19,0,-1
18051,0,18051,0.07776673883199692,-0.10767702013254166,9.853643417358398,18050,0.62445068359375,-0.00927734375,-0.00390625,0.781005859375,19,0,-1
18051,0,18051,0.07776673883199692,-0.10767702013254166,9.853643417358398,18050,0.62445068359375,-0.00927734375,-0.00390625,0.781005859375,19,0,-1
18052,0,18052,0.07657032459974289,-0.10767702013254166,9.853643417358398,18050,0.62445068359375,-0.00927734375,-0.00390625,0.781005859375,19,1,-1
18052,0,18052,0.07657032459974289,-0.10767702013254166,9.853643417358398,18050,0.62445068359375,-0.00927734375,-0.00390625,0.781005859375,19,0,-1
18053,0,18054,0.07657032459974289,-0.10767702013254166,9.853643417358398,18053,0.62445068359375,-0.00927734375,-0.00390625,0.781005859375,19,1,0
18054,0,18055,0.07657032459974289,-0.10767702013254166,9.853643417358398,18053,0.62445068359375,-0.00927734375,-0.00390625,0.781005859375,19,1,-1
18055,0,18056,0.07657032459974289,-0.10767702013254166,9.853643417358398,18055,0.62445068359375,-0.00933837890625,-0.00390625,0.781005859375,19,1,0
18056,0,18056,0.07657032459974289,-0.10767702013254166,9.853643417358398,18055,0.62445068359375,-0.00933837890625,-0.00390625,0.781005859375,19,0,-1
18056,0,18057,0.07657032459974289,-0.10767702013254166,9.853643417358398,18055,0.62445068359375,-0.00933837890625,-0.00390625,0.781005859375,19,1,-1
18057,0,18057,0.07657032459974289,-0.10767702013254166,9.853643417358398,18055,0.62445068359375,-0.00933837890625,-0.00390625,0.781005859375,19,0,-1
18057,0,18057,0.07657032459974289,-0.10767702013254166,9.853643417358398,18055,0.62445068359375,-0.00933837890625,-0.00390625,0.781005859375,19,0,-1
18057,0,18058,0.07657032459974289,-0.10767702013254166,9.853643417358398,18055,0.62445068359375,-0.00933837890625,-0.00390625,0.781005859375,19,1,-1
18058,0,18060,0.07657032459974289,-0.10648060590028763,9.853643417358398,18059,0.62445068359375,-0.00933837890625,-0.00390625,0.781005859375,19,1,0
18060,0,18060,0.07657032459974289,-0.10648060590028763,9.853643417358398,18059,0.62445068359375,-0.00933837890625,-0.00390625,0.781005859375,19,0,-1
18060,0,18060,0.07657032459974289,-0.10648060590028763,9.853643417358398,18059,0.62445068359375,-0.00933837890625,-0.00390625,0.781005859375,19,1,-1
18060,0,18060,0.07657032459974289,-0.10648060590028763,9.853643417358398,18059,0.62445068359375,-0.00933837890625,-0.00390625,0.781005859375,19,0,-1
18061,0,18060,0.07657032459974289,-0.10648060590028763,9.853643417358398,18059,0.62445068359375,-0.00933837890625,-0.00390625,0.781005859375,19,0,-1
18061,0,18062,0.07657032459974289,-0.10648060590028763,9.853643417358398,18059,0.62445068359375,-0.00933837890625,-0.00390625,0.781005859375,19,1,-1
18062,0,18063,0.07657032459974289,-0.10648060590028763,9.853643417358398,18063,0.62445068359375,-0.00933837890625,-0.00390625,0.781005859375,19,1,0
18063,0,18063,0.07657032459974289,-0.10648060590028763,9.853643417358398,18063,0.62445068359375,-0.00933837890625,-0.00390625,0.781005859375,19,0,-1
18063,0,18064,0.07657032459974289,-0.10648060590028763,9.853643417358398,18063,0.62445068359375,-0.00933837890625,-0.00390625,0.781005859375,19,1,-1
18064,0,18064,0.07657032459974289,-0.10648060590028763,9.853643417358398,18063,0.62445068359375,-0.00933837890625,-0.00390625,0.781005859375,19,0,-1
18064,0,18064,0.07657032459974289,-0.10648060590028763,9.853643417358398,18063,0.62445068359375,-0.00933837890625,-0.00390625,0.781005859375,19,0,-1
18064,0,18066,0.07657032459974289,-0.10648060590028763,9.853643417358398,18065,0.62445068359375,-0.00933837890625,-0.00390625,0.781005859375,19,1,0
18066,0,18067,0.07657032459974289,-0.10767702013254166,9.853643417358398,18065,0.62445068359375,-0.00933837890625,-0.00390625,0.781005859375,19,1,-1
18067,0,18067,0.07657032459974289,-0.10767702013254166,9.853643417358398,18065,0.62445068359375,-0.00933837890625,-0.00390625,0.781005859375,19,0,-1
18067,0,18067,0.07657032459974289,-0.10648060590028763,9.853643417358398,18065,0.62445068359375,-0.00933837890625,-0.00390625,0.781005859375,19,1,-1
18067,0,18069,0.07657032459974289,-0.10648060590028763,9.853643417358398,18068,0.62445068359375,-0.00933837890625,-0.00390625,0.781005859375,19,1,0
18069,0,18069,0.07657032459974289,-0.10648060590028763,9.853643417358398,18068,0.62445068359375,-0.00933837890625,-0.00390625,0.781005859375,19,0,-1
18069,0,18070,0.07657032459974289,-0.10648060590028763,9.853643417358398,18068,0.62445068359375,-0.00933837890625,-0.00390625,0.781005859375,19,1,-1
18070,0,18070,0.07657032459974289,-0.10648060590028763,9.853643417358398,18068,0.62445068359375,-0.00933837890625,-0.00390625,0.781005859375,19,0,-1
18070,0,18071,0.07657032459974289,-0.10648060590028763,9.853643417358398,18071,0.62445068359375,-0.00933837890625,-0.00390625,0.781005859375,19,1,0
18071,0,18072,0.07657032459974289,-0.10648060590028763,9.853643417358398,18071,0.62445068359375,-0.00933837890625,-0.00390625,0.781005859375,19,1,-1
18072,0,18072,0.07657032459974289,-0.10648060590028763,9.853643417358398,18071,0.62445068359375,-0.00933837890625,-0.00390625,0.781005859375,19,0,-1
18072,0,18072,0.07657032459974289,-0.10648060590028763,9.853643417358398,18071,0.62445068359375,-0.00933837890625,-0.00390625,0.781005859375,19,0,-1
18073,0,18074,0.07657032459974289,-0.10648060590028763,9.853643417358398,18074,0.62445068359375,-0.00933837890625,-0.00390625,0.781005859375,19,1,0
18074,0,18074,0.07657032459974289,-0.10648060590028763,9.853643417358398,18074,0.62445068359375,-0.00933837890625,-0.00390625,0.781005859375,19,0,-1
18074,0,18074,0.07657032459974289,-0.10648060590028763,9.853643417358398,18074,0.62445068359375,-0.00933837890625,-0.00390625,0.781005859375,19,0,-1
18075,0,18076,0.07657032459974289,-0.10648060590028763,9.853643417358398,18076,0.62445068359375,-0.00933837890625,-0.00390625,0.781005859375,19,1,0
18076,0,18077,0.07537391036748886,-0.10648060590028763,9.853643417358398,18076,0.62445068359375,-0.00933837890625,-0.00390625,0.781005859375,19,1,-1
18077,0,18077,0.07537391036748886,-0.10648060590028763,9.853643417358398,18076,0.62445068359375,-0.00933837890625,-0.00390625,0.781005859375,19,0,-1
18077,0,18077,0.07537391036748886,-0.10648060590028763,9.853643417358398,18076,0.62445068359375,-0.00933837890625,-0.00390625,0.781005859375,19,0,-1
18077,0,18078,0.07657032459974289,-0.10648060590028763,9.853643417358398,18076,0.62445068359375,-0.00933837890625,-0.00390625,0.781005859375,19,1,-1
18078,0,18079,0.07657032459974289,-0.10648060590028763,9.853643417358398,18079,0.62445068359375,-0.00933837890625,-0.00390625,0.781005859375,19,1,0
18079,0,18080,0.07657032459974289,-0.10648060590028763,9.853643417358398,18079,0.62445068359375,-0.00933837890625,-0.00390625,0.781005859375,19,1,-1
18080,0,18082,0.07657032459974289,-0.10648060590028763,9.853643417358398,18081,0.62445068359375,-0.00927734375,-0.00390625,0.781005859375,19,1,0
18082,0,18082,0.07657032459974289,-0.10648060590028763,9.853643417358398,18081,0.62445068359375,-0.00927734375,-0.00390625,0.781005859375,19,0,-1
18082,0,18083,0.07657032459974289,-0.10648060590028763,9.853643417358398,18081,0.62445068359375,-0.00927734375,-0.00390625,0.781005859375,19,1,-1
18083,0,18083,0.07657032459974289,-0.10648060590028763,9.853643417358398,18081,0.62445068359375,-0.00927734375,-0.00390625,0.781005859375,19,0,-1
18083,0,18083,0.07657032459974289,-0.10648060590028763,9.853643417358398,18081,0.62445068359375,-0.00927734375,-0.00390625,0.781005859375,19,0,-1
18083,0,18084,0.07657032459974289,-0.10648060590028763,9.853643417358398,18081,0.62445068359375,-0.00927734375,-0.00390625,0.781005859375,19,1,-1
18084,0,18085,0.07657032459974289,-0.10648060590028763,9.853643417358398,18085,0.62445068359375,-0.00927734375,-0.00390625,0.781005859375,19,1,0
18085,0,18085,0.07657032459974289,-0.10648060590028763,9.853643417358398,18085,0.62445068359375,-0.00927734375,-0.00390625,0.781005859375,19,0,-1
18085,0,18086,0.07657032459974289,-0.10648060590028763,9.853643417358398,18085,0.62445068359375,-0.00927734375,-0.00390625,0.781005859375,19,1,-1
18086,0,18086,0.07657032459974289,-0.10648060590028763,9.853643417358398,18085,0.62445068359375,-0.00927734375,-0.00390625,0.781005859375,19,0,-1
18086,0,18086,0.07657032459974289,-0.10648060590028763,9.853643417358398,18085,0.62445068359375,-0.00927734375,-0.00390625,0.781005859375,19,0,-1
18087,0,18088,0.07657032459974289,-0.10648060590028763,9.853643417358398,18088,0.62445068359375,-0.00927734375,-0.00390625,0.781005859375,19,1,0
18088,0,18089,0.07776673883199692,-0.10648060590028763,9.854840278625488,18089,0.62445068359375,-0.00927734375,-0.00390625,0.781005859375,19,1,0
18089,0,18089,0.07776673883199692,-0.10648060590028763,9.854840278625488,18089,0.62445068359375,-0.00927734375,-0.00390625,0.781005859375,19,0,-1
18090,0,18089,0.07776673883199692,-0.10648060590028763,9.854840278625488,18089,0.62445068359375,-0.00927734375,-0.00390625,0.781005859375,19,0,-1
18090,0,18091,0.07776673883199692,-0.10648060590028763,9.853643417358398,18089,0.62445068359375,-0.00927734375,-0.00390625,0.781005859375,19,1,-1
18091,0,18091,0.07776673883199692,-0.10648060590028763,9.853643417358398,18089,0.62445068359375,-0.00927734375,-0.00390625,0.781005859375,19,0,-1
18091,0,18091,0.07776673883199692,-0.10648060590028763,9.853643417358398,18089,0.62445068359375,-0.00927734375,-0.00390625,0.781005859375,19,0,-1
18091,0,18092,0.07776673883199692,-0.10767702013254166,9.853643417358398,18089,0.62445068359375,-0.00927734375,-0.00390625,0.781005859375,19,1,-1
18092,0,18092,0.07776673883199692,-0.10767702013254166,9.853643417358398,18089,0.62445068359375,-0.00927734375,-0.00390625,0.781005859375,19,0,-1
18092,0,18092,0.07776673883199692,-0.10767702013254166,9.853643417358398,18089,0.62445068359375,-0.00927734375,-0.00390625,0.781005859375,19,0,-1
18092,0,18094,0.07776673883199692,-0.10648060590028763,9.853643417358398,18093,0.62451171875,-0.00927734375,-0.00390625,0.78094482421875,19,1,0
18094,0,18094,0.07776673883199692,-0.10648060590028763,9.853643417358398,18093,0.62451171875,-0.00927734375,-0.00390625,0.78094482421875,19,1,-1
18094,0,18094,0.07776673883199692,-0.10648060590028763,9.853643417358398,18093,0.62451171875,-0.00927734375,-0.00390625,0.78094482421875,19,0,-1
18095,0,18095,0.07896314561367035,-0.10648060590028763,9.853643417358398,18093,0.62451171875,-0.00927734375,-0.00390625,0.78094482421875,19,1,-1
18095,0,18097,0.07896314561367035,-0.10648060590028763,9.854840278625488,18096,0.62445068359375,-0.00927734375,-0.00390625,0.78094482421875,19,1,0
18097,0,18097,0.07896314561367035,-0.10648060590028763,9.854840278625488,18096,0.62445068359375,-0.00927734375,-0.00390625,0.78094482421875,19,0,-1
18097,0,18098,0.07776673883199692,-0.10648060590028763,9.854840278625488,18096,0.62445068359375,-0.00927734375,-0.00390625,0.78094482421875,19,1,-1
18098,0,18098,0.07776673883199692,-0.10648060590028763,9.854840278625488,18096,0.62445068359375,-0.00927734375,-0.00390625,0.78094482421875,19,0,-1
18098,0,18098,0.07776673883199692,-0.10648060590028763,9.854840278625488,18096,0.62445068359375,-0.00927734375,-0.00390625,0.78094482421875,19,0,-1
18098,0,18099,0.07776673883199692,-0.10648060590028763,9.853643417358398,18096,0.62445068359375,-0.00927734375,-0.00390625,0.78094482421875,19,1,-1
18099,0,18100,0.07776673883199692,-0.10648060590028763,9.853643417358398,18100,0.62445068359375,-0.00927734375,-0.00390625,0.781005859375,19,1,0
18100,0,18102,0.07776673883199692,-0.10648060590028763,9.853643417358398,18101,0.62445068359375,-0.00927734375,-0.00390625,0.781005859375,19,1,0
18102,0,18102,0.07776673883199692,-0.10767702013254166,9.853643417358398,18101,0.62445068359375,-0.00927734375,-0.00390625,0.781005859375,19,1,-1
18102,0,18102,0.07776673883199692,-0.10767702013254166,9.853643417358398,18101,0.62445068359375,-0.00927734375,-0.00390625,0.781005859375,19,0,-1
18103,0,18102,0.07776673883199692,-0.10767702013254166,9.853643417358398,18101,0.62445068359375,-0.00927734375,-0.00390625,0.781005859375,19,0,-1
18103,0,18104,0.07776673883199692,-0.10767702013254166,9.853643417358398,18101,0.62445068359375,-0.00927734375,-0.00390625,0.781005859375,19,1,-1
18104,0,18104,0.07776673883199692,-0.10767702013254166,9.853643417358398,18101,0.62445068359375,-0.00927734375,-0.00390625,0.781005859375,19,0,-1
18104,0,18105,0.07776673883199692,-0.10648060590028763,9.853643417358398,18105,0.62445068359375,-0.00927734375,-0.00390625,0.781005859375,19,1,0
18105,0,18106,0.07657032459974289,-0.10648060590028763,9.853643417358398,18105,0.62445068359375,-0.00927734375,-0.00390625,0.781005859375,19,1,-1
18106,0,18106,0.07657032459974289,-0.10648060590028763,9.853643417358398,18105,0.62445068359375,-0.00927734375,-0.00390625,0.781005859375,19,0,-1
18106,0,18106,0.07657032459974289,-0.10648060590028763,9.853643417358398,18105,0.62445068359375,-0.00927734375,-0.00390625,0.781005859375,19,0,-1
18106,0,18107,0.07657032459974289,-0.10648060590028763,9.853643417358398,18105,0.62445068359375,-0.00927734375,-0.00390625,0.781005859375,19,1,-1
18107,0,18107,0.07657032459974289,-0.10648060590028763,9.853643417358398,18105,0.62445068359375,-0.00927734375,-0.00390625,0.781005859375,19,0,-1
18107,0,18107,0.07657032459974289,-0.10648060590028763,9.853643417358398,18105,0.62445068359375,-0.00927734375,-0.00390625,0.781005859375,19,0,-1
18108,0,18109,0.07657032459974289,-0.10767702013254166,9.853643417358398,18109,0.62451171875,-0.00927734375,-0.00390625,0.78094482421875,19,1,0
18109,0,18109,0.07657032459974289,-0.10767702013254166,9.853643417358398,18109,0.62451171875,-0.00927734375,-0.00390625,0.78094482421875,19,0,-1
18109,0,18109,0.07657032459974289,-0.10767702013254166,9.853643417358398,18109,0.62451171875,-0.00927734375,-0.00390625,0.78094482421875,19,0,-1
18110,0,18109,0.07657032459974289,-0.10767702013254166,9.853643417358398,18109,0.62451171875,-0.00927734375,-0.00390625,0.78094482421875,19,0,-1
18110,0,18111,0.07776673883199692,-0.10648060590028763,9.853643417358398,18111,0.62451171875,-0.00927734375,-0.00390625,0.78094482421875,19,1,0
18111,0,18112,0.07776673883199692,-0.10767702013254166,9.853643417358398,18111,0.62451171875,-0.00927734375,-0.00390625,0.78094482421875,19,1,-1
18112,0,18112,0.07776673883199692,-0.10767702013254166,9.853643417358398,18111,0.62451171875,-0.00927734375,-0.00390625,0.78094482421875,19,0,-1
18112,0,18113,0.07776673883199692,-0.10767702013254166,9.853643417358398,18111,0.62451171875,-0.00927734375,-0.00390625,0.78094482421875,19,1,-1
18113,0,18114,0.07776673883199692,-0.10648060590028763,9.853643417358398,18114,0.62451171875,-0.00927734375,-0.00390625,0.78094482421875,19,1,0
18114,0,18114,0.07776673883199692,-0.10648060590028763,9.853643417358398,18114,0.62451171875,-0.00927734375,-0.00390625,0.78094482421875,19,0,-1
18115,0,18115,0.07657032459974289,-0.10648060590028763,9.853643417358398,18114,0.62451171875,-0.00927734375,-0.00390625,0.78094482421875,19,1,-1
18115,0,18117,0.07776673883199692,-0.10648060590028763,9.853643417358398,18116,0.62451171875,-0.00933837890625,-0.00390625,0.78094482421875,19,1,0
18117,0,18118,0.07776673883199692,-0.10648060590028763,9.853643417358398,18116,0.62451171875,-0.00933837890625,-0.00390625,0.78094482421875,19,1,-1
18118,0,18119,0.07776673883199692,-0.10648060590028763,9.853643417358398,18118,0.62445068359375,-0.00933837890625,-0.00390625,0.781005859375,19,1,0
18119,0,18119,0.07776673883199692,-0.10648060590028763,9.853643417358398,18118,0.62445068359375,-0.00933837890625,-0.00390625,0.781005859375,19,0,-1
18119,0,18120,0.07776673883199692,-0.10767702013254166,9.853643417358398,18118,0.62445068359375,-0.00933837890625,-0.00390625,0.781005859375,19,1,-1
18120,0,18122,0.07776673883199692,-0.10767702013254166,9.853643417358398,18121,0.62445068359375,-0.00927734375,-0.00390625,0.781005859375,19,1,0
18122,0,18122,0.07776673883199692,-0.10767702013254166,9.853643417358398,18121,0.62445068359375,-0.00927734375,-0.00390625,0.781005859375,19,0,-1
18122,0,18122,0.07776673883199692,-0.10767702013254166,9.853643417358398,18121,0.62445068359375,-0.00927734375,-0.00390625,0.781005859375,19,0,-1
18123,0,18122,0.07776673883199692,-0.10767702013254166,9.853643417358398,18121,0.62445068359375,-0.00927734375,-0.00390625,0.781005859375,19,0,-1
18123,0,18123,0.07776673883199692,-0.10767702013254166,9.853643417358398,18121,0.62445068359375,-0.00927734375,-0.00390625,0.781005859375,19,1,-1
18123,0,18123,0.07776673883199692,-0.10767702013254166,9.853643417358398,18121,0.62445068359375,-0.00927734375,-0.00390625,0.781005859375,19,0,-1
18124,0,18125,0.07657032459974289,-0.10767702013254166,9.853643417358398,18125,0.62445068359375,-0.00933837890625,-0.00390625,0.781005859375,19,1,0
18125,0,18126,0.07776673883199692,-0.10767702013254166,9.853643417358398,18125,0.62445068359375,-0.00933837890625,-0.00390625,0.781005859375,19,1,-1
18126,0,18126,0.07776673883199692,-0.10767702013254166,9.853643417358398,18125,0.62445068359375,-0.00933837890625,-0.00390625,0.781005859375,19,0,-1
18126,0,18126,0.07776673883199692,-0.10767702013254166,9.853643417358398,18125,0.62445068359375,-0.00933837890625,-0.00390625,0.781005859375,19,0,-1
18126,0,18127,0.07657032459974289,-0.10767702013254166,9.853643417358398,18125,0.62445068359375,-0.00933837890625,-0.00390625,0.781005859375,19,1,-1
18127,0,18127,0.07657032459974289,-0.10767702013254166,9.853643417358398,18125,0.62445068359375,-0.00933837890625,-0.00390625,0.781005859375,19,0,-1
18127,0,18129,0.07657032459974289,-0.10767702013254166,9.853643417358398,18128,0.62445068359375,-0.00933837890625,-0.00390625,0.781005859375,19,1,0
18129,0,18129,0.07657032459974289,-0.10767702013254166,9.853643417358398,18128,0.62445068359375,-0.00933837890625,-0.00390625,0.781005859375,19,1,-1
18129,0,18129,0.07657032459974289,-0.10767702013254166,9.853643417358398,18128,0.62445068359375,-0.00933837890625,-0.00390625,0.781005859375,19,0,-1
18130,0,18131,0.07776673883199692,-0.10767702013254166,9.853643417358398,18131,0.62451171875,-0.00933837890625,-0.00390625,0.78094482421875,19,1,0
18131,0,18132,0.07776673883199692,-0.10767702013254166,9.853643417358398,18131,0.62451171875,-0.00933837890625,-0.00390625,0.78094482421875,19,1,-1
18132,0,18132,0.07776673883199692,-0.10767702013254166,9.853643417358398,18131,0.62451171875,-0.00933837890625,-0.00390625,0.78094482421875,19,0,-1
18132,0,18132,0.07776673883199692,-0.10767702013254166,9.853643417358398,18131,0.62451171875,-0.00933837890625,-0.00390625,0.78094482421875,19,0,-1
18132,0,18133,0.07776673883199692,-0.10767702013254166,9.853643417358398,18131,0.62451171875,-0.00933837890625,-0.00390625,0.78094482421875,19,1,-1
18133,0,18134,0.07776673883199692,-0.10767702013254166,9.853643417358398,18134,0.62451171875,-0.00933837890625,-0.00390625,0.78094482421875,19,1,0
18134,0,18135,0.07776673883199692,-0.10767702013254166,9.853643417358398,18134,0.62451171875,-0.00933837890625,-0.00390625,0.78094482421875,19,1,-1
18135,0,18137,0.07776673883199692,-0.10767702013254166,9.853643417358398,18136,0.62445068359375,-0.00933837890625,-0.00390625,0.781005859375,19,1,0
18137,0,18137,0.07776673883199692,-0.10767702013254166,9.853643417358398,18136,0.62445068359375,-0.00933837890625,-0.00390625,0.781005859375,19,0,-1
18137,0,18137,0.07776673883199692,-0.10767702013254166,9.853643417358398,18136,0.62445068359375,-0.00933837890625,-0.00390625,0.781005859375,19,1,-1
18137,0,18139,0.07776673883199692,-0.10767702013254166,9.854840278625488,18138,0.62445068359375,-0.00933837890625,-0.00390625,0.781005859375,19,1,0
18139,0,18139,0.07776673883199692,-0.10767702013254166,9.854840278625488,18138,0.62445068359375,-0.00933837890625,-0.00390625,0.781005859375,19,0,-1
18139,0,18140,0.07776673883199692,-0.10767702013254166,9.854840278625488,18138,0.62445068359375,-0.00933837890625,-0.00390625,0.781005859375,19,1,-1
18140,0,18140,0.07776673883199692,-0.10767702013254166,9.854840278625488,18138,0.62445068359375,-0.00933837890625,-0.00390625,0.781005859375,19,0,-1
18140,0,18142,0.07776673883199692,-0.10767702013254166,9.854840278625488,18141,0.62445068359375,-0.00933837890625,-0.00390625,0.781005859375,19,1,0
18142,0,18142,0.07776673883199692,-0.10767702013254166,9.854840278625488,18141,0.62445068359375,-0.00933837890625,-0.00390625,0.781005859375,19,1,-1
18142,0,18142,0.07776673883199692,-0.10767702013254166,9.854840278625488,18141,0.62445068359375,-0.00933837890625,-0.00390625,0.781005859375,19,0,-1
18142,0,18142,0.07776673883199692,-0.10767702013254166,9.854840278625488,18141,0.62445068359375,-0.00933837890625,-0.00390625,0.781005859375,19,0,-1
18143,0,18143,0.07776673883199692,-0.10767702013254166,9.854840278625488,18141,0.62445068359375,-0.00933837890625,-0.00390625,0.781005859375,19,1,-1
18143,0,18145,0.07657032459974289,-0.10767702013254166,9.854840278625488,18144,0.62445068359375,-0.00933837890625,-0.00390625,0.781005859375,19,1,0
18145,0,18145,0.07657032459974289,-0.10767702013254166,9.854840278625488,18144,0.62445068359375,-0.00933837890625,-0.00390625,0.781005859375,19,0,-1
18145,0,18146,0.07657032459974289,-0.10767702013254166,9.854840278625488,18146,0.62445068359375,-0.00933837890625,-0.00390625,0.781005859375,19,1,0
18146,0,18146,0.07657032459974289,-0.10767702013254166,9.854840278625488,18146,0.62445068359375,-0.00933837890625,-0.00390625,0.781005859375,19,0,-1
18147,0,18146,0.07657032459974289,-0.10767702013254166,9.854840278625488,18146,0.62445068359375,-0.00933837890625,-0.00390625,0.781005859375,19,0,-1
18147,0,18146,0.07657032459974289,-0.10767702013254166,9.854840278625488,18146,0.62445068359375,-0.00933837890625,-0.00390625,0.781005859375,19,0,-1
18147,0,18149,0.07657032459974289,-0.10767702013254166,9.854840278625488,18148,0.62445068359375,-0.00933837890625,-0.00390625,0.781005859375,19,1,0
18149,0,18149,0.07537391036748886,-0.10767702013254166,9.854840278625488,18148,0.62445068359375,-0.00933837890625,-0.00390625,0.781005859375,19,1,-1
18149,0,18149,0.07537391036748886,-0.10767702013254166,9.854840278625488,18148,0.62445068359375,-0.00933837890625,-0.00390625,0.781005859375,19,0,-1
18150,0,18150,0.07537391036748886,-0.10767702013254166,9.854840278625488,18148,0.62445068359375,-0.00933837890625,-0.00390625,0.781005859375,19,1,-1
18150,0,18152,0.07657032459974289,-0.10767702013254166,9.853643417358398,18151,0.62451171875,-0.00933837890625,-0.00390625,0.78094482421875,19,1,0
18152,0,18152,0.07537391036748886,-0.10767702013254166,9.853643417358398,18151,0.62451171875,-0.00933837890625,-0.00390625,0.78094482421875,19,1,-1
18152,0,18152,0.07537391036748886,-0.10767702013254166,9.853643417358398,18151,0.62451171875,-0.00933837890625,-0.00390625,0.78094482421875,19,0,-1
18153,0,18152,0.07537391036748886,-0.10767702013254166,9.853643417358398,18151,0.62451171875,-0.00933837890625,-0.00390625,0.78094482421875,19,0,-1
18153,0,18154,0.07537391036748886,-0.10767702013254166,9.854840278625488,18151,0.62451171875,-0.00933837890625,-0.00390625,0.78094482421875,19,1,-1
18154,0,18155,0.07657032459974289,-0.10767702013254166,9.854840278625488,18155,0.62445068359375,-0.00933837890625,-0.00390625,0.781005859375,19,1,0
18155,0,18157,0.07657032459974289,-0.10767702013254166,9.854840278625488,18156,0.62445068359375,-0.00933837890625,-0.00390625,0.781005859375,19,1,0
18157,0,18157,0.07537391036748886,-0.10767702013254166,9.853643417358398,18156,0.62445068359375,-0.00933837890625,-0.00390625,0.781005859375,19,1,-1
18157,0,18157,0.07537391036748886,-0.10767702013254166,9.853643417358398,18156,0.62445068359375,-0.00933837890625,-0.00390625,0.781005859375,19,0,-1
18157,0,18157,0.07537391036748886,-0.10767702013254166,9.853643417358398,18156,0.62445068359375,-0.00933837890625,-0.00390625,0.781005859375,19,0,-1
18158,0,18159,0.07657032459974289,-0.10767702013254166,9.854840278625488,18159,0.62445068359375,-0.00927734375,-0.00390625,0.781005859375,19,1,0
18159,0,18160,0.07657032459974289,-0.10648060590028763,9.853643417358398,18159,0.62445068359375,-0.00927734375,-0.00390625,0.781005859375,19,1,-1
18160,0,18160,0.07657032459974289,-0.10648060590028763,9.853643417358398,18159,0.62445068359375,-0.00927734375,-0.00390625,0.781005859375,19,0,-1
18160,0,18161,0.07657032459974289,-0.10767702013254166,9.853643417358398,18159,0.62445068359375,-0.00927734375,-0.00390625,0.781005859375,19,1,-1
18161,0,18161,0.07657032459974289,-0.10767702013254166,9.853643417358398,18159,0.62445068359375,-0.00927734375,-0.00390625,0.781005859375,19,0,-1
18161,0,18162,0.07657032459974289,-0.10767702013254166,9.853643417358398,18162,0.62445068359375,-0.00927734375,-0.00390625,0.781005859375,19,1,0
18162,0,18163,0.07657032459974289,-0.10767702013254166,9.853643417358398,18162,0.62445068359375,-0.00927734375,-0.00390625,0.781005859375,19,1,-1
18163,0,18163,0.07657032459974289,-0.10767702013254166,9.853643417358398,18162,0.62445068359375,-0.00927734375,-0.00390625,0.781005859375,19,0,-1
18163,0,18163,0.07657032459974289,-0.10767702013254166,9.853643417358398,18162,0.62445068359375,-0.00927734375,-0.00390625,0.781005859375,19,0,-1
18164,0,18164,0.07657032459974289,-0.10767702013254166,9.853643417358398,18162,0.62445068359375,-0.00927734375,-0.00390625,0.781005859375,19,1,-1
18164,0,18166,0.07657032459974289,-0.10767702013254166,9.853643417358398,18165,0.62451171875,-0.00927734375,-0.00390625,0.78094482421875,19,1,0
18166,0,18166,0.07657032459974289,-0.10767702013254166,9.853643417358398,18165,0.62451171875,-0.00927734375,-0.00390625,0.78094482421875,19,0,-1
18166,0,18167,0.07657032459974289,-0.10767702013254166,9.853643417358398,18165,0.62451171875,-0.00927734375,-0.00390625,0.78094482421875,19,1,-1
18167,0,18168,0.07657032459974289,-0.10767702013254166,9.853643417358398,18167,0.62445068359375,-0.00927734375,-0.00390625,0.781005859375,19,1,0
18168,0,18168,0.07657032459974289,-0.10767702013254166,9.853643417358398,18167,0.62445068359375,-0.00927734375,-0.00390625,0.781005859375,19,0,-1
18168,0,18169,0.07657032459974289,-0.10767702013254166,9.853643417358398,18167,0.62445068359375,-0.00927734375,-0.00390625,0.781005859375,19,1,-1
18169,0,18169,0.07657032459974289,-0.10767702013254166,9.853643417358398,18167,0.62445068359375,-0.00927734375,-0.00390625,0.781005859375,19,0,-1
18169,0,18170,0.07657032459974289,-0.10767702013254166,9.853643417358398,18170,0.62445068359375,-0.00927734375,-0.00390625,0.781005859375,19,1,0
18170,0,18170,0.07657032459974289,-0.10767702013254166,9.853643417358398,18170,0.62445068359375,-0.00927734375,-0.00390625,0.781005859375,19,0,-1
18171,0,18171,0.07657032459974289,-0.10767702013254166,9.853643417358398,18170,0.62445068359375,-0.00927734375,-0.00390625,0.781005859375,19,1,-1
18171,0,18173,0.07657032459974289,-0.10767702013254166,9.853643417358398,18172,0.62445068359375,-0.00927734375,-0.00384521484375,0.78094482421875,19,1,0
18173,0,18173,0.07657032459974289,-0.10767702013254166,9.853643417358398,18172,0.62445068359375,-0.00927734375,-0.00384521484375,0.78094482421875,19,0,-1
18173,0,18174,0.07657032459974289,-0.10767702013254166,9.854840278625488,18172,0.62445068359375,-0.00927734375,-0.00384521484375,0.78094482421875,19,1,-1
18174,0,18175,0.07657032459974289,-0.10767702013254166,9.854840278625488,18175,0.62445068359375,-0.00927734375,-0.00390625,0.781005859375,19,1,0
18175,0,18177,0.07657032459974289,-0.10767702013254166,9.854840278625488,18176,0.62445068359375,-0.00927734375,-0.00390625,0.781005859375,19,1,0
18177,0,18177,0.07657032459974289,-0.10767702013254166,9.854840278625488,18176,0.62445068359375,-0.00927734375,-0.00390625,0.781005859375,19,1,-1
18177,0,18177,0.07657032459974289,-0.10767702013254166,9.854840278625488,18176,0.62445068359375,-0.00927734375,-0.00390625,0.781005859375,19,0,-1
18177,0,18177,0.07657032459974289,-0.10767702013254166,9.854840278625488,18176,0.62445068359375,-0.00927734375,-0.00390625,0.781005859375,19,0,-1
18178,0,18179,0.07657032459974289,-0.10767702013254166,9.854840278625488,18179,0.62445068359375,-0.00927734375,-0.00390625,0.781005859375,19,1,0
18179,0,18179,0.07657032459974289,-0.10767702013254166,9.854840278625488,18179,0.62445068359375,-0.00927734375,-0.00390625,0.781005859375,19,0,-1
18179,0,18179,0.07657032459974289,-0.10767702013254166,9.854840278625488,18179,0.62445068359375,-0.00927734375,-0.00390625,0.781005859375,19,0,-1
18180,0,18179,0.07657032459974289,-0.10767702013254166,9.854840278625488,18179,0.62445068359375,-0.00927734375,-0.00390625,0.781005859375,19,0,-1
18180,0,18181,0.07657032459974289,-0.10767702013254166,9.854840278625488,18179,0.62445068359375,-0.00927734375,-0.00390625,0.781005859375,19,1,-1
18181,0,18181,0.07657032459974289,-0.10767702013254166,9.854840278625488,18179,0.62445068359375,-0.00927734375,-0.00390625,0.781005859375,19,0,-1
18181,0,18181,0.07657032459974289,-0.10767702013254166,9.854840278625488,18179,0.62445068359375,-0.00927734375,-0.00390625,0.781005859375,19,0,-1
18181,0,18182,0.07657032459974289,-0.10767702013254166,9.854840278625488,18179,0.62445068359375,-0.00927734375,-0.00390625,0.781005859375,19,1,-1
18182,0,18183,0.07657032459974289,-0.10767702013254166,9.853643417358398,18183,0.62445068359375,-0.00927734375,-0.00390625,0.781005859375,19,1,0
18183,0,18185,0.07657032459974289,-0.10767702013254166,9.853643417358398,18184,0.62445068359375,-0.00927734375,-0.00390625,0.781005859375,19,1,0
18185,0,18185,0.07657032459974289,-0.10767702013254166,9.853643417358398,18184,0.62445068359375,-0.00927734375,-0.00390625,0.781005859375,19,1,-1
18185,0,18185,0.07657032459974289,-0.10767702013254166,9.853643417358398,18184,0.62445068359375,-0.00927734375,-0.00390625,0.781005859375,19,0,-1
18185,0,18185,0.07657032459974289,-0.10767702013254166,9.853643417358398,18184,0.62445068359375,-0.00927734375,-0.00390625,0.781005859375,19,0,-1
18186,0,18186,0.07657032459974289,-0.10767702013254166,9.853643417358398,18184,0.62445068359375,-0.00927734375,-0.00390625,0.781005859375,19,1,-1
18186,0,18188,0.07657032459974289,-0.10767702013254166,9.853643417358398,18187,0.62445068359375,-0.00927734375,-0.00390625,0.781005859375,19,1,0
18188,0,18188,0.07657032459974289,-0.10767702013254166,9.853643417358398,18187,0.62445068359375,-0.00927734375,-0.00390625,0.781005859375,19,0,-1
18188,0,18189,0.07657032459974289,-0.10767702013254166,9.853643417358398,18187,0.62445068359375,-0.00927734375,-0.00390625,0.781005859375,19,1,-1
18189,0,18190,0.07657032459974289,-0.10767702013254166,9.853643417358398,18190,0.62445068359375,-0.00927734375,-0.00390625,0.781005859375,19,1,0
18190,0,18190,0.07657032459974289,-0.10767702013254166,9.853643417358398,18190,0.62445068359375,-0.00927734375,-0.00390625,0.781005859375,19,0,-1
18190,0,18191,0.07657032459974289,-0.10767702013254166,9.853643417358398,18190,0.62445068359375,-0.00927734375,-0.00390625,0.781005859375,19,1,-1
18191,0,18192,0.07657032459974289,-0.10767702013254166,9.853643417358398,18192,0.62445068359375,-0.00927734375,-0.00390625,0.781005859375,19,1,0
18192,0,18194,0.07657032459974289,-0.10767702013254166,9.852446556091309,18193,0.62445068359375,-0.00927734375,-0.00390625,0.781005859375,19,1,0
18194,0,18194,0.07657032459974289,-0.10767702013254166,9.852446556091309,18193,0.62445068359375,-0.00927734375,-0.00390625,0.781005859375,19,0,-1
18194,0,18195,0.07776673883199692,-0.10767702013254166,9.853643417358398,18193,0.62445068359375,-0.00927734375,-0.00390625,0.781005859375,19,1,-1
18195,0,18195,0.07776673883199692,-0.10767702013254166,9.853643417358398,18193,0.62445068359375,-0.00927734375,-0.00390625,0.781005859375,19,0,-1
18195,0,18195,0.07776673883199692,-0.10767702013254166,9.853643417358398,18193,0.62445068359375,-0.00927734375,-0.00390625,0.781005859375,19,0,-1
18195,0,18196,0.07776673883199692,-0.10767702013254166,9.853643417358398,18193,0.62445068359375,-0.00927734375,-0.00390625,0.781005859375,19,1,-1
18196,0,18197,0.07776673883199692,-0.10767702013254166,9.853643417358398,18197,0.62445068359375,-0.00927734375,-0.00390625,0.781005859375,19,1,0
18197,0,18197,0.07776673883199692,-0.10767702013254166,9.853643417358398,18197,0.62445068359375,-0.00927734375,-0.00390625,0.781005859375,19,0,-1
18198,0,18198,0.07776673883199692,-0.10767702013254166,9.853643417358398,18197,0.62445068359375,-0.00927734375,-0.00390625,0.781005859375,19,1,-1
18198,0,18198,0.07776673883199692,-0.10767702013254166,9.853643417358398,18197,0.62445068359375,-0.00927734375,-0.00390625,0.781005859375,19,0,-1
18198,0,18200,0.07776673883199692,-0.10767702013254166,9.853643417358398,18199,0.62445068359375,-0.00927734375,-0.00390625,0.781005859375,19,1,0
18200,0,18200,0.07776673883199692,-0.10767702013254166,9.853643417358398,18199,0.62445068359375,-0.00927734375,-0.00390625,0.781005859375,19,1,-1
18200,0,18202,0.07776673883199692,-0.10767702013254166,9.853643417358398,18201,0.62445068359375,-0.00927734375,-0.00390625,0.781005859375,19,1,0
18202,0,18202,0.07776673883199692,-0.10767702013254166,9.853643417358398,18201,0.62445068359375,-0.00927734375,-0.00390625,0.781005859375,19,0,-1
18202,0,18203,0.07776673883199692,-0.10767702013254166,9.853643417358398,18201,0.62445068359375,-0.00927734375,-0.00390625,0.781005859375,19,1,-1
18203,0,18204,0.07657032459974289,-0.10767702013254166,9.853643417358398,18204,0.62445068359375,-0.00927734375,-0.00390625,0.781005859375,19,1,0
18204,0,18204,0.07657032459974289,-0.10767702013254166,9.853643417358398,18204,0.62445068359375,-0.00927734375,-0.00390625,0.781005859375,19,0,-1
18205,0,18205,0.07657032459974289,-0.10767702013254166,9.853643417358398,18204,0.62445068359375,-0.00927734375,-0.00390625,0.781005859375,19,1,-1
18205,0,18207,0.07657032459974289,-0.10767702013254166,9.853643417358398,18206,0.62445068359375,-0.00927734375,-0.00390625,0.781005859375,19,1,0
18207,0,18207,0.07657032459974289,-0.10767702013254166,9.853643417358398,18206,0.62445068359375,-0.00927734375,-0.00390625,0.781005859375,19,1,-1
18207,0,18207,0.07657032459974289,-0.10767702013254166,9.853643417358398,18206,0.62445068359375,-0.00927734375,-0.00390625,0.781005859375,19,0,-1
18208,0,18207,0.07657032459974289,-0.10767702013254166,9.853643417358398,18206,0.62445068359375,-0.00927734375,-0.00390625,0.781005859375,19,0,-1
18208,0,18209,0.07657032459974289,-0.10767702013254166,9.853643417358398,18206,0.62445068359375,-0.00927734375,-0.00390625,0.781005859375,19,1,-1
18209,0,18210,0.07657032459974289,-0.10767702013254166,9.853643417358398,18209,0.62445068359375,-0.00927734375,-0.00390625,0.781005859375,19,1,0
18210,0,18211,0.07657032459974289,-0.10767702013254166,9.853643417358398,18211,0.62445068359375,-0.00927734375,-0.00390625,0.781005859375,19,1,0
18211,0,18212,0.07657032459974289,-0.10767702013254166,9.854840278625488,18211,0.62445068359375,-0.00927734375,-0.00390625,0.781005859375,19,1,-1
18212,0,18212,0.07657032459974289,-0.10767702013254166,9.854840278625488,18211,0.62445068359375,-0.00927734375,-0.00390625,0.781005859375,19,0,-1
18212,0,18212,0.07657032459974289,-0.10767702013254166,9.854840278625488,18211,0.62445068359375,-0.00927734375,-0.00390625,0.781005859375,19,0,-1
18213,0,18214,0.07537391036748886,-0.10648060590028763,9.854840278625488,18214,0.62445068359375,-0.00927734375,-0.00390625,0.781005859375,19,1,0
18214,0,18214,0.07537391036748886,-0.10648060590028763,9.854840278625488,18214,0.62445068359375,-0.00927734375,-0.00390625,0.781005859375,19,0,-1
18215,0,18214,0.07537391036748886,-0.10648060590028763,9.854840278625488,18214,0.62445068359375,-0.00927734375,-0.00390625,0.781005859375,19,0,-1
18215,0,18214,0.07537391036748886,-0.10648060590028763,9.854840278625488,18214,0.62445068359375,-0.00927734375,-0.00390625,0.781005859375,19,0,-1
18215,0,18216,0.07657032459974289,-0.10648060590028763,9.854840278625488,18214,0.62445068359375,-0.00927734375,-0.00390625,0.781005859375,19,1,-1
18216,0,18216,0.07657032459974289,-0.10648060590028763,9.854840278625488,18214,0.62445068359375,-0.00927734375,-0.00390625,0.781005859375,19,0,-1
18216,0,18217,0.07657032459974289,-0.10648060590028763,9.854840278625488,18217,0.62445068359375,-0.00927734375,-0.00390625,0.781005859375,19,1,0
18217,0,18218,0.07657032459974289,-0.10648060590028763,9.854840278625488,18217,0.62445068359375,-0.00927734375,-0.00390625,0.781005859375,19,1,-1
18218,0,18218,0.07657032459974289,-0.10648060590028763,9.854840278625488,18217,0.62445068359375,-0.00927734375,-0.00390625,0.781005859375,19,0,-1
18218,0,18220,0.07657032459974289,-0.10648060590028763,9.854840278625488,18219,0.62445068359375,-0.00927734375,-0.00390625,0.781005859375,19,1,0
18220,0,18220,0.07657032459974289,-0.10648060590028763,9.854840278625488,18219,0.62445068359375,-0.00927734375,-0.00390625,0.781005859375,19,1,-1
18220,0,18222,0.07657032459974289,-0.10648060590028763,9.853643417358398,18221,0.62445068359375,-0.00927734375,-0.00390625,0.781005859375,19,1,0
18222,0,18222,0.07657032459974289,-0.10648060590028763,9.853643417358398,18221,0.62445068359375,-0.00927734375,-0.00390625,0.781005859375,19,0,-1
18222,0,18223,0.07657032459974289,-0.10648060590028763,9.853643417358398,18221,0.62445068359375,-0.00927734375,-0.00390625,0.781005859375,19,1,-1
18223,0,18223,0.07657032459974289,-0.10648060590028763,9.853643417358398,18221,0.62445068359375,-0.00927734375,-0.00390625,0.781005859375,19,0,-1
18223,0,18224,0.07657032459974289,-0.10648060590028763,9.853643417358398,18224,0.62445068359375,-0.00927734375,-0.00390625,0.781005859375,19,1,0
18224,0,18225,0.07657032459974289,-0.10648060590028763,9.853643417358398,18224,0.62445068359375,-0.00927734375,-0.00390625,0.781005859375,19,1,-1
18225,0,18226,0.07657032459974289,-0.10648060590028763,9.853643417358398,18226,0.62445068359375,-0.00927734375,-0.00390625,0.781005859375,19,1,0
18226,0,18226,0.07657032459974289,-0.10648060590028763,9.853643417358398,18226,0.62445068359375,-0.00927734375,-0.00390625,0.781005859375,19,0,-1
18227,0,18227,0.07657032459974289,-0.10648060590028763,9.853643417358398,18226,0.62445068359375,-0.00927734375,-0.00390625,0.781005859375,19,1,-1
18227,0,18227,0.07657032459974289,-0.10648060590028763,9.853643417358398,18226,0.62445068359375,-0.00927734375,-0.00390625,0.781005859375,19,0,-1
18228,0,18227,0.07657032459974289,-0.10648060590028763,9.853643417358398,18226,0.62445068359375,-0.00927734375,-0.00390625,0.781005859375,19,0,-1
18228,0,18229,0.07657032459974289,-0.10648060590028763,9.853643417358398,18226,0.62445068359375,-0.00927734375,-0.00390625,0.781005859375,19,1,-1
18229,0,18229,0.07657032459974289,-0.10648060590028763,9.853643417358398,18226,0.62445068359375,-0.00927734375,-0.00390625,0.781005859375,19,0,-1
18229,0,18230,0.07657032459974289,-0.10648060590028763,9.853643417358398,18230,0.62445068359375,-0.00927734375,-0.00390625,0.781005859375,19,1,0
18230,0,18232,0.07657032459974289,-0.10767702013254166,9.853643417358398,18231,0.62445068359375,-0.00927734375,-0.00390625,0.781005859375,19,1,0
18232,0,18232,0.07657032459974289,-0.10767702013254166,9.853643417358398,18231,0.62445068359375,-0.00927734375,-0.00390625,0.781005859375,19,0,-1
18232,0,18232,0.07657032459974289,-0.10767702013254166,9.853643417358398,18231,0.62445068359375,-0.00927734375,-0.00390625,0.781005859375,19,0,-1
18232,0,18232,0.07657032459974289,-0.10767702013254166,9.853643417358398,18231,0.62445068359375,-0.00927734375,-0.00390625,0.781005859375,19,0,-1
18232,0,18233,0.07657032459974289,-0.10767702013254166,9.853643417358398,18231,0.62445068359375,-0.00927734375,-0.00390625,0.781005859375,19,1,-1
18233,0,18233,0.07657032459974289,-0.10767702013254166,9.853643417358398,18231,0.62445068359375,-0.00927734375,-0.00390625,0.781005859375,19,0,-1
18233,0,18235,0.07657032459974289,-0.10767702013254166,9.853643417358398,18234,0.62445068359375,-0.00927734375,-0.00390625,0.781005859375,19,1,0
18235,0,18235,0.07776673883199692,-0.10767702013254166,9.853643417358398,18234,0.62445068359375,-0.00927734375,-0.00390625,0.781005859375,19,1,-1
18235,0,18235,0.07776673883199692,-0.10767702013254166,9.853643417358398,18234,0.62445068359375,-0.00927734375,-0.00390625,0.781005859375,19,0,-1
18236,0,18235,0.07776673883199692,-0.10767702013254166,9.853643417358398,18234,0.62445068359375,-0.00927734375,-0.00390625,0.781005859375,19,0,-1
18236,0,18237,0.07776673883199692,-0.10767702013254166,9.853643417358398,18234,0.62445068359375,-0.00927734375,-0.00390625,0.781005859375,19,1,-1
18237,0,18237,0.07776673883199692,-0.10767702013254166,9.853643417358398,18234,0.62445068359375,-0.00927734375,-0.00390625,0.781005859375,19,0,-1
18237,0,18238,0.07657032459974289,-0.10767702013254166,9.853643417358398,18238,0.62445068359375,-0.00927734375,-0.00390625,0.781005859375,19,1,0
18238,0,18239,0.07657032459974289,-0.10767702013254166,9.853643417358398,18238,0.62445068359375,-0.00927734375,-0.00390625,0.781005859375,19,1,-1
18239,0,18239,0.07657032459974289,-0.10767702013254166,9.853643417358398,18238,0.62445068359375,-0.00927734375,-0.00390625,0.781005859375,19,0,-1
18239,0,18239,0.07657032459974289,-0.10767702013254166,9.853643417358398,18238,0.62445068359375,-0.00927734375,-0.00390625,0.781005859375,19,0,-1
18239,0,18240,0.07657032459974289,-0.10767702013254166,9.853643417358398,18238,0.62445068359375,-0.00927734375,-0.00390625,0.781005859375,19,1,-1
18240,0,18242,0.07776673883199692,-0.10767702013254166,9.853643417358398,18241,0.62445068359375,-0.00927734375,-0.00390625,0.781005859375,19,1,0
18242,0,18242,0.07776673883199692,-0.10767702013254166,9.853643417358398,18241,0.62445068359375,-0.00927734375,-0.00390625,0.781005859375,19,1,-1
18242,0,18242,0.07776673883199692,-0.10767702013254166,9.853643417358398,18241,0.62445068359375,-0.00927734375,-0.00390625,0.781005859375,19,0,-1
18243,0,18244,0.07776673883199692,-0.10767702013254166,9.853643417358398,18243,0.62445068359375,-0.00927734375,-0.00390625,0.781005859375,19,1,0
18244,0,18245,0.07776673883199692,-0.10767702013254166,9.853643417358398,18243,0.62445068359375,-0.00927734375,-0.00390625,0.781005859375,19,1,-1
18245,0,18245,0.07776673883199692,-0.10767702013254166,9.853643417358398,18243,0.62445068359375,-0.00927734375,-0.00390625,0.781005859375,19,0,-1
18245,0,18246,0.07776673883199692,-0.10767702013254166,9.853643417358398,18246,0.62445068359375,-0.00927734375,-0.00390625,0.781005859375,19,1,0
18246,0,18247,0.07657032459974289,-0.10767702013254166,9.853643417358398,18246,0.62445068359375,-0.00927734375,-0.00390625,0.781005859375,19,1,-1
18247,0,18247,0.07657032459974289,-0.10767702013254166,9.853643417358398,18246,0.62445068359375,-0.00927734375,-0.00390625,0.781005859375,19,0,-1
18247,0,18247,0.07657032459974289,-0.10767702013254166,9.853643417358398,18246,0.62445068359375,-0.00927734375,-0.00390625,0.781005859375,19,0,-1
18248,0,18248,0.07657032459974289,-0.10767702013254166,9.853643417358398,18246,0.62445068359375,-0.00927734375,-0.00390625,0.781005859375,19,1,-1
18248,0,18248,0.07657032459974289,-0.10767702013254166,9.853643417358398,18246,0.62445068359375,-0.00927734375,-0.00390625,0.781005859375,19,0,-1
18248,0,18248,0.07657032459974289,-0.10767702013254166,9.853643417358398,18246,0.62445068359375,-0.00927734375,-0.00390625,0.781005859375,19,0,-1
18249,0,18249,0.07657032459974289,-0.10767702013254166,9.853643417358398,18246,0.62445068359375,-0.00927734375,-0.00390625,0.781005859375,19,1,-1
18249,0,18251,0.07657032459974289,-0.10767702013254166,9.853643417358398,18250,0.62445068359375,-0.00933837890625,-0.00390625,0.781005859375,19,1,0
18251,0,18251,0.07657032459974289,-0.10767702013254166,9.853643417358398,18250,0.62445068359375,-0.00933837890625,-0.00390625,0.781005859375,19,0,-1
18251,0,18252,0.07776673883199692,-0.10767702013254166,9.853643417358398,18250,0.62445068359375,-0.00933837890625,-0.00390625,0.781005859375,19,1,-1
18252,0,18252,0.07776673883199692,-0.10767702013254166,9.853643417358398,18250,0.62445068359375,-0.00933837890625,-0.00390625,0.781005859375,19,0,-1
18252,0,18253,0.07776673883199692,-0.10767702013254166,9.853643417358398,18253,0.62445068359375,-0.00933837890625,-0.00390625,0.781005859375,19,1,0
18253,0,18254,0.07776673883199692,-0.10648060590028763,9.853643417358398,18253,0.62445068359375,-0.00933837890625,-0.00390625,0.781005859375,19,1,-1
18254,0,18255,0.07776673883199692,-0.10648060590028763,9.853643417358398,18255,0.62445068359375,-0.00933837890625,-0.00390625,0.781005859375,19,1,0
18255,0,18255,0.07776673883199692,-0.10648060590028763,9.853643417358398,18255,0.62445068359375,-0.00933837890625,-0.00390625,0.781005859375,19,0,-1
18256,0,18256,0.07776673883199692,-0.10648060590028763,9.853643417358398,18255,0.62445068359375,-0.00933837890625,-0.00390625,0.781005859375,19,1,-1
18256,0,18256,0.07776673883199692,-0.10648060590028763,9.853643417358398,18255,0.62445068359375,-0.00933837890625,-0.00390625,0.781005859375,19,0,-1
18257,0,18256,0.07776673883199692,-0.10648060590028763,9.853643417358398,18255,0.62445068359375,-0.00933837890625,-0.00390625,0.781005859375,19,0,-1
18257,0,18258,0.07776673883199692,-0.10648060590028763,9.853643417358398,18258,0.62445068359375,-0.00927734375,-0.00390625,0.781005859375,19,1,0
18258,0,18259,0.07896314561367035,-0.10648060590028763,9.853643417358398,18258,0.62445068359375,-0.00927734375,-0.00390625,0.781005859375,19,1,-1
18259,0,18259,0.07896314561367035,-0.10648060590028763,9.853643417358398,18258,0.62445068359375,-0.00927734375,-0.00390625,0.781005859375,19,0,-1
18259,0,18259,0.07896314561367035,-0.10648060590028763,9.853643417358398,18258,0.62445068359375,-0.00927734375,-0.00390625,0.781005859375,19,0,-1
18259,0,18260,0.07776673883199692,-0.10648060590028763,9.853643417358398,18258,0.62445068359375,-0.00927734375,-0.00390625,0.781005859375,19,1,-1
18260,0,18262,0.07776673883199692,-0.10648060590028763,9.853643417358398,18261,0.62445068359375,-0.00927734375,-0.00390625,0.781005859375,19,1,0
18262,0,18262,0.07776673883199692,-0.10648060590028763,9.853643417358398,18261,0.62445068359375,-0.00927734375,-0.00390625,0.781005859375,19,1,-1
18262,0,18262,0.07776673883199692,-0.10648060590028763,9.853643417358398,18261,0.62445068359375,-0.00927734375,-0.00390625,0.781005859375,19,0,-1
18263,0,18264,0.07896314561367035,-0.10648060590028763,9.853643417358398,18264,0.62445068359375,-0.00927734375,-0.00390625,0.781005859375,19,1,0
18264,0,18265,0.07896314561367035,-0.10648060590028763,9.853643417358398,18264,0.62445068359375,-0.00927734375,-0.00390625,0.781005859375,19,1,-1
18265,0,18266,0.07776673883199692,-0.10648060590028763,9.853643417358398,18266,0.62445068359375,-0.00927734375,-0.00390625,0.781005859375,19,1,0
18266,0,18267,0.07896314561367035,-0.10648060590028763,9.853643417358398,18266,0.62445068359375,-0.00927734375,-0.00390625,0.781005859375,19,1,-1
18267,0,18267,0.07896314561367035,-0.10648060590028763,9.853643417358398,18266,0.62445068359375,-0.00927734375,-0.00390625,0.781005859375,19,0,-1
18267,0,18267,0.07896314561367035,-0.10648060590028763,9.853643417358398,18266,0.62445068359375,-0.00927734375,-0.00390625,0.781005859375,19,0,-1
18267,0,18268,0.07896314561367035,-0.10648060590028763,9.853643417358398,18266,0.62445068359375,-0.00927734375,-0.00390625,0.781005859375,19,1,-1
18268,0,18268,0.07896314561367035,-0.10648060590028763,9.853643417358398,18266,0.62445068359375,-0.00927734375,-0.00390625,0.781005859375,19,0,-1
18268,0,18268,0.07896314561367035,-0.10648060590028763,9.853643417358398,18266,0.62445068359375,-0.00927734375,-0.00390625,0.781005859375,19,0,-1
18269,0,18269,0.07896314561367035,-0.10648060590028763,9.853643417358398,18266,0.62445068359375,-0.00927734375,-0.00390625,0.781005859375,19,1,-1
18269,0,18271,0.07896314561367035,-0.10648060590028763,9.853643417358398,18270,0.62445068359375,-0.00927734375,-0.00390625,0.781005859375,19,1,0
18271,0,18271,0.07896314561367035,-0.10648060590028763,9.853643417358398,18270,0.62445068359375,-0.00927734375,-0.00390625,0.781005859375,19,0,-1
18271,0,18272,0.07896314561367035,-0.10648060590028763,9.853643417358398,18270,0.62445068359375,-0.00927734375,-0.00390625,0.781005859375,19,1,-1
18272,0,18272,0.07896314561367035,-0.10648060590028763,9.853643417358398,18270,0.62445068359375,-0.00927734375,-0.00390625,0.781005859375,19,0,-1
18272,0,18272,0.07896314561367035,-0.10648060590028763,9.853643417358398,18270,0.62445068359375,-0.00927734375,-0.00390625,0.781005859375,19,0,-1
18272,0,18273,0.07896314561367035,-0.10648060590028763,9.853643417358398,18270,0.62445068359375,-0.00927734375,-0.00390625,0.781005859375,19,1,-1
18273,0,18274,0.07896314561367035,-0.1052841916680336,9.852446556091309,18274,0.62445068359375,-0.00927734375,-0.00384521484375,0.781005859375,19,1,0
18274,0,18274,0.07896314561367035,-0.1052841916680336,9.852446556091309,18274,0.62445068359375,-0.00927734375,-0.00384521484375,0.781005859375,19,0,-1
18274,0,18275,0.07896314561367035,-0.10648060590028763,9.853643417358398,18274,0.62445068359375,-0.00927734375,-0.00384521484375,0.781005859375,19,1,-1
18275,0,18275,0.07896314561367035,-0.10648060590028763,9.853643417358398,18274,0.62445068359375,-0.00927734375,-0.00384521484375,0.781005859375,19,0,-1
18275,0,18275,0.07896314561367035,-0.10648060590028763,9.853643417358398,18274,0.62445068359375,-0.00927734375,-0.00384521484375,0.781005859375,19,0,-1
18276,0,18276,0.07896314561367035,-0.10648060590028763,9.853643417358398,18274,0.62445068359375,-0.00927734375,-0.00384521484375,0.781005859375,19,1,-1
18276,0,18278,0.07896314561367035,-0.10648060590028763,9.853643417358398,18277,0.62445068359375,-0.00927734375,-0.00384521484375,0.781005859375,19,1,0
18278,0,18278,0.07896314561367035,-0.10648060590028763,9.853643417358398,18277,0.62445068359375,-0.00927734375,-0.00384521484375,0.781005859375,19,0,-1
18278,0,18279,0.07896314561367035,-0.10648060590028763,9.853643417358398,18277,0.62445068359375,-0.00927734375,-0.00384521484375,0.781005859375,19,1,-1
18279,0,18279,0.07896314561367035,-0.10648060590028763,9.853643417358398,18277,0.62445068359375,-0.00927734375,-0.00384521484375,0.781005859375,19,0,-1
18279,0,18280,0.07896314561367035,-0.10648060590028763,9.853643417358398,18280,0.62445068359375,-0.00927734375,-0.00384521484375,0.781005859375,19,1,0
18280,0,18282,0.07896314561367035,-0.10648060590028763,9.853643417358398,18281,0.62445068359375,-0.00927734375,-0.00384521484375,0.781005859375,19,1,0
18282,0,18282,0.07896314561367035,-0.10648060590028763,9.853643417358398,18281,0.62445068359375,-0.00927734375,-0.00384521484375,0.781005859375,19,1,-1
18282,0,18282,0.07896314561367035,-0.10648060590028763,9.853643417358398,18281,0.62445068359375,-0.00927734375,-0.00384521484375,0.781005859375,19,0,-1
18283,0,18283,0.07896314561367035,-0.10648060590028763,9.853643417358398,18281,0.62445068359375,-0.00927734375,-0.00384521484375,0.781005859375,19,1,-1
18283,0,18283,0.07896314561367035,-0.10648060590028763,9.853643417358398,18281,0.62445068359375,-0.00927734375,-0.00384521484375,0.781005859375,19,0,-1
18284,0,18285,0.08015955239534378,-0.10648060590028763,9.853643417358398,18284,0.62445068359375,-0.00927734375,-0.00384521484375,0.781005859375,19,1,0
18285,0,18286,0.07896314561367035,-0.10648060590028763,9.852446556091309,18284,0.62445068359375,-0.00927734375,-0.00384521484375,0.781005859375,19,1,-1
18286,0,18287,0.07896314561367035,-0.10648060590028763,9.852446556091309,18286,0.62445068359375,-0.00927734375,-0.00384521484375,0.781005859375,19,1,0
18287,0,18287,0.07896314561367035,-0.10648060590028763,9.852446556091309,18286,0.62445068359375,-0.00927734375,-0.00384521484375,0.781005859375,19,0,-1
18287,0,18288,0.07896314561367035,-0.10767702013254166,9.852446556091309,18286,0.62445068359375,-0.00927734375,-0.00384521484375,0.781005859375,19,1,-1
18288,0,18288,0.07896314561367035,-0.10767702013254166,9.852446556091309,18286,0.62445068359375,-0.00927734375,-0.00384521484375,0.781005859375,19,0,-1
18288,0,18288,0.07896314561367035,-0.10767702013254166,9.852446556091309,18286,0.62445068359375,-0.00927734375,-0.00384521484375,0.781005859375,19,0,-1
18288,0,18290,0.07896314561367035,-0.10767702013254166,9.853643417358398,18289,0.62445068359375,-0.00927734375,-0.00384521484375,0.781005859375,19,1,0
18290,0,18291,0.07896314561367035,-0.10767702013254166,9.852446556091309,18291,0.62445068359375,-0.00927734375,-0.00384521484375,0.781005859375,19,1,0
18291,0,18291,0.07896314561367035,-0.10767702013254166,9.852446556091309,18291,0.62445068359375,-0.00927734375,-0.00384521484375,0.781005859375,19,0,-1
18291,0,18291,0.07896314561367035,-0.10767702013254166,9.852446556091309,18291,0.62445068359375,-0.00927734375,-0.00384521484375,0.781005859375,19,0,-1
18292,0,18293,0.07896314561367035,-0.10767702013254166,9.852446556091309,18293,0.62445068359375,-0.00927734375,-0.00384521484375,0.781005859375,19,1,0
18293,0,18294,0.07896314561367035,-0.10767702013254166,9.852446556091309,18293,0.62445068359375,-0.00927734375,-0.00384521484375,0.781005859375,19,1,-1
18294,0,18294,0.07896314561367035,-0.10767702013254166,9.852446556091309,18293,0.62445068359375,-0.00927734375,-0.00384521484375,0.781005859375,19,0,-1
18294,0,18294,0.07896314561367035,-0.10767702013254166,9.852446556091309,18293,0.62445068359375,-0.00927734375,-0.00384521484375,0.781005859375,19,0,-1
18294,0,18295,0.07896314561367035,-0.10767702013254166,9.853643417358398,18293,0.62445068359375,-0.00927734375,-0.00384521484375,0.781005859375,19,1,-1
18295,0,18297,0.07896314561367035,-0.10767702013254166,9.853643417358398,18296,0.62445068359375,-0.00927734375,-0.00384521484375,0.781005859375,19,1,0
18297,0,18297,0.07896314561367035,-0.10767702013254166,9.853643417358398,18296,0.62445068359375,-0.00927734375,-0.00384521484375,0.781005859375,19,1,-1
18297,0,18299,0.07896314561367035,-0.10767702013254166,9.853643417358398,18298,0.62445068359375,-0.00927734375,-0.00384521484375,0.781005859375,19,1,0
18299,0,18299,0.07896314561367035,-0.10767702013254166,9.853643417358398,18298,0.62445068359375,-0.00927734375,-0.00384521484375,0.781005859375,19,0,-1
18299,0,18299,0.07896314561367035,-0.10767702013254166,9.853643417358398,18298,0.62445068359375,-0.00927734375,-0.00384521484375,0.781005859375,19,1,-1
18299,0,18299,0.07896314561367035,-0.10767702013254166,9.853643417358398,18298,0.62445068359375,-0.00927734375,-0.00384521484375,0.781005859375,19,0,-1
18300,0,18301,0.07896314561367035,-0.10767702013254166,9.853643417358398,18301,0.62445068359375,-0.00927734375,-0.00384521484375,0.781005859375,19,1,0
18301,0,18302,0.07896314561367035,-0.10767702013254166,9.853643417358398,18301,0.62445068359375,-0.00927734375,-0.00384521484375,0.781005859375,19,1,-1
18302,0,18302,0.07896314561367035,-0.10767702013254166,9.853643417358398,18301,0.62445068359375,-0.00927734375,-0.00384521484375,0.781005859375,19,0,-1
18302,0,18304,0.08015955239534378,-0.10767702013254166,9.853643417358398,18303,0.62445068359375,-0.00927734375,-0.00384521484375,0.781005859375,19,1,0
18304,0,18304,0.07896314561367035,-0.10767702013254166,9.853643417358398,18303,0.62445068359375,-0.00927734375,-0.00384521484375,0.781005859375,19,1,-1
18304,0,18304,0.07896314561367035,-0.10767702013254166,9.853643417358398,18303,0.62445068359375,-0.00927734375,-0.00384521484375,0.781005859375,19,0,-1
18304,0,18304,0.07896314561367035,-0.10767702013254166,9.853643417358398,18303,0.62445068359375,-0.00927734375,-0.00384521484375,0.781005859375,19,0,-1
18305,0,18305,0.07896314561367035,-0.10767702013254166,9.853643417358398,18303,0.62445068359375,-0.00927734375,-0.00384521484375,0.781005859375,19,1,-1
18305,0,18305,0.07896314561367035,-0.10767702013254166,9.853643417358398,18303,0.62445068359375,-0.00927734375,-0.00384521484375,0.781005859375,19,0,-1
18306,0,18305,0.07896314561367035,-0.10767702013254166,9.853643417358398,18303,0.62445068359375,-0.00927734375,-0.00384521484375,0.781005859375,19,0,-1
18306,0,18307,0.07896314561367035,-0.10767702013254166,9.853643417358398,18303,0.62445068359375,-0.00927734375,-0.00384521484375,0.781005859375,19,1,-1
18307,0,18308,0.07896314561367035,-0.10767702013254166,9.853643417358398,18307,0.62445068359375,-0.00927734375,-0.00384521484375,0.781005859375,19,1,0
18308,0,18308,0.07896314561367035,-0.10767702013254166,9.853643417358398,18307,0.62445068359375,-0.00927734375,-0.00384521484375,0.781005859375,19,0,-1
18308,0,18310,0.07896314561367035,-0.10767702013254166,9.853643417358398,18309,0.62445068359375,-0.00927734375,-0.00384521484375,0.781005859375,19,1,0
18310,0,18310,0.07896314561367035,-0.10767702013254166,9.853643417358398,18309,0.62445068359375,-0.00927734375,-0.00384521484375,0.781005859375,19,1,-1
18310,0,18310,0.07896314561367035,-0.10767702013254166,9.853643417358398,18309,0.62445068359375,-0.00927734375,-0.00384521484375,0.781005859375,19,0,-1
18310,0,18310,0.07896314561367035,-0.10767702013254166,9.853643417358398,18309,0.62445068359375,-0.00927734375,-0.00384521484375,0.781005859375,19,0,-1
18311,0,18311,0.07896314561367035,-0.10767702013254166,9.853643417358398,18309,0.62445068359375,-0.00927734375,-0.00384521484375,0.781005859375,19,1,-1
18311,0,18313,0.07896314561367035,-0.10767702013254166,9.853643417358398,18312,0.62445068359375,-0.00927734375,-0.00384521484375,0.781005859375,19,1,0
18313,0,18314,0.07896314561367035,-0.10767702013254166,9.853643417358398,18314,0.62445068359375,-0.00927734375,-0.00384521484375,0.781005859375,19,1,0
18314,0,18315,0.07896314561367035,-0.10767702013254166,9.853643417358398,18314,0.62445068359375,-0.00927734375,-0.00384521484375,0.781005859375,19,1,-1
18315,0,18315,0.07896314561367035,-0.10767702013254166,9.853643417358398,18314,0.62445068359375,-0.00927734375,-0.00384521484375,0.781005859375,19,0,-1
18315,0,18315,0.07896314561367035,-0.10767702013254166,9.853643417358398,18314,0.62445068359375,-0.00927734375,-0.00384521484375,0.781005859375,19,0,-1
18315,0,18316,0.07896314561367035,-0.10767702013254166,9.853643417358398,18314,0.62445068359375,-0.00927734375,-0.00384521484375,0.781005859375,19,1,-1
18316,0,18317,0.07896314561367035,-0.10767702013254166,9.853643417358398,18317,0.62445068359375,-0.00927734375,-0.00384521484375,0.781005859375,19,1,0
18317,0,18317,0.07896314561367035,-0.10767702013254166,9.853643417358398,18317,0.62445068359375,-0.00927734375,-0.00384521484375,0.781005859375,19,0,-1
18318,0,18318,0.07896314561367035,-0.10767702013254166,9.853643417358398,18317,0.62445068359375,-0.00927734375,-0.00384521484375,0.781005859375,19,1,-1
18318,0,18318,0.07896314561367035,-0.10767702013254166,9.853643417358398,18317,0.62445068359375,-0.00927734375,-0.00384521484375,0.781005859375,19,0,-1
18319,0,18320,0.07896314561367035,-0.10767702013254166,9.853643417358398,18319,0.62445068359375,-0.00927734375,-0.00384521484375,0.781005859375,19,1,0
